
/home/je6ndar/IoT/mpu6050/build/mpu6050.elf:     file format elf32-littlearm

Sections:
Idx Name          Size      VMA       LMA       File off  Algn
  0 .boot2        00000100  10000000  10000000  00001000  2**0
                  CONTENTS, ALLOC, LOAD, READONLY, CODE
  1 .text         00006aa0  10000100  10000100  00001100  2**3
                  CONTENTS, ALLOC, LOAD, READONLY, CODE
  2 .rodata       000006d0  10006ba0  10006ba0  00007ba0  2**3
                  CONTENTS, ALLOC, LOAD, READONLY, DATA
  3 .binary_info  0000001c  10007270  10007270  00008270  2**2
                  CONTENTS, ALLOC, LOAD, READONLY, DATA
  4 .ram_vector_table 000000c0  20000000  20000000  0000b000  2**2
                  ALLOC
  5 .uninitialized_data 00000000  200000c0  200000c0  0000a0c8  2**0
                  CONTENTS
  6 .data         00001008  200000c0  1000728c  000090c0  2**4
                  CONTENTS, ALLOC, LOAD, READONLY, CODE
  7 .tdata        00000000  200010c8  200010c8  0000a0c8  2**0
                  CONTENTS, ALLOC, LOAD, DATA, THREAD_LOCAL
  8 .tbss         00000000  200010c8  200010c8  00000000  2**0
                  ALLOC, THREAD_LOCAL
  9 .bss          00001078  200010c8  10008294  0000a0c8  2**3
                  ALLOC
 10 .heap         0003dec0  20002140  10008294  0000a140  2**2
                  ALLOC, READONLY
 11 .scratch_x    00000000  20040000  20040000  0000a0c8  2**0
                  CONTENTS
 12 .scratch_y    00000000  20041000  20041000  0000a0c8  2**0
                  CONTENTS
 13 .stack_dummy  00000800  20041000  20041000  0000a0e0  2**5
                  CONTENTS, READONLY
 14 .ARM.attributes 00000028  00000000  00000000  0000a8e0  2**0
                  CONTENTS, READONLY
 15 .comment      0000004d  00000000  00000000  0000a908  2**0
                  CONTENTS, READONLY
 16 .debug_info   00030c0e  00000000  00000000  0000a955  2**0
                  CONTENTS, READONLY, DEBUGGING, OCTETS
 17 .debug_abbrev 00008526  00000000  00000000  0003b563  2**0
                  CONTENTS, READONLY, DEBUGGING, OCTETS
 18 .debug_loc    00026ca9  00000000  00000000  00043a89  2**0
                  CONTENTS, READONLY, DEBUGGING, OCTETS
 19 .debug_aranges 000016b8  00000000  00000000  0006a738  2**3
                  CONTENTS, READONLY, DEBUGGING, OCTETS
 20 .debug_ranges 0000c608  00000000  00000000  0006bdf0  2**3
                  CONTENTS, READONLY, DEBUGGING, OCTETS
 21 .debug_line   00021b2a  00000000  00000000  000783f8  2**0
                  CONTENTS, READONLY, DEBUGGING, OCTETS
 22 .debug_str    00008801  00000000  00000000  00099f22  2**0
                  CONTENTS, READONLY, DEBUGGING, OCTETS
 23 .debug_frame  00003014  00000000  00000000  000a2724  2**2
                  CONTENTS, READONLY, DEBUGGING, OCTETS

/home/je6ndar/IoT/mpu6050/build/mpu6050.elf:     file format elf32-littlearm


Disassembly of section .boot2:

10000000 <__boot2_start__>:
10000000:	4b32b500 	.word	0x4b32b500
10000004:	60582021 	.word	0x60582021
10000008:	21026898 	.word	0x21026898
1000000c:	60984388 	.word	0x60984388
10000010:	611860d8 	.word	0x611860d8
10000014:	4b2e6158 	.word	0x4b2e6158
10000018:	60992100 	.word	0x60992100
1000001c:	61592102 	.word	0x61592102
10000020:	22f02101 	.word	0x22f02101
10000024:	492b5099 	.word	0x492b5099
10000028:	21016019 	.word	0x21016019
1000002c:	20356099 	.word	0x20356099
10000030:	f844f000 	.word	0xf844f000
10000034:	42902202 	.word	0x42902202
10000038:	2106d014 	.word	0x2106d014
1000003c:	f0006619 	.word	0xf0006619
10000040:	6e19f834 	.word	0x6e19f834
10000044:	66192101 	.word	0x66192101
10000048:	66182000 	.word	0x66182000
1000004c:	f000661a 	.word	0xf000661a
10000050:	6e19f82c 	.word	0x6e19f82c
10000054:	6e196e19 	.word	0x6e196e19
10000058:	f0002005 	.word	0xf0002005
1000005c:	2101f82f 	.word	0x2101f82f
10000060:	d1f94208 	.word	0xd1f94208
10000064:	60992100 	.word	0x60992100
10000068:	6019491b 	.word	0x6019491b
1000006c:	60592100 	.word	0x60592100
10000070:	481b491a 	.word	0x481b491a
10000074:	21016001 	.word	0x21016001
10000078:	21eb6099 	.word	0x21eb6099
1000007c:	21a06619 	.word	0x21a06619
10000080:	f0006619 	.word	0xf0006619
10000084:	2100f812 	.word	0x2100f812
10000088:	49166099 	.word	0x49166099
1000008c:	60014814 	.word	0x60014814
10000090:	60992101 	.word	0x60992101
10000094:	2800bc01 	.word	0x2800bc01
10000098:	4700d000 	.word	0x4700d000
1000009c:	49134812 	.word	0x49134812
100000a0:	c8036008 	.word	0xc8036008
100000a4:	8808f380 	.word	0x8808f380
100000a8:	b5034708 	.word	0xb5034708
100000ac:	20046a99 	.word	0x20046a99
100000b0:	d0fb4201 	.word	0xd0fb4201
100000b4:	42012001 	.word	0x42012001
100000b8:	bd03d1f8 	.word	0xbd03d1f8
100000bc:	6618b502 	.word	0x6618b502
100000c0:	f7ff6618 	.word	0xf7ff6618
100000c4:	6e18fff2 	.word	0x6e18fff2
100000c8:	bd026e18 	.word	0xbd026e18
100000cc:	40020000 	.word	0x40020000
100000d0:	18000000 	.word	0x18000000
100000d4:	00070000 	.word	0x00070000
100000d8:	005f0300 	.word	0x005f0300
100000dc:	00002221 	.word	0x00002221
100000e0:	180000f4 	.word	0x180000f4
100000e4:	a0002022 	.word	0xa0002022
100000e8:	10000100 	.word	0x10000100
100000ec:	e000ed08 	.word	0xe000ed08
	...
100000fc:	7a4eb274 	.word	0x7a4eb274

Disassembly of section .text:

10000100 <__VECTOR_TABLE>:
10000100:	20042000 	.word	0x20042000
10000104:	100001f7 	.word	0x100001f7
10000108:	100001c3 	.word	0x100001c3
1000010c:	100001c5 	.word	0x100001c5
10000110:	100001c1 	.word	0x100001c1
10000114:	100001c1 	.word	0x100001c1
10000118:	100001c1 	.word	0x100001c1
1000011c:	100001c1 	.word	0x100001c1
10000120:	100001c1 	.word	0x100001c1
10000124:	100001c1 	.word	0x100001c1
10000128:	100001c1 	.word	0x100001c1
1000012c:	100001c7 	.word	0x100001c7
10000130:	100001c1 	.word	0x100001c1
10000134:	100001c1 	.word	0x100001c1
10000138:	100001c9 	.word	0x100001c9
1000013c:	100001cb 	.word	0x100001cb
10000140:	100001cd 	.word	0x100001cd
10000144:	100001cd 	.word	0x100001cd
10000148:	100001cd 	.word	0x100001cd
1000014c:	100001cd 	.word	0x100001cd
10000150:	100001cd 	.word	0x100001cd
10000154:	100001cd 	.word	0x100001cd
10000158:	100001cd 	.word	0x100001cd
1000015c:	100001cd 	.word	0x100001cd
10000160:	100001cd 	.word	0x100001cd
10000164:	100001cd 	.word	0x100001cd
10000168:	100001cd 	.word	0x100001cd
1000016c:	100001cd 	.word	0x100001cd
10000170:	100001cd 	.word	0x100001cd
10000174:	100001cd 	.word	0x100001cd
10000178:	100001cd 	.word	0x100001cd
1000017c:	100001cd 	.word	0x100001cd
10000180:	100001cd 	.word	0x100001cd
10000184:	100001cd 	.word	0x100001cd
10000188:	100001cd 	.word	0x100001cd
1000018c:	100001cd 	.word	0x100001cd
10000190:	100001cd 	.word	0x100001cd
10000194:	100001cd 	.word	0x100001cd
10000198:	100001cd 	.word	0x100001cd
1000019c:	100001cd 	.word	0x100001cd
100001a0:	100001cd 	.word	0x100001cd
100001a4:	100001cd 	.word	0x100001cd
100001a8:	100001cd 	.word	0x100001cd
100001ac:	100001cd 	.word	0x100001cd
100001b0:	100001cd 	.word	0x100001cd
100001b4:	100001cd 	.word	0x100001cd
100001b8:	100001cd 	.word	0x100001cd
100001bc:	100001cd 	.word	0x100001cd

100001c0 <isr_invalid>:
100001c0:	be00      	bkpt	0x0000

100001c2 <isr_nmi>:
100001c2:	be00      	bkpt	0x0000

100001c4 <isr_hardfault>:
100001c4:	be00      	bkpt	0x0000

100001c6 <isr_svcall>:
100001c6:	be00      	bkpt	0x0000

100001c8 <isr_pendsv>:
100001c8:	be00      	bkpt	0x0000

100001ca <isr_systick>:
100001ca:	be00      	bkpt	0x0000

100001cc <__unhandled_user_irq>:
100001cc:	f3ef 8005 	mrs	r0, IPSR
100001d0:	3810      	subs	r0, #16

100001d2 <unhandled_user_irq_num_in_r0>:
100001d2:	be00      	bkpt	0x0000

100001d4 <binary_info_header>:
100001d4:	7188ebf2 	.word	0x7188ebf2
100001d8:	10007270 	.word	0x10007270
100001dc:	1000728c 	.word	0x1000728c
100001e0:	10000238 	.word	0x10000238
100001e4:	e71aa390 	.word	0xe71aa390

100001e8 <_entry_point>:
100001e8:	481e      	ldr	r0, [pc, #120]	; (10000264 <data_cpy_table+0x2c>)

100001ea <_enter_vtable_in_r0>:
100001ea:	491f      	ldr	r1, [pc, #124]	; (10000268 <data_cpy_table+0x30>)
100001ec:	6008      	str	r0, [r1, #0]
100001ee:	c806      	ldmia	r0!, {r1, r2}
100001f0:	f381 8808 	msr	MSP, r1
100001f4:	4710      	bx	r2

100001f6 <_reset_handler>:
100001f6:	481d      	ldr	r0, [pc, #116]	; (1000026c <data_cpy_table+0x34>)
100001f8:	6800      	ldr	r0, [r0, #0]
100001fa:	2800      	cmp	r0, #0
100001fc:	d001      	beq.n	10000202 <hold_non_core0_in_bootrom+0x4>

100001fe <hold_non_core0_in_bootrom>:
100001fe:	4819      	ldr	r0, [pc, #100]	; (10000264 <data_cpy_table+0x2c>)
10000200:	e7f3      	b.n	100001ea <_enter_vtable_in_r0>
10000202:	a40d      	add	r4, pc, #52	; (adr r4, 10000238 <data_cpy_table>)
10000204:	cc0e      	ldmia	r4!, {r1, r2, r3}
10000206:	2900      	cmp	r1, #0
10000208:	d002      	beq.n	10000210 <hold_non_core0_in_bootrom+0x12>
1000020a:	f000 f812 	bl	10000232 <data_cpy>
1000020e:	e7f9      	b.n	10000204 <hold_non_core0_in_bootrom+0x6>
10000210:	4917      	ldr	r1, [pc, #92]	; (10000270 <data_cpy_table+0x38>)
10000212:	4a18      	ldr	r2, [pc, #96]	; (10000274 <data_cpy_table+0x3c>)
10000214:	2000      	movs	r0, #0
10000216:	e000      	b.n	1000021a <bss_fill_test>

10000218 <bss_fill_loop>:
10000218:	c101      	stmia	r1!, {r0}

1000021a <bss_fill_test>:
1000021a:	4291      	cmp	r1, r2
1000021c:	d1fc      	bne.n	10000218 <bss_fill_loop>

1000021e <platform_entry>:
1000021e:	4916      	ldr	r1, [pc, #88]	; (10000278 <data_cpy_table+0x40>)
10000220:	4788      	blx	r1
10000222:	4916      	ldr	r1, [pc, #88]	; (1000027c <data_cpy_table+0x44>)
10000224:	4788      	blx	r1
10000226:	4916      	ldr	r1, [pc, #88]	; (10000280 <data_cpy_table+0x48>)
10000228:	4788      	blx	r1
1000022a:	be00      	bkpt	0x0000
1000022c:	e7fd      	b.n	1000022a <platform_entry+0xc>

1000022e <data_cpy_loop>:
1000022e:	c901      	ldmia	r1!, {r0}
10000230:	c201      	stmia	r2!, {r0}

10000232 <data_cpy>:
10000232:	429a      	cmp	r2, r3
10000234:	d3fb      	bcc.n	1000022e <data_cpy_loop>
10000236:	4770      	bx	lr

10000238 <data_cpy_table>:
10000238:	1000728c 	.word	0x1000728c
1000023c:	200000c0 	.word	0x200000c0
10000240:	200010c8 	.word	0x200010c8
10000244:	10008294 	.word	0x10008294
10000248:	20040000 	.word	0x20040000
1000024c:	20040000 	.word	0x20040000
10000250:	10008294 	.word	0x10008294
10000254:	20041000 	.word	0x20041000
10000258:	20041000 	.word	0x20041000
1000025c:	00000000 	.word	0x00000000
10000260:	4770      	bx	lr
10000262:	0000      	.short	0x0000
10000264:	00000000 	.word	0x00000000
10000268:	e000ed08 	.word	0xe000ed08
1000026c:	d0000000 	.word	0xd0000000
10000270:	200010c8 	.word	0x200010c8
10000274:	20002140 	.word	0x20002140
10000278:	10003da5 	.word	0x10003da5
1000027c:	100003d9 	.word	0x100003d9
10000280:	10003d9d 	.word	0x10003d9d

10000284 <_init>:
10000284:	b5f8      	push	{r3, r4, r5, r6, r7, lr}
10000286:	46c0      	nop			; (mov r8, r8)

10000288 <__do_global_dtors_aux>:
10000288:	b510      	push	{r4, lr}
1000028a:	4c06      	ldr	r4, [pc, #24]	; (100002a4 <__do_global_dtors_aux+0x1c>)
1000028c:	7823      	ldrb	r3, [r4, #0]
1000028e:	2b00      	cmp	r3, #0
10000290:	d107      	bne.n	100002a2 <__do_global_dtors_aux+0x1a>
10000292:	4b05      	ldr	r3, [pc, #20]	; (100002a8 <__do_global_dtors_aux+0x20>)
10000294:	2b00      	cmp	r3, #0
10000296:	d002      	beq.n	1000029e <__do_global_dtors_aux+0x16>
10000298:	4804      	ldr	r0, [pc, #16]	; (100002ac <__do_global_dtors_aux+0x24>)
1000029a:	e000      	b.n	1000029e <__do_global_dtors_aux+0x16>
1000029c:	bf00      	nop
1000029e:	2301      	movs	r3, #1
100002a0:	7023      	strb	r3, [r4, #0]
100002a2:	bd10      	pop	{r4, pc}
100002a4:	20001450 	.word	0x20001450
100002a8:	00000000 	.word	0x00000000
100002ac:	10006ba0 	.word	0x10006ba0

100002b0 <frame_dummy>:
100002b0:	4b04      	ldr	r3, [pc, #16]	; (100002c4 <frame_dummy+0x14>)
100002b2:	b510      	push	{r4, lr}
100002b4:	2b00      	cmp	r3, #0
100002b6:	d003      	beq.n	100002c0 <frame_dummy+0x10>
100002b8:	4903      	ldr	r1, [pc, #12]	; (100002c8 <frame_dummy+0x18>)
100002ba:	4804      	ldr	r0, [pc, #16]	; (100002cc <frame_dummy+0x1c>)
100002bc:	e000      	b.n	100002c0 <frame_dummy+0x10>
100002be:	bf00      	nop
100002c0:	bd10      	pop	{r4, pc}
100002c2:	46c0      	nop			; (mov r8, r8)
100002c4:	00000000 	.word	0x00000000
100002c8:	20001454 	.word	0x20001454
100002cc:	10006ba0 	.word	0x10006ba0

100002d0 <_Z13mpu6050_resetv>:
100002d0:	b530      	push	{r4, r5, lr}
100002d2:	2400      	movs	r4, #0
100002d4:	b085      	sub	sp, #20
100002d6:	4b0d      	ldr	r3, [pc, #52]	; (1000030c <_Z13mpu6050_resetv+0x3c>)
100002d8:	aa02      	add	r2, sp, #8
100002da:	4d0d      	ldr	r5, [pc, #52]	; (10000310 <_Z13mpu6050_resetv+0x40>)
100002dc:	8013      	strh	r3, [r2, #0]
100002de:	9400      	str	r4, [sp, #0]
100002e0:	2302      	movs	r3, #2
100002e2:	2168      	movs	r1, #104	; 0x68
100002e4:	6828      	ldr	r0, [r5, #0]
100002e6:	f006 fadf 	bl	100068a8 <i2c_write_blocking>
100002ea:	20c8      	movs	r0, #200	; 0xc8
100002ec:	f000 ffb4 	bl	10001258 <sleep_ms>
100002f0:	236b      	movs	r3, #107	; 0x6b
100002f2:	aa03      	add	r2, sp, #12
100002f4:	8013      	strh	r3, [r2, #0]
100002f6:	2168      	movs	r1, #104	; 0x68
100002f8:	6828      	ldr	r0, [r5, #0]
100002fa:	3b69      	subs	r3, #105	; 0x69
100002fc:	9400      	str	r4, [sp, #0]
100002fe:	f006 fad3 	bl	100068a8 <i2c_write_blocking>
10000302:	20c8      	movs	r0, #200	; 0xc8
10000304:	f000 ffa8 	bl	10001258 <sleep_ms>
10000308:	b005      	add	sp, #20
1000030a:	bd30      	pop	{r4, r5, pc}
1000030c:	ffff806b 	.word	0xffff806b
10000310:	20000ff8 	.word	0x20000ff8

10000314 <_Z17mpu6050_configurev>:
10000314:	b530      	push	{r4, r5, lr}
10000316:	2400      	movs	r4, #0
10000318:	b087      	sub	sp, #28
1000031a:	4b10      	ldr	r3, [pc, #64]	; (1000035c <_Z17mpu6050_configurev+0x48>)
1000031c:	4d10      	ldr	r5, [pc, #64]	; (10000360 <_Z17mpu6050_configurev+0x4c>)
1000031e:	aa03      	add	r2, sp, #12
10000320:	8013      	strh	r3, [r2, #0]
10000322:	9400      	str	r4, [sp, #0]
10000324:	2302      	movs	r3, #2
10000326:	2168      	movs	r1, #104	; 0x68
10000328:	6828      	ldr	r0, [r5, #0]
1000032a:	f006 fabd 	bl	100068a8 <i2c_write_blocking>
1000032e:	231b      	movs	r3, #27
10000330:	aa04      	add	r2, sp, #16
10000332:	8013      	strh	r3, [r2, #0]
10000334:	9400      	str	r4, [sp, #0]
10000336:	2168      	movs	r1, #104	; 0x68
10000338:	6828      	ldr	r0, [r5, #0]
1000033a:	3b19      	subs	r3, #25
1000033c:	f006 fab4 	bl	100068a8 <i2c_write_blocking>
10000340:	231a      	movs	r3, #26
10000342:	aa05      	add	r2, sp, #20
10000344:	33ff      	adds	r3, #255	; 0xff
10000346:	8013      	strh	r3, [r2, #0]
10000348:	3b18      	subs	r3, #24
1000034a:	6828      	ldr	r0, [r5, #0]
1000034c:	2168      	movs	r1, #104	; 0x68
1000034e:	9400      	str	r4, [sp, #0]
10000350:	3bff      	subs	r3, #255	; 0xff
10000352:	f006 faa9 	bl	100068a8 <i2c_write_blocking>
10000356:	b007      	add	sp, #28
10000358:	bd30      	pop	{r4, r5, pc}
1000035a:	46c0      	nop			; (mov r8, r8)
1000035c:	0000081c 	.word	0x0000081c
10000360:	20000ff8 	.word	0x20000ff8

10000364 <_Z16mpu6050_read_rawPsS_S_>:
10000364:	b5f0      	push	{r4, r5, r6, r7, lr}
10000366:	46c6      	mov	lr, r8
10000368:	0017      	movs	r7, r2
1000036a:	220f      	movs	r2, #15
1000036c:	233b      	movs	r3, #59	; 0x3b
1000036e:	b500      	push	{lr}
10000370:	b088      	sub	sp, #32
10000372:	446a      	add	r2, sp
10000374:	7013      	strb	r3, [r2, #0]
10000376:	4b17      	ldr	r3, [pc, #92]	; (100003d4 <_Z16mpu6050_read_rawPsS_S_+0x70>)
10000378:	0006      	movs	r6, r0
1000037a:	4698      	mov	r8, r3
1000037c:	2301      	movs	r3, #1
1000037e:	4640      	mov	r0, r8
10000380:	9300      	str	r3, [sp, #0]
10000382:	000d      	movs	r5, r1
10000384:	6800      	ldr	r0, [r0, #0]
10000386:	2168      	movs	r1, #104	; 0x68
10000388:	f006 fa8e 	bl	100068a8 <i2c_write_blocking>
1000038c:	4643      	mov	r3, r8
1000038e:	6818      	ldr	r0, [r3, #0]
10000390:	2300      	movs	r3, #0
10000392:	ac04      	add	r4, sp, #16
10000394:	9300      	str	r3, [sp, #0]
10000396:	0022      	movs	r2, r4
10000398:	2168      	movs	r1, #104	; 0x68
1000039a:	330e      	adds	r3, #14
1000039c:	f006 faec 	bl	10006978 <i2c_read_blocking>
100003a0:	8823      	ldrh	r3, [r4, #0]
100003a2:	ba5b      	rev16	r3, r3
100003a4:	8033      	strh	r3, [r6, #0]
100003a6:	8863      	ldrh	r3, [r4, #2]
100003a8:	ba5b      	rev16	r3, r3
100003aa:	8073      	strh	r3, [r6, #2]
100003ac:	88a3      	ldrh	r3, [r4, #4]
100003ae:	ba5b      	rev16	r3, r3
100003b0:	80b3      	strh	r3, [r6, #4]
100003b2:	88e3      	ldrh	r3, [r4, #6]
100003b4:	ba5b      	rev16	r3, r3
100003b6:	803b      	strh	r3, [r7, #0]
100003b8:	8923      	ldrh	r3, [r4, #8]
100003ba:	ba5b      	rev16	r3, r3
100003bc:	802b      	strh	r3, [r5, #0]
100003be:	8963      	ldrh	r3, [r4, #10]
100003c0:	ba5b      	rev16	r3, r3
100003c2:	806b      	strh	r3, [r5, #2]
100003c4:	89a3      	ldrh	r3, [r4, #12]
100003c6:	ba5b      	rev16	r3, r3
100003c8:	80ab      	strh	r3, [r5, #4]
100003ca:	b008      	add	sp, #32
100003cc:	bc80      	pop	{r7}
100003ce:	46b8      	mov	r8, r7
100003d0:	bdf0      	pop	{r4, r5, r6, r7, pc}
100003d2:	46c0      	nop			; (mov r8, r8)
100003d4:	20000ff8 	.word	0x20000ff8

100003d8 <main>:
100003d8:	b5f0      	push	{r4, r5, r6, r7, lr}
100003da:	46c6      	mov	lr, r8
100003dc:	b500      	push	{lr}
100003de:	b092      	sub	sp, #72	; 0x48
100003e0:	f003 fe22 	bl	10004028 <stdio_init_all>
100003e4:	f7ff ff74 	bl	100002d0 <_Z13mpu6050_resetv>
100003e8:	f7ff ff94 	bl	10000314 <_Z17mpu6050_configurev>
100003ec:	2235      	movs	r2, #53	; 0x35
100003ee:	2375      	movs	r3, #117	; 0x75
100003f0:	2500      	movs	r5, #0
100003f2:	446a      	add	r2, sp
100003f4:	ac0d      	add	r4, sp, #52	; 0x34
100003f6:	7013      	strb	r3, [r2, #0]
100003f8:	4e48      	ldr	r6, [pc, #288]	; (1000051c <main+0x144>)
100003fa:	3b74      	subs	r3, #116	; 0x74
100003fc:	7025      	strb	r5, [r4, #0]
100003fe:	9300      	str	r3, [sp, #0]
10000400:	2168      	movs	r1, #104	; 0x68
10000402:	6830      	ldr	r0, [r6, #0]
10000404:	f006 fa50 	bl	100068a8 <i2c_write_blocking>
10000408:	2301      	movs	r3, #1
1000040a:	0022      	movs	r2, r4
1000040c:	2168      	movs	r1, #104	; 0x68
1000040e:	6830      	ldr	r0, [r6, #0]
10000410:	9500      	str	r5, [sp, #0]
10000412:	f006 fab1 	bl	10006978 <i2c_read_blocking>
10000416:	7821      	ldrb	r1, [r4, #0]
10000418:	4841      	ldr	r0, [pc, #260]	; (10000520 <main+0x148>)
1000041a:	f003 fedf 	bl	100041dc <__wrap_printf>
1000041e:	7823      	ldrb	r3, [r4, #0]
10000420:	2b68      	cmp	r3, #104	; 0x68
10000422:	d177      	bne.n	10000514 <main+0x13c>
10000424:	4b3f      	ldr	r3, [pc, #252]	; (10000524 <main+0x14c>)
10000426:	ad10      	add	r5, sp, #64	; 0x40
10000428:	4698      	mov	r8, r3
1000042a:	ac0e      	add	r4, sp, #56	; 0x38
1000042c:	2336      	movs	r3, #54	; 0x36
1000042e:	446b      	add	r3, sp
10000430:	001a      	movs	r2, r3
10000432:	0029      	movs	r1, r5
10000434:	0020      	movs	r0, r4
10000436:	f7ff ff95 	bl	10000364 <_Z16mpu6050_read_rawPsS_S_>
1000043a:	2300      	movs	r3, #0
1000043c:	5ee0      	ldrsh	r0, [r4, r3]
1000043e:	f001 fdaf 	bl	10001fa0 <__wrap___aeabi_i2d>
10000442:	2200      	movs	r2, #0
10000444:	4b38      	ldr	r3, [pc, #224]	; (10000528 <main+0x150>)
10000446:	f001 fd3c 	bl	10001ec2 <__wrap___aeabi_dmul>
1000044a:	f001 fdf1 	bl	10002030 <__wrap___aeabi_d2f>
1000044e:	f002 f943 	bl	100026d8 <__wrap___aeabi_f2d>
10000452:	466b      	mov	r3, sp
10000454:	0006      	movs	r6, r0
10000456:	2036      	movs	r0, #54	; 0x36
10000458:	5e18      	ldrsh	r0, [r3, r0]
1000045a:	000f      	movs	r7, r1
1000045c:	f001 fda0 	bl	10001fa0 <__wrap___aeabi_i2d>
10000460:	2200      	movs	r2, #0
10000462:	4b32      	ldr	r3, [pc, #200]	; (1000052c <main+0x154>)
10000464:	f001 fd0f 	bl	10001e86 <__wrap___aeabi_ddiv>
10000468:	4b31      	ldr	r3, [pc, #196]	; (10000530 <main+0x158>)
1000046a:	4a32      	ldr	r2, [pc, #200]	; (10000534 <main+0x15c>)
1000046c:	f001 fd02 	bl	10001e74 <__wrap___aeabi_dadd>
10000470:	900a      	str	r0, [sp, #40]	; 0x28
10000472:	910b      	str	r1, [sp, #44]	; 0x2c
10000474:	2304      	movs	r3, #4
10000476:	5ee8      	ldrsh	r0, [r5, r3]
10000478:	f001 fd92 	bl	10001fa0 <__wrap___aeabi_i2d>
1000047c:	4b2e      	ldr	r3, [pc, #184]	; (10000538 <main+0x160>)
1000047e:	2200      	movs	r2, #0
10000480:	f001 fd01 	bl	10001e86 <__wrap___aeabi_ddiv>
10000484:	f001 fdd4 	bl	10002030 <__wrap___aeabi_d2f>
10000488:	f002 f926 	bl	100026d8 <__wrap___aeabi_f2d>
1000048c:	9008      	str	r0, [sp, #32]
1000048e:	9109      	str	r1, [sp, #36]	; 0x24
10000490:	2302      	movs	r3, #2
10000492:	5ee8      	ldrsh	r0, [r5, r3]
10000494:	f001 fd84 	bl	10001fa0 <__wrap___aeabi_i2d>
10000498:	4b27      	ldr	r3, [pc, #156]	; (10000538 <main+0x160>)
1000049a:	2200      	movs	r2, #0
1000049c:	f001 fcf3 	bl	10001e86 <__wrap___aeabi_ddiv>
100004a0:	f001 fdc6 	bl	10002030 <__wrap___aeabi_d2f>
100004a4:	f002 f918 	bl	100026d8 <__wrap___aeabi_f2d>
100004a8:	9006      	str	r0, [sp, #24]
100004aa:	9107      	str	r1, [sp, #28]
100004ac:	2300      	movs	r3, #0
100004ae:	5ee8      	ldrsh	r0, [r5, r3]
100004b0:	f001 fd76 	bl	10001fa0 <__wrap___aeabi_i2d>
100004b4:	4b20      	ldr	r3, [pc, #128]	; (10000538 <main+0x160>)
100004b6:	2200      	movs	r2, #0
100004b8:	f001 fce5 	bl	10001e86 <__wrap___aeabi_ddiv>
100004bc:	f001 fdb8 	bl	10002030 <__wrap___aeabi_d2f>
100004c0:	f002 f90a 	bl	100026d8 <__wrap___aeabi_f2d>
100004c4:	9004      	str	r0, [sp, #16]
100004c6:	9105      	str	r1, [sp, #20]
100004c8:	2304      	movs	r3, #4
100004ca:	5ee0      	ldrsh	r0, [r4, r3]
100004cc:	f001 fd68 	bl	10001fa0 <__wrap___aeabi_i2d>
100004d0:	4b15      	ldr	r3, [pc, #84]	; (10000528 <main+0x150>)
100004d2:	2200      	movs	r2, #0
100004d4:	f001 fcf5 	bl	10001ec2 <__wrap___aeabi_dmul>
100004d8:	f001 fdaa 	bl	10002030 <__wrap___aeabi_d2f>
100004dc:	f002 f8fc 	bl	100026d8 <__wrap___aeabi_f2d>
100004e0:	9002      	str	r0, [sp, #8]
100004e2:	9103      	str	r1, [sp, #12]
100004e4:	2302      	movs	r3, #2
100004e6:	5ee0      	ldrsh	r0, [r4, r3]
100004e8:	f001 fd5a 	bl	10001fa0 <__wrap___aeabi_i2d>
100004ec:	2200      	movs	r2, #0
100004ee:	4b0e      	ldr	r3, [pc, #56]	; (10000528 <main+0x150>)
100004f0:	f001 fce7 	bl	10001ec2 <__wrap___aeabi_dmul>
100004f4:	f001 fd9c 	bl	10002030 <__wrap___aeabi_d2f>
100004f8:	f002 f8ee 	bl	100026d8 <__wrap___aeabi_f2d>
100004fc:	0032      	movs	r2, r6
100004fe:	9000      	str	r0, [sp, #0]
10000500:	9101      	str	r1, [sp, #4]
10000502:	003b      	movs	r3, r7
10000504:	4640      	mov	r0, r8
10000506:	f003 fe69 	bl	100041dc <__wrap_printf>
1000050a:	20fa      	movs	r0, #250	; 0xfa
1000050c:	0040      	lsls	r0, r0, #1
1000050e:	f000 fea3 	bl	10001258 <sleep_ms>
10000512:	e78b      	b.n	1000042c <main+0x54>
10000514:	4809      	ldr	r0, [pc, #36]	; (1000053c <main+0x164>)
10000516:	f003 fdd7 	bl	100040c8 <__wrap_puts>
1000051a:	e7fe      	b.n	1000051a <main+0x142>
1000051c:	20000ff8 	.word	0x20000ff8
10000520:	10006ba0 	.word	0x10006ba0
10000524:	10006bd0 	.word	0x10006bd0
10000528:	3f200000 	.word	0x3f200000
1000052c:	40754000 	.word	0x40754000
10000530:	404243d7 	.word	0x404243d7
10000534:	0a3d70a4 	.word	0x0a3d70a4
10000538:	40606000 	.word	0x40606000
1000053c:	10006bbc 	.word	0x10006bbc

10000540 <_GLOBAL__sub_I_i2c>:
10000540:	b510      	push	{r4, lr}
10000542:	4802      	ldr	r0, [pc, #8]	; (1000054c <_GLOBAL__sub_I_i2c+0xc>)
10000544:	f000 f804 	bl	10000550 <_ZN10I2CManagerC1Ev>
10000548:	bd10      	pop	{r4, pc}
1000054a:	46c0      	nop			; (mov r8, r8)
1000054c:	200020dc 	.word	0x200020dc

10000550 <_ZN10I2CManagerC1Ev>:
10000550:	2310      	movs	r3, #16
10000552:	b510      	push	{r4, lr}
10000554:	0004      	movs	r4, r0
10000556:	6003      	str	r3, [r0, #0]
10000558:	3301      	adds	r3, #1
1000055a:	6043      	str	r3, [r0, #4]
1000055c:	3380      	adds	r3, #128	; 0x80
1000055e:	33ff      	adds	r3, #255	; 0xff
10000560:	6083      	str	r3, [r0, #8]
10000562:	4907      	ldr	r1, [pc, #28]	; (10000580 <_ZN10I2CManagerC1Ev+0x30>)
10000564:	4807      	ldr	r0, [pc, #28]	; (10000584 <_ZN10I2CManagerC1Ev+0x34>)
10000566:	f006 f975 	bl	10006854 <i2c_init>
1000056a:	6820      	ldr	r0, [r4, #0]
1000056c:	2103      	movs	r1, #3
1000056e:	f000 f80b 	bl	10000588 <gpio_set_function>
10000572:	6860      	ldr	r0, [r4, #4]
10000574:	2103      	movs	r1, #3
10000576:	f000 f807 	bl	10000588 <gpio_set_function>
1000057a:	0020      	movs	r0, r4
1000057c:	bd10      	pop	{r4, pc}
1000057e:	46c0      	nop			; (mov r8, r8)
10000580:	00061a80 	.word	0x00061a80
10000584:	200010b8 	.word	0x200010b8

10000588 <gpio_set_function>:
10000588:	b510      	push	{r4, lr}
1000058a:	2440      	movs	r4, #64	; 0x40
1000058c:	4a08      	ldr	r2, [pc, #32]	; (100005b0 <gpio_set_function+0x28>)
1000058e:	0083      	lsls	r3, r0, #2
10000590:	189a      	adds	r2, r3, r2
10000592:	6812      	ldr	r2, [r2, #0]
10000594:	00c0      	lsls	r0, r0, #3
10000596:	4054      	eors	r4, r2
10000598:	22c0      	movs	r2, #192	; 0xc0
1000059a:	4022      	ands	r2, r4
1000059c:	4c05      	ldr	r4, [pc, #20]	; (100005b4 <gpio_set_function+0x2c>)
1000059e:	46a4      	mov	ip, r4
100005a0:	4463      	add	r3, ip
100005a2:	601a      	str	r2, [r3, #0]
100005a4:	4b04      	ldr	r3, [pc, #16]	; (100005b8 <gpio_set_function+0x30>)
100005a6:	469c      	mov	ip, r3
100005a8:	4460      	add	r0, ip
100005aa:	6041      	str	r1, [r0, #4]
100005ac:	bd10      	pop	{r4, pc}
100005ae:	46c0      	nop			; (mov r8, r8)
100005b0:	4001c004 	.word	0x4001c004
100005b4:	4001d004 	.word	0x4001d004
100005b8:	40014000 	.word	0x40014000

100005bc <rp2040_chip_version>:
100005bc:	2380      	movs	r3, #128	; 0x80
100005be:	05db      	lsls	r3, r3, #23
100005c0:	6818      	ldr	r0, [r3, #0]
100005c2:	0f00      	lsrs	r0, r0, #28
100005c4:	4770      	bx	lr
100005c6:	46c0      	nop			; (mov r8, r8)

100005c8 <panic>:
100005c8:	b40f      	push	{r0, r1, r2, r3}
100005ca:	b500      	push	{lr}
100005cc:	4808      	ldr	r0, [pc, #32]	; (100005f0 <panic+0x28>)
100005ce:	b083      	sub	sp, #12
100005d0:	f003 fd7a 	bl	100040c8 <__wrap_puts>
100005d4:	9b04      	ldr	r3, [sp, #16]
100005d6:	2b00      	cmp	r3, #0
100005d8:	d007      	beq.n	100005ea <panic+0x22>
100005da:	a905      	add	r1, sp, #20
100005dc:	0018      	movs	r0, r3
100005de:	9101      	str	r1, [sp, #4]
100005e0:	f003 fbc2 	bl	10003d68 <weak_raw_vprintf>
100005e4:	4803      	ldr	r0, [pc, #12]	; (100005f4 <panic+0x2c>)
100005e6:	f003 fd6f 	bl	100040c8 <__wrap_puts>
100005ea:	2001      	movs	r0, #1
100005ec:	f003 fbd4 	bl	10003d98 <_exit>
100005f0:	10006c3c 	.word	0x10006c3c
100005f4:	10006bb8 	.word	0x10006bb8

100005f8 <hw_claim_or_assert>:
100005f8:	b570      	push	{r4, r5, r6, lr}
100005fa:	f3ef 8c10 	mrs	ip, PRIMASK
100005fe:	b672      	cpsid	i
10000600:	4d0d      	ldr	r5, [pc, #52]	; (10000638 <hw_claim_or_assert+0x40>)
10000602:	682b      	ldr	r3, [r5, #0]
10000604:	2b00      	cmp	r3, #0
10000606:	d0fc      	beq.n	10000602 <hw_claim_or_assert+0xa>
10000608:	f3bf 8f5f 	dmb	sy
1000060c:	2407      	movs	r4, #7
1000060e:	08cb      	lsrs	r3, r1, #3
10000610:	18c6      	adds	r6, r0, r3
10000612:	5cc0      	ldrb	r0, [r0, r3]
10000614:	2301      	movs	r3, #1
10000616:	400c      	ands	r4, r1
10000618:	40a3      	lsls	r3, r4
1000061a:	001c      	movs	r4, r3
1000061c:	4004      	ands	r4, r0
1000061e:	4203      	tst	r3, r0
10000620:	d107      	bne.n	10000632 <hw_claim_or_assert+0x3a>
10000622:	4303      	orrs	r3, r0
10000624:	7033      	strb	r3, [r6, #0]
10000626:	f3bf 8f5f 	dmb	sy
1000062a:	602c      	str	r4, [r5, #0]
1000062c:	f38c 8810 	msr	PRIMASK, ip
10000630:	bd70      	pop	{r4, r5, r6, pc}
10000632:	0010      	movs	r0, r2
10000634:	f7ff ffc8 	bl	100005c8 <panic>
10000638:	d000012c 	.word	0xd000012c

1000063c <hw_claim_unused_from_range>:
1000063c:	b5f8      	push	{r3, r4, r5, r6, r7, lr}
1000063e:	4647      	mov	r7, r8
10000640:	46ce      	mov	lr, r9
10000642:	4688      	mov	r8, r1
10000644:	b580      	push	{r7, lr}
10000646:	f3ef 8c10 	mrs	ip, PRIMASK
1000064a:	b672      	cpsid	i
1000064c:	4d21      	ldr	r5, [pc, #132]	; (100006d4 <hw_claim_unused_from_range+0x98>)
1000064e:	682c      	ldr	r4, [r5, #0]
10000650:	2c00      	cmp	r4, #0
10000652:	d0fc      	beq.n	1000064e <hw_claim_unused_from_range+0x12>
10000654:	f3bf 8f5f 	dmb	sy
10000658:	429a      	cmp	r2, r3
1000065a:	d82c      	bhi.n	100006b6 <hw_claim_unused_from_range+0x7a>
1000065c:	08d4      	lsrs	r4, r2, #3
1000065e:	2707      	movs	r7, #7
10000660:	5d05      	ldrb	r5, [r0, r4]
10000662:	1906      	adds	r6, r0, r4
10000664:	2401      	movs	r4, #1
10000666:	4017      	ands	r7, r2
10000668:	40bc      	lsls	r4, r7
1000066a:	422c      	tst	r4, r5
1000066c:	d01f      	beq.n	100006ae <hw_claim_unused_from_range+0x72>
1000066e:	2107      	movs	r1, #7
10000670:	2701      	movs	r7, #1
10000672:	4689      	mov	r9, r1
10000674:	e009      	b.n	1000068a <hw_claim_unused_from_range+0x4e>
10000676:	08d4      	lsrs	r4, r2, #3
10000678:	5d05      	ldrb	r5, [r0, r4]
1000067a:	1906      	adds	r6, r0, r4
1000067c:	464c      	mov	r4, r9
1000067e:	0039      	movs	r1, r7
10000680:	4014      	ands	r4, r2
10000682:	40a1      	lsls	r1, r4
10000684:	000c      	movs	r4, r1
10000686:	4229      	tst	r1, r5
10000688:	d011      	beq.n	100006ae <hw_claim_unused_from_range+0x72>
1000068a:	3201      	adds	r2, #1
1000068c:	4293      	cmp	r3, r2
1000068e:	d2f2      	bcs.n	10000676 <hw_claim_unused_from_range+0x3a>
10000690:	2001      	movs	r0, #1
10000692:	4240      	negs	r0, r0
10000694:	f3bf 8f5f 	dmb	sy
10000698:	2200      	movs	r2, #0
1000069a:	4b0e      	ldr	r3, [pc, #56]	; (100006d4 <hw_claim_unused_from_range+0x98>)
1000069c:	601a      	str	r2, [r3, #0]
1000069e:	f38c 8810 	msr	PRIMASK, ip
100006a2:	2800      	cmp	r0, #0
100006a4:	db0f      	blt.n	100006c6 <hw_claim_unused_from_range+0x8a>
100006a6:	bcc0      	pop	{r6, r7}
100006a8:	46b9      	mov	r9, r7
100006aa:	46b0      	mov	r8, r6
100006ac:	bdf8      	pop	{r3, r4, r5, r6, r7, pc}
100006ae:	432c      	orrs	r4, r5
100006b0:	0010      	movs	r0, r2
100006b2:	7034      	strb	r4, [r6, #0]
100006b4:	e7ee      	b.n	10000694 <hw_claim_unused_from_range+0x58>
100006b6:	f3bf 8f5f 	dmb	sy
100006ba:	2300      	movs	r3, #0
100006bc:	602b      	str	r3, [r5, #0]
100006be:	f38c 8810 	msr	PRIMASK, ip
100006c2:	2001      	movs	r0, #1
100006c4:	4240      	negs	r0, r0
100006c6:	4643      	mov	r3, r8
100006c8:	2b00      	cmp	r3, #0
100006ca:	d0ec      	beq.n	100006a6 <hw_claim_unused_from_range+0x6a>
100006cc:	9808      	ldr	r0, [sp, #32]
100006ce:	f7ff ff7b 	bl	100005c8 <panic>
100006d2:	46c0      	nop			; (mov r8, r8)
100006d4:	d000012c 	.word	0xd000012c

100006d8 <next_striped_spin_lock_num>:
100006d8:	4a04      	ldr	r2, [pc, #16]	; (100006ec <next_striped_spin_lock_num+0x14>)
100006da:	7810      	ldrb	r0, [r2, #0]
100006dc:	1c43      	adds	r3, r0, #1
100006de:	b2db      	uxtb	r3, r3
100006e0:	2b17      	cmp	r3, #23
100006e2:	d900      	bls.n	100006e6 <next_striped_spin_lock_num+0xe>
100006e4:	2310      	movs	r3, #16
100006e6:	7013      	strb	r3, [r2, #0]
100006e8:	4770      	bx	lr
100006ea:	46c0      	nop			; (mov r8, r8)
100006ec:	20000ffc 	.word	0x20000ffc

100006f0 <spin_lock_claim_unused>:
100006f0:	b500      	push	{lr}
100006f2:	4b05      	ldr	r3, [pc, #20]	; (10000708 <spin_lock_claim_unused+0x18>)
100006f4:	b083      	sub	sp, #12
100006f6:	0001      	movs	r1, r0
100006f8:	9300      	str	r3, [sp, #0]
100006fa:	2218      	movs	r2, #24
100006fc:	231f      	movs	r3, #31
100006fe:	4803      	ldr	r0, [pc, #12]	; (1000070c <spin_lock_claim_unused+0x1c>)
10000700:	f7ff ff9c 	bl	1000063c <hw_claim_unused_from_range>
10000704:	b003      	add	sp, #12
10000706:	bd00      	pop	{pc}
10000708:	10006c4c 	.word	0x10006c4c
1000070c:	20001c78 	.word	0x20001c78

10000710 <spin_locks_reset>:
10000710:	2100      	movs	r1, #0
10000712:	4b04      	ldr	r3, [pc, #16]	; (10000724 <spin_locks_reset+0x14>)
10000714:	4a04      	ldr	r2, [pc, #16]	; (10000728 <spin_locks_reset+0x18>)
10000716:	f3bf 8f5f 	dmb	sy
1000071a:	c302      	stmia	r3!, {r1}
1000071c:	4293      	cmp	r3, r2
1000071e:	d1fa      	bne.n	10000716 <spin_locks_reset+0x6>
10000720:	4770      	bx	lr
10000722:	46c0      	nop			; (mov r8, r8)
10000724:	d0000100 	.word	0xd0000100
10000728:	d0000180 	.word	0xd0000180

1000072c <runtime_init_per_core_irq_priorities>:
1000072c:	4b05      	ldr	r3, [pc, #20]	; (10000744 <runtime_init_per_core_irq_priorities+0x18>)
1000072e:	4a06      	ldr	r2, [pc, #24]	; (10000748 <runtime_init_per_core_irq_priorities+0x1c>)
10000730:	6013      	str	r3, [r2, #0]
10000732:	4a06      	ldr	r2, [pc, #24]	; (1000074c <runtime_init_per_core_irq_priorities+0x20>)
10000734:	6013      	str	r3, [r2, #0]
10000736:	6053      	str	r3, [r2, #4]
10000738:	6093      	str	r3, [r2, #8]
1000073a:	60d3      	str	r3, [r2, #12]
1000073c:	6113      	str	r3, [r2, #16]
1000073e:	6153      	str	r3, [r2, #20]
10000740:	6193      	str	r3, [r2, #24]
10000742:	4770      	bx	lr
10000744:	80808080 	.word	0x80808080
10000748:	e000e400 	.word	0xe000e400
1000074c:	e000e404 	.word	0xe000e404

10000750 <irq_set_enabled>:
10000750:	231f      	movs	r3, #31
10000752:	4018      	ands	r0, r3
10000754:	3b1e      	subs	r3, #30
10000756:	4083      	lsls	r3, r0
10000758:	2900      	cmp	r1, #0
1000075a:	d005      	beq.n	10000768 <irq_set_enabled+0x18>
1000075c:	21c0      	movs	r1, #192	; 0xc0
1000075e:	4a04      	ldr	r2, [pc, #16]	; (10000770 <irq_set_enabled+0x20>)
10000760:	0049      	lsls	r1, r1, #1
10000762:	5053      	str	r3, [r2, r1]
10000764:	6013      	str	r3, [r2, #0]
10000766:	4770      	bx	lr
10000768:	2280      	movs	r2, #128	; 0x80
1000076a:	4901      	ldr	r1, [pc, #4]	; (10000770 <irq_set_enabled+0x20>)
1000076c:	508b      	str	r3, [r1, r2]
1000076e:	e7fa      	b.n	10000766 <irq_set_enabled+0x16>
10000770:	e000e100 	.word	0xe000e100

10000774 <irq_is_enabled>:
10000774:	2201      	movs	r2, #1
10000776:	4082      	lsls	r2, r0
10000778:	4b03      	ldr	r3, [pc, #12]	; (10000788 <irq_is_enabled+0x14>)
1000077a:	681b      	ldr	r3, [r3, #0]
1000077c:	4013      	ands	r3, r2
1000077e:	1e5a      	subs	r2, r3, #1
10000780:	4193      	sbcs	r3, r2
10000782:	b2d8      	uxtb	r0, r3
10000784:	4770      	bx	lr
10000786:	46c0      	nop			; (mov r8, r8)
10000788:	e000e100 	.word	0xe000e100

1000078c <irq_set_pending>:
1000078c:	2301      	movs	r3, #1
1000078e:	4083      	lsls	r3, r0
10000790:	4a01      	ldr	r2, [pc, #4]	; (10000798 <irq_set_pending+0xc>)
10000792:	6013      	str	r3, [r2, #0]
10000794:	4770      	bx	lr
10000796:	46c0      	nop			; (mov r8, r8)
10000798:	e000e200 	.word	0xe000e200

1000079c <irq_has_shared_handler>:
1000079c:	4b08      	ldr	r3, [pc, #32]	; (100007c0 <irq_has_shared_handler+0x24>)
1000079e:	3010      	adds	r0, #16
100007a0:	689b      	ldr	r3, [r3, #8]
100007a2:	0080      	lsls	r0, r0, #2
100007a4:	58c3      	ldr	r3, [r0, r3]
100007a6:	2b00      	cmp	r3, #0
100007a8:	d007      	beq.n	100007ba <irq_has_shared_handler+0x1e>
100007aa:	4a06      	ldr	r2, [pc, #24]	; (100007c4 <irq_has_shared_handler+0x28>)
100007ac:	2000      	movs	r0, #0
100007ae:	1a9b      	subs	r3, r3, r2
100007b0:	222f      	movs	r2, #47	; 0x2f
100007b2:	429a      	cmp	r2, r3
100007b4:	4140      	adcs	r0, r0
100007b6:	b2c0      	uxtb	r0, r0
100007b8:	4770      	bx	lr
100007ba:	2000      	movs	r0, #0
100007bc:	e7fc      	b.n	100007b8 <irq_has_shared_handler+0x1c>
100007be:	46c0      	nop			; (mov r8, r8)
100007c0:	e000ed00 	.word	0xe000ed00
100007c4:	20001000 	.word	0x20001000

100007c8 <irq_set_exclusive_handler>:
100007c8:	b570      	push	{r4, r5, r6, lr}
100007ca:	000d      	movs	r5, r1
100007cc:	f3ef 8610 	mrs	r6, PRIMASK
100007d0:	b672      	cpsid	i
100007d2:	4a0f      	ldr	r2, [pc, #60]	; (10000810 <irq_set_exclusive_handler+0x48>)
100007d4:	6813      	ldr	r3, [r2, #0]
100007d6:	2b00      	cmp	r3, #0
100007d8:	d0fc      	beq.n	100007d4 <irq_set_exclusive_handler+0xc>
100007da:	f3bf 8f5f 	dmb	sy
100007de:	4b0d      	ldr	r3, [pc, #52]	; (10000814 <irq_set_exclusive_handler+0x4c>)
100007e0:	3010      	adds	r0, #16
100007e2:	689b      	ldr	r3, [r3, #8]
100007e4:	0084      	lsls	r4, r0, #2
100007e6:	591b      	ldr	r3, [r3, r4]
100007e8:	4a0b      	ldr	r2, [pc, #44]	; (10000818 <irq_set_exclusive_handler+0x50>)
100007ea:	4293      	cmp	r3, r2
100007ec:	d003      	beq.n	100007f6 <irq_set_exclusive_handler+0x2e>
100007ee:	429d      	cmp	r5, r3
100007f0:	d001      	beq.n	100007f6 <irq_set_exclusive_handler+0x2e>
100007f2:	f000 ffb3 	bl	1000175c <hard_assertion_failure>
100007f6:	4b07      	ldr	r3, [pc, #28]	; (10000814 <irq_set_exclusive_handler+0x4c>)
100007f8:	689b      	ldr	r3, [r3, #8]
100007fa:	511d      	str	r5, [r3, r4]
100007fc:	f3bf 8f5f 	dmb	sy
10000800:	f3bf 8f5f 	dmb	sy
10000804:	2200      	movs	r2, #0
10000806:	4b02      	ldr	r3, [pc, #8]	; (10000810 <irq_set_exclusive_handler+0x48>)
10000808:	601a      	str	r2, [r3, #0]
1000080a:	f386 8810 	msr	PRIMASK, r6
1000080e:	bd70      	pop	{r4, r5, r6, pc}
10000810:	d0000124 	.word	0xd0000124
10000814:	e000ed00 	.word	0xe000ed00
10000818:	100001cd 	.word	0x100001cd

1000081c <irq_add_shared_handler>:
1000081c:	b5f0      	push	{r4, r5, r6, r7, lr}
1000081e:	4657      	mov	r7, sl
10000820:	464e      	mov	r6, r9
10000822:	46de      	mov	lr, fp
10000824:	4645      	mov	r5, r8
10000826:	b5e0      	push	{r5, r6, r7, lr}
10000828:	b085      	sub	sp, #20
1000082a:	0006      	movs	r6, r0
1000082c:	9102      	str	r1, [sp, #8]
1000082e:	0017      	movs	r7, r2
10000830:	f3ef 8b10 	mrs	fp, PRIMASK
10000834:	b672      	cpsid	i
10000836:	4a67      	ldr	r2, [pc, #412]	; (100009d4 <irq_add_shared_handler+0x1b8>)
10000838:	6813      	ldr	r3, [r2, #0]
1000083a:	2b00      	cmp	r3, #0
1000083c:	d0fc      	beq.n	10000838 <irq_add_shared_handler+0x1c>
1000083e:	f3bf 8f5f 	dmb	sy
10000842:	2500      	movs	r5, #0
10000844:	4b64      	ldr	r3, [pc, #400]	; (100009d8 <irq_add_shared_handler+0x1bc>)
10000846:	575d      	ldrsb	r5, [r3, r5]
10000848:	469a      	mov	sl, r3
1000084a:	2d00      	cmp	r5, #0
1000084c:	da00      	bge.n	10000850 <irq_add_shared_handler+0x34>
1000084e:	e0a4      	b.n	1000099a <irq_add_shared_handler+0x17e>
10000850:	006b      	lsls	r3, r5, #1
10000852:	4c62      	ldr	r4, [pc, #392]	; (100009dc <irq_add_shared_handler+0x1c0>)
10000854:	9303      	str	r3, [sp, #12]
10000856:	195b      	adds	r3, r3, r5
10000858:	009b      	lsls	r3, r3, #2
1000085a:	4698      	mov	r8, r3
1000085c:	46a1      	mov	r9, r4
1000085e:	44c1      	add	r9, r8
10000860:	464b      	mov	r3, r9
10000862:	4652      	mov	r2, sl
10000864:	799b      	ldrb	r3, [r3, #6]
10000866:	3610      	adds	r6, #16
10000868:	7013      	strb	r3, [r2, #0]
1000086a:	4b5d      	ldr	r3, [pc, #372]	; (100009e0 <irq_add_shared_handler+0x1c4>)
1000086c:	00b2      	lsls	r2, r6, #2
1000086e:	689b      	ldr	r3, [r3, #8]
10000870:	9201      	str	r2, [sp, #4]
10000872:	5899      	ldr	r1, [r3, r2]
10000874:	1b0b      	subs	r3, r1, r4
10000876:	2b2f      	cmp	r3, #47	; 0x2f
10000878:	d934      	bls.n	100008e4 <irq_add_shared_handler+0xc8>
1000087a:	4b5a      	ldr	r3, [pc, #360]	; (100009e4 <irq_add_shared_handler+0x1c8>)
1000087c:	4299      	cmp	r1, r3
1000087e:	d000      	beq.n	10000882 <irq_add_shared_handler+0x66>
10000880:	e0a4      	b.n	100009cc <irq_add_shared_handler+0x1b0>
10000882:	9b03      	ldr	r3, [sp, #12]
10000884:	4a58      	ldr	r2, [pc, #352]	; (100009e8 <irq_add_shared_handler+0x1cc>)
10000886:	469c      	mov	ip, r3
10000888:	4b58      	ldr	r3, [pc, #352]	; (100009ec <irq_add_shared_handler+0x1d0>)
1000088a:	4465      	add	r5, ip
1000088c:	00ad      	lsls	r5, r5, #2
1000088e:	5363      	strh	r3, [r4, r5]
10000890:	4643      	mov	r3, r8
10000892:	3302      	adds	r3, #2
10000894:	1965      	adds	r5, r4, r5
10000896:	18e4      	adds	r4, r4, r3
10000898:	4b55      	ldr	r3, [pc, #340]	; (100009f0 <irq_add_shared_handler+0x1d4>)
1000089a:	2101      	movs	r1, #1
1000089c:	3b04      	subs	r3, #4
1000089e:	1b1b      	subs	r3, r3, r4
100008a0:	051b      	lsls	r3, r3, #20
100008a2:	0d5b      	lsrs	r3, r3, #21
100008a4:	4313      	orrs	r3, r2
100008a6:	806b      	strh	r3, [r5, #2]
100008a8:	4b52      	ldr	r3, [pc, #328]	; (100009f4 <irq_add_shared_handler+0x1d8>)
100008aa:	71ef      	strb	r7, [r5, #7]
100008ac:	80ab      	strh	r3, [r5, #4]
100008ae:	23ff      	movs	r3, #255	; 0xff
100008b0:	71ab      	strb	r3, [r5, #6]
100008b2:	9b02      	ldr	r3, [sp, #8]
100008b4:	60ab      	str	r3, [r5, #8]
100008b6:	464b      	mov	r3, r9
100008b8:	430b      	orrs	r3, r1
100008ba:	0019      	movs	r1, r3
100008bc:	4b48      	ldr	r3, [pc, #288]	; (100009e0 <irq_add_shared_handler+0x1c4>)
100008be:	9a01      	ldr	r2, [sp, #4]
100008c0:	689b      	ldr	r3, [r3, #8]
100008c2:	5099      	str	r1, [r3, r2]
100008c4:	f3bf 8f5f 	dmb	sy
100008c8:	f3bf 8f5f 	dmb	sy
100008cc:	2200      	movs	r2, #0
100008ce:	4b41      	ldr	r3, [pc, #260]	; (100009d4 <irq_add_shared_handler+0x1b8>)
100008d0:	601a      	str	r2, [r3, #0]
100008d2:	f38b 8810 	msr	PRIMASK, fp
100008d6:	b005      	add	sp, #20
100008d8:	bcf0      	pop	{r4, r5, r6, r7}
100008da:	46bb      	mov	fp, r7
100008dc:	46b2      	mov	sl, r6
100008de:	46a9      	mov	r9, r5
100008e0:	46a0      	mov	r8, r4
100008e2:	bdf0      	pop	{r4, r5, r6, r7, pc}
100008e4:	2001      	movs	r0, #1
100008e6:	000a      	movs	r2, r1
100008e8:	4382      	bics	r2, r0
100008ea:	79d3      	ldrb	r3, [r2, #7]
100008ec:	42bb      	cmp	r3, r7
100008ee:	d82f      	bhi.n	10000950 <irq_add_shared_handler+0x134>
100008f0:	4645      	mov	r5, r8
100008f2:	464e      	mov	r6, r9
100008f4:	0013      	movs	r3, r2
100008f6:	4940      	ldr	r1, [pc, #256]	; (100009f8 <irq_add_shared_handler+0x1dc>)
100008f8:	1b1b      	subs	r3, r3, r4
100008fa:	415b      	adcs	r3, r3
100008fc:	4359      	muls	r1, r3
100008fe:	0d09      	lsrs	r1, r1, #20
10000900:	4b3a      	ldr	r3, [pc, #232]	; (100009ec <irq_add_shared_handler+0x1d0>)
10000902:	5363      	strh	r3, [r4, r5]
10000904:	4b3a      	ldr	r3, [pc, #232]	; (100009f0 <irq_add_shared_handler+0x1d4>)
10000906:	3502      	adds	r5, #2
10000908:	1965      	adds	r5, r4, r5
1000090a:	3b04      	subs	r3, #4
1000090c:	1b5b      	subs	r3, r3, r5
1000090e:	051b      	lsls	r3, r3, #20
10000910:	4d35      	ldr	r5, [pc, #212]	; (100009e8 <irq_add_shared_handler+0x1cc>)
10000912:	0d5b      	lsrs	r3, r3, #21
10000914:	432b      	orrs	r3, r5
10000916:	8073      	strh	r3, [r6, #2]
10000918:	2604      	movs	r6, #4
1000091a:	46b4      	mov	ip, r6
1000091c:	44e0      	add	r8, ip
1000091e:	4444      	add	r4, r8
10000920:	1f13      	subs	r3, r2, #4
10000922:	1b1b      	subs	r3, r3, r4
10000924:	464c      	mov	r4, r9
10000926:	71a1      	strb	r1, [r4, #6]
10000928:	9902      	ldr	r1, [sp, #8]
1000092a:	051b      	lsls	r3, r3, #20
1000092c:	60a1      	str	r1, [r4, #8]
1000092e:	4649      	mov	r1, r9
10000930:	0d5b      	lsrs	r3, r3, #21
10000932:	432b      	orrs	r3, r5
10000934:	80a3      	strh	r3, [r4, #4]
10000936:	4b31      	ldr	r3, [pc, #196]	; (100009fc <irq_add_shared_handler+0x1e0>)
10000938:	71e7      	strb	r7, [r4, #7]
1000093a:	4301      	orrs	r1, r0
1000093c:	6013      	str	r3, [r2, #0]
1000093e:	e7bd      	b.n	100008bc <irq_add_shared_handler+0xa0>
10000940:	0058      	lsls	r0, r3, #1
10000942:	18c0      	adds	r0, r0, r3
10000944:	0080      	lsls	r0, r0, #2
10000946:	1820      	adds	r0, r4, r0
10000948:	79c6      	ldrb	r6, [r0, #7]
1000094a:	42be      	cmp	r6, r7
1000094c:	d92b      	bls.n	100009a6 <irq_add_shared_handler+0x18a>
1000094e:	0002      	movs	r2, r0
10000950:	2306      	movs	r3, #6
10000952:	56d3      	ldrsb	r3, [r2, r3]
10000954:	2b00      	cmp	r3, #0
10000956:	daf3      	bge.n	10000940 <irq_add_shared_handler+0x124>
10000958:	1d10      	adds	r0, r2, #4
1000095a:	4682      	mov	sl, r0
1000095c:	4828      	ldr	r0, [pc, #160]	; (10000a00 <irq_add_shared_handler+0x1e4>)
1000095e:	4680      	mov	r8, r0
10000960:	2604      	movs	r6, #4
10000962:	4276      	negs	r6, r6
10000964:	46b4      	mov	ip, r6
10000966:	44e1      	add	r9, ip
10000968:	4650      	mov	r0, sl
1000096a:	464e      	mov	r6, r9
1000096c:	1a36      	subs	r6, r6, r0
1000096e:	0530      	lsls	r0, r6, #20
10000970:	0d40      	lsrs	r0, r0, #21
10000972:	4682      	mov	sl, r0
10000974:	4656      	mov	r6, sl
10000976:	481c      	ldr	r0, [pc, #112]	; (100009e8 <irq_add_shared_handler+0x1cc>)
10000978:	7195      	strb	r5, [r2, #6]
1000097a:	4306      	orrs	r6, r0
1000097c:	8096      	strh	r6, [r2, #4]
1000097e:	9a03      	ldr	r2, [sp, #12]
10000980:	4694      	mov	ip, r2
10000982:	4465      	add	r5, ip
10000984:	4a1d      	ldr	r2, [pc, #116]	; (100009fc <irq_add_shared_handler+0x1e0>)
10000986:	00ad      	lsls	r5, r5, #2
10000988:	1964      	adds	r4, r4, r5
1000098a:	6022      	str	r2, [r4, #0]
1000098c:	4642      	mov	r2, r8
1000098e:	71a3      	strb	r3, [r4, #6]
10000990:	9b02      	ldr	r3, [sp, #8]
10000992:	80a2      	strh	r2, [r4, #4]
10000994:	71e7      	strb	r7, [r4, #7]
10000996:	60a3      	str	r3, [r4, #8]
10000998:	e790      	b.n	100008bc <irq_add_shared_handler+0xa0>
1000099a:	f000 fedf 	bl	1000175c <hard_assertion_failure>
1000099e:	2500      	movs	r5, #0
100009a0:	4653      	mov	r3, sl
100009a2:	575d      	ldrsb	r5, [r3, r5]
100009a4:	e754      	b.n	10000850 <irq_add_shared_handler+0x34>
100009a6:	1d10      	adds	r0, r2, #4
100009a8:	4682      	mov	sl, r0
100009aa:	8890      	ldrh	r0, [r2, #4]
100009ac:	0540      	lsls	r0, r0, #21
100009ae:	1500      	asrs	r0, r0, #20
100009b0:	4684      	mov	ip, r0
100009b2:	4640      	mov	r0, r8
100009b4:	44d4      	add	ip, sl
100009b6:	4666      	mov	r6, ip
100009b8:	3004      	adds	r0, #4
100009ba:	1820      	adds	r0, r4, r0
100009bc:	1a30      	subs	r0, r6, r0
100009be:	26e0      	movs	r6, #224	; 0xe0
100009c0:	0500      	lsls	r0, r0, #20
100009c2:	0d40      	lsrs	r0, r0, #21
100009c4:	0236      	lsls	r6, r6, #8
100009c6:	4330      	orrs	r0, r6
100009c8:	4680      	mov	r8, r0
100009ca:	e7c9      	b.n	10000960 <irq_add_shared_handler+0x144>
100009cc:	f000 fec6 	bl	1000175c <hard_assertion_failure>
100009d0:	e757      	b.n	10000882 <irq_add_shared_handler+0x66>
100009d2:	46c0      	nop			; (mov r8, r8)
100009d4:	d0000124 	.word	0xd0000124
100009d8:	20002139 	.word	0x20002139
100009dc:	20001000 	.word	0x20001000
100009e0:	e000ed00 	.word	0xe000ed00
100009e4:	100001cd 	.word	0x100001cd
100009e8:	ffffe000 	.word	0xffffe000
100009ec:	ffffa100 	.word	0xffffa100
100009f0:	20001030 	.word	0x20001030
100009f4:	ffffbd01 	.word	0xffffbd01
100009f8:	0000aaaa 	.word	0x0000aaaa
100009fc:	47804801 	.word	0x47804801
10000a00:	0000bd01 	.word	0x0000bd01

10000a04 <irq_add_tail_to_free_list>:
10000a04:	b570      	push	{r4, r5, r6, lr}
10000a06:	2401      	movs	r4, #1
10000a08:	4304      	orrs	r4, r0
10000a0a:	f3ef 8105 	mrs	r1, IPSR
10000a0e:	f3ef 8c10 	mrs	ip, PRIMASK
10000a12:	b672      	cpsid	i
10000a14:	4a21      	ldr	r2, [pc, #132]	; (10000a9c <irq_add_tail_to_free_list+0x98>)
10000a16:	6813      	ldr	r3, [r2, #0]
10000a18:	2b00      	cmp	r3, #0
10000a1a:	d0fc      	beq.n	10000a16 <irq_add_tail_to_free_list+0x12>
10000a1c:	f3bf 8f5f 	dmb	sy
10000a20:	4b1f      	ldr	r3, [pc, #124]	; (10000aa0 <irq_add_tail_to_free_list+0x9c>)
10000a22:	0005      	movs	r5, r0
10000a24:	4a1f      	ldr	r2, [pc, #124]	; (10000aa4 <irq_add_tail_to_free_list+0xa0>)
10000a26:	1aed      	subs	r5, r5, r3
10000a28:	416d      	adcs	r5, r5
10000a2a:	436a      	muls	r2, r5
10000a2c:	0d12      	lsrs	r2, r2, #20
10000a2e:	4d1e      	ldr	r5, [pc, #120]	; (10000aa8 <irq_add_tail_to_free_list+0xa4>)
10000a30:	0089      	lsls	r1, r1, #2
10000a32:	68ae      	ldr	r6, [r5, #8]
10000a34:	b252      	sxtb	r2, r2
10000a36:	5876      	ldr	r6, [r6, r1]
10000a38:	42a6      	cmp	r6, r4
10000a3a:	d01c      	beq.n	10000a76 <irq_add_tail_to_free_list+0x72>
10000a3c:	2106      	movs	r1, #6
10000a3e:	5659      	ldrsb	r1, [r3, r1]
10000a40:	4291      	cmp	r1, r2
10000a42:	d01c      	beq.n	10000a7e <irq_add_tail_to_free_list+0x7a>
10000a44:	2112      	movs	r1, #18
10000a46:	5659      	ldrsb	r1, [r3, r1]
10000a48:	4291      	cmp	r1, r2
10000a4a:	d022      	beq.n	10000a92 <irq_add_tail_to_free_list+0x8e>
10000a4c:	211e      	movs	r1, #30
10000a4e:	5659      	ldrsb	r1, [r3, r1]
10000a50:	4291      	cmp	r1, r2
10000a52:	d020      	beq.n	10000a96 <irq_add_tail_to_free_list+0x92>
10000a54:	212a      	movs	r1, #42	; 0x2a
10000a56:	5659      	ldrsb	r1, [r3, r1]
10000a58:	2403      	movs	r4, #3
10000a5a:	4291      	cmp	r1, r2
10000a5c:	d010      	beq.n	10000a80 <irq_add_tail_to_free_list+0x7c>
10000a5e:	4b13      	ldr	r3, [pc, #76]	; (10000aac <irq_add_tail_to_free_list+0xa8>)
10000a60:	7819      	ldrb	r1, [r3, #0]
10000a62:	701a      	strb	r2, [r3, #0]
10000a64:	7181      	strb	r1, [r0, #6]
10000a66:	f3bf 8f5f 	dmb	sy
10000a6a:	2200      	movs	r2, #0
10000a6c:	4b0b      	ldr	r3, [pc, #44]	; (10000a9c <irq_add_tail_to_free_list+0x98>)
10000a6e:	601a      	str	r2, [r3, #0]
10000a70:	f38c 8810 	msr	PRIMASK, ip
10000a74:	bd70      	pop	{r4, r5, r6, pc}
10000a76:	68ab      	ldr	r3, [r5, #8]
10000a78:	4c0d      	ldr	r4, [pc, #52]	; (10000ab0 <irq_add_tail_to_free_list+0xac>)
10000a7a:	505c      	str	r4, [r3, r1]
10000a7c:	e7ef      	b.n	10000a5e <irq_add_tail_to_free_list+0x5a>
10000a7e:	2400      	movs	r4, #0
10000a80:	0061      	lsls	r1, r4, #1
10000a82:	1909      	adds	r1, r1, r4
10000a84:	0089      	lsls	r1, r1, #2
10000a86:	185b      	adds	r3, r3, r1
10000a88:	21ff      	movs	r1, #255	; 0xff
10000a8a:	7199      	strb	r1, [r3, #6]
10000a8c:	4909      	ldr	r1, [pc, #36]	; (10000ab4 <irq_add_tail_to_free_list+0xb0>)
10000a8e:	8099      	strh	r1, [r3, #4]
10000a90:	e7e5      	b.n	10000a5e <irq_add_tail_to_free_list+0x5a>
10000a92:	2401      	movs	r4, #1
10000a94:	e7f4      	b.n	10000a80 <irq_add_tail_to_free_list+0x7c>
10000a96:	2402      	movs	r4, #2
10000a98:	e7f2      	b.n	10000a80 <irq_add_tail_to_free_list+0x7c>
10000a9a:	46c0      	nop			; (mov r8, r8)
10000a9c:	d0000124 	.word	0xd0000124
10000aa0:	20001000 	.word	0x20001000
10000aa4:	0000aaaa 	.word	0x0000aaaa
10000aa8:	e000ed00 	.word	0xe000ed00
10000aac:	20002139 	.word	0x20002139
10000ab0:	100001cd 	.word	0x100001cd
10000ab4:	ffffbd01 	.word	0xffffbd01

10000ab8 <user_irq_claim_unused>:
10000ab8:	b500      	push	{lr}
10000aba:	4b07      	ldr	r3, [pc, #28]	; (10000ad8 <user_irq_claim_unused+0x20>)
10000abc:	b083      	sub	sp, #12
10000abe:	0001      	movs	r1, r0
10000ac0:	9300      	str	r3, [sp, #0]
10000ac2:	2200      	movs	r2, #0
10000ac4:	2305      	movs	r3, #5
10000ac6:	4805      	ldr	r0, [pc, #20]	; (10000adc <user_irq_claim_unused+0x24>)
10000ac8:	f7ff fdb8 	bl	1000063c <hw_claim_unused_from_range>
10000acc:	2800      	cmp	r0, #0
10000ace:	db01      	blt.n	10000ad4 <user_irq_claim_unused+0x1c>
10000ad0:	231f      	movs	r3, #31
10000ad2:	1a18      	subs	r0, r3, r0
10000ad4:	b003      	add	sp, #12
10000ad6:	bd00      	pop	{pc}
10000ad8:	10006c68 	.word	0x10006c68
10000adc:	2000213d 	.word	0x2000213d

10000ae0 <lock_init>:
10000ae0:	4b02      	ldr	r3, [pc, #8]	; (10000aec <lock_init+0xc>)
10000ae2:	469c      	mov	ip, r3
10000ae4:	4461      	add	r1, ip
10000ae6:	0089      	lsls	r1, r1, #2
10000ae8:	6001      	str	r1, [r0, #0]
10000aea:	4770      	bx	lr
10000aec:	34000040 	.word	0x34000040

10000af0 <runtime_init_mutex>:
10000af0:	b5f8      	push	{r3, r4, r5, r6, r7, lr}
10000af2:	4d13      	ldr	r5, [pc, #76]	; (10000b40 <runtime_init_mutex+0x50>)
10000af4:	4e13      	ldr	r6, [pc, #76]	; (10000b44 <runtime_init_mutex+0x54>)
10000af6:	002c      	movs	r4, r5
10000af8:	27ff      	movs	r7, #255	; 0xff
10000afa:	42b5      	cmp	r5, r6
10000afc:	d21e      	bcs.n	10000b3c <runtime_init_mutex+0x4c>
10000afe:	6823      	ldr	r3, [r4, #0]
10000b00:	2b00      	cmp	r3, #0
10000b02:	d00f      	beq.n	10000b24 <runtime_init_mutex+0x34>
10000b04:	f7ff fde8 	bl	100006d8 <next_striped_spin_lock_num>
10000b08:	0001      	movs	r1, r0
10000b0a:	0028      	movs	r0, r5
10000b0c:	f7ff ffe8 	bl	10000ae0 <lock_init>
10000b10:	80a7      	strh	r7, [r4, #4]
10000b12:	f3bf 8f5f 	dmb	sy
10000b16:	3408      	adds	r4, #8
10000b18:	42b4      	cmp	r4, r6
10000b1a:	d20f      	bcs.n	10000b3c <runtime_init_mutex+0x4c>
10000b1c:	6823      	ldr	r3, [r4, #0]
10000b1e:	0025      	movs	r5, r4
10000b20:	2b00      	cmp	r3, #0
10000b22:	d1ef      	bne.n	10000b04 <runtime_init_mutex+0x14>
10000b24:	f7ff fdd8 	bl	100006d8 <next_striped_spin_lock_num>
10000b28:	0001      	movs	r1, r0
10000b2a:	0028      	movs	r0, r5
10000b2c:	f7ff ffd8 	bl	10000ae0 <lock_init>
10000b30:	7127      	strb	r7, [r4, #4]
10000b32:	f3bf 8f5f 	dmb	sy
10000b36:	3408      	adds	r4, #8
10000b38:	42b4      	cmp	r4, r6
10000b3a:	d3ef      	bcc.n	10000b1c <runtime_init_mutex+0x2c>
10000b3c:	bdf8      	pop	{r3, r4, r5, r6, r7, pc}
10000b3e:	46c0      	nop			; (mov r8, r8)
10000b40:	200010c0 	.word	0x200010c0
10000b44:	200010c8 	.word	0x200010c8

10000b48 <mutex_init>:
10000b48:	b510      	push	{r4, lr}
10000b4a:	0004      	movs	r4, r0
10000b4c:	f7ff fdc4 	bl	100006d8 <next_striped_spin_lock_num>
10000b50:	0001      	movs	r1, r0
10000b52:	0020      	movs	r0, r4
10000b54:	f7ff ffc4 	bl	10000ae0 <lock_init>
10000b58:	23ff      	movs	r3, #255	; 0xff
10000b5a:	7123      	strb	r3, [r4, #4]
10000b5c:	f3bf 8f5f 	dmb	sy
10000b60:	bd10      	pop	{r4, pc}
10000b62:	46c0      	nop			; (mov r8, r8)

10000b64 <critical_section_init>:
10000b64:	b510      	push	{r4, lr}
10000b66:	0004      	movs	r4, r0
10000b68:	2001      	movs	r0, #1
10000b6a:	f7ff fdc1 	bl	100006f0 <spin_lock_claim_unused>
10000b6e:	4b04      	ldr	r3, [pc, #16]	; (10000b80 <critical_section_init+0x1c>)
10000b70:	469c      	mov	ip, r3
10000b72:	4460      	add	r0, ip
10000b74:	0080      	lsls	r0, r0, #2
10000b76:	6020      	str	r0, [r4, #0]
10000b78:	f3bf 8f5f 	dmb	sy
10000b7c:	bd10      	pop	{r4, pc}
10000b7e:	46c0      	nop			; (mov r8, r8)
10000b80:	34000040 	.word	0x34000040

10000b84 <critical_section_init_with_lock_num>:
10000b84:	4b03      	ldr	r3, [pc, #12]	; (10000b94 <critical_section_init_with_lock_num+0x10>)
10000b86:	469c      	mov	ip, r3
10000b88:	4461      	add	r1, ip
10000b8a:	0089      	lsls	r1, r1, #2
10000b8c:	6001      	str	r1, [r0, #0]
10000b8e:	f3bf 8f5f 	dmb	sy
10000b92:	4770      	bx	lr
10000b94:	34000040 	.word	0x34000040

10000b98 <sleep_until_callback>:
10000b98:	4b0a      	ldr	r3, [pc, #40]	; (10000bc4 <sleep_until_callback+0x2c>)
10000b9a:	6819      	ldr	r1, [r3, #0]
10000b9c:	f3ef 8010 	mrs	r0, PRIMASK
10000ba0:	b672      	cpsid	i
10000ba2:	680a      	ldr	r2, [r1, #0]
10000ba4:	2a00      	cmp	r2, #0
10000ba6:	d0fc      	beq.n	10000ba2 <sleep_until_callback+0xa>
10000ba8:	f3bf 8f5f 	dmb	sy
10000bac:	681b      	ldr	r3, [r3, #0]
10000bae:	f3bf 8f5f 	dmb	sy
10000bb2:	2200      	movs	r2, #0
10000bb4:	601a      	str	r2, [r3, #0]
10000bb6:	f380 8810 	msr	PRIMASK, r0
10000bba:	bf40      	sev
10000bbc:	2000      	movs	r0, #0
10000bbe:	2100      	movs	r1, #0
10000bc0:	4770      	bx	lr
10000bc2:	46c0      	nop			; (mov r8, r8)
10000bc4:	20002118 	.word	0x20002118

10000bc8 <alarm_pool_irq_handler>:
10000bc8:	b5f0      	push	{r4, r5, r6, r7, lr}
10000bca:	46de      	mov	lr, fp
10000bcc:	4657      	mov	r7, sl
10000bce:	464e      	mov	r6, r9
10000bd0:	4645      	mov	r5, r8
10000bd2:	b5e0      	push	{r5, r6, r7, lr}
10000bd4:	b085      	sub	sp, #20
10000bd6:	f3ef 8305 	mrs	r3, IPSR
10000bda:	2203      	movs	r2, #3
10000bdc:	401a      	ands	r2, r3
10000bde:	4baf      	ldr	r3, [pc, #700]	; (10000e9c <alarm_pool_irq_handler+0x2d4>)
10000be0:	4691      	mov	r9, r2
10000be2:	0092      	lsls	r2, r2, #2
10000be4:	58d3      	ldr	r3, [r2, r3]
10000be6:	48ae      	ldr	r0, [pc, #696]	; (10000ea0 <alarm_pool_irq_handler+0x2d8>)
10000be8:	4698      	mov	r8, r3
10000bea:	f000 fbe7 	bl	100013bc <timer_time_us_64>
10000bee:	0002      	movs	r2, r0
10000bf0:	000b      	movs	r3, r1
10000bf2:	4648      	mov	r0, r9
10000bf4:	2101      	movs	r1, #1
10000bf6:	4081      	lsls	r1, r0
10000bf8:	0008      	movs	r0, r1
10000bfa:	9103      	str	r1, [sp, #12]
10000bfc:	49a9      	ldr	r1, [pc, #676]	; (10000ea4 <alarm_pool_irq_handler+0x2dc>)
10000bfe:	6008      	str	r0, [r1, #0]
10000c00:	4641      	mov	r1, r8
10000c02:	2008      	movs	r0, #8
10000c04:	5e09      	ldrsh	r1, [r1, r0]
10000c06:	468a      	mov	sl, r1
10000c08:	e025      	b.n	10000c56 <alarm_pool_irq_handler+0x8e>
10000c0a:	4643      	mov	r3, r8
10000c0c:	799b      	ldrb	r3, [r3, #6]
10000c0e:	2b00      	cmp	r3, #0
10000c10:	d000      	beq.n	10000c14 <alarm_pool_irq_handler+0x4c>
10000c12:	e0c7      	b.n	10000da4 <alarm_pool_irq_handler+0x1dc>
10000c14:	4ca2      	ldr	r4, [pc, #648]	; (10000ea0 <alarm_pool_irq_handler+0x2d8>)
10000c16:	0020      	movs	r0, r4
10000c18:	f000 fbd0 	bl	100013bc <timer_time_us_64>
10000c1c:	000b      	movs	r3, r1
10000c1e:	4641      	mov	r1, r8
10000c20:	0002      	movs	r2, r0
10000c22:	2008      	movs	r0, #8
10000c24:	5e09      	ldrsh	r1, [r1, r0]
10000c26:	468a      	mov	sl, r1
10000c28:	2900      	cmp	r1, #0
10000c2a:	da00      	bge.n	10000c2e <alarm_pool_irq_handler+0x66>
10000c2c:	e108      	b.n	10000e40 <alarm_pool_irq_handler+0x278>
10000c2e:	4640      	mov	r0, r8
10000c30:	6940      	ldr	r0, [r0, #20]
10000c32:	464d      	mov	r5, r9
10000c34:	4684      	mov	ip, r0
10000c36:	0049      	lsls	r1, r1, #1
10000c38:	4451      	add	r1, sl
10000c3a:	00c9      	lsls	r1, r1, #3
10000c3c:	3504      	adds	r5, #4
10000c3e:	4461      	add	r1, ip
10000c40:	00ad      	lsls	r5, r5, #2
10000c42:	6888      	ldr	r0, [r1, #8]
10000c44:	68c9      	ldr	r1, [r1, #12]
10000c46:	5128      	str	r0, [r5, r4]
10000c48:	1a80      	subs	r0, r0, r2
10000c4a:	4199      	sbcs	r1, r3
10000c4c:	2900      	cmp	r1, #0
10000c4e:	dd00      	ble.n	10000c52 <alarm_pool_irq_handler+0x8a>
10000c50:	e0f6      	b.n	10000e40 <alarm_pool_irq_handler+0x278>
10000c52:	d100      	bne.n	10000c56 <alarm_pool_irq_handler+0x8e>
10000c54:	e0f1      	b.n	10000e3a <alarm_pool_irq_handler+0x272>
10000c56:	4992      	ldr	r1, [pc, #584]	; (10000ea0 <alarm_pool_irq_handler+0x2d8>)
10000c58:	9803      	ldr	r0, [sp, #12]
10000c5a:	6348      	str	r0, [r1, #52]	; 0x34
10000c5c:	4651      	mov	r1, sl
10000c5e:	2900      	cmp	r1, #0
10000c60:	db44      	blt.n	10000cec <alarm_pool_irq_handler+0x124>
10000c62:	4640      	mov	r0, r8
10000c64:	6940      	ldr	r0, [r0, #20]
10000c66:	0049      	lsls	r1, r1, #1
10000c68:	4683      	mov	fp, r0
10000c6a:	4451      	add	r1, sl
10000c6c:	00c9      	lsls	r1, r1, #3
10000c6e:	448b      	add	fp, r1
10000c70:	4659      	mov	r1, fp
10000c72:	688e      	ldr	r6, [r1, #8]
10000c74:	68cf      	ldr	r7, [r1, #12]
10000c76:	1b92      	subs	r2, r2, r6
10000c78:	41bb      	sbcs	r3, r7
10000c7a:	2b00      	cmp	r3, #0
10000c7c:	db36      	blt.n	10000cec <alarm_pool_irq_handler+0x124>
10000c7e:	2f00      	cmp	r7, #0
10000c80:	da00      	bge.n	10000c84 <alarm_pool_irq_handler+0xbc>
10000c82:	e0be      	b.n	10000e02 <alarm_pool_irq_handler+0x23a>
10000c84:	690b      	ldr	r3, [r1, #16]
10000c86:	4a88      	ldr	r2, [pc, #544]	; (10000ea8 <alarm_pool_irq_handler+0x2e0>)
10000c88:	4293      	cmp	r3, r2
10000c8a:	d100      	bne.n	10000c8e <alarm_pool_irq_handler+0xc6>
10000c8c:	e0df      	b.n	10000e4e <alarm_pool_irq_handler+0x286>
10000c8e:	884a      	ldrh	r2, [r1, #2]
10000c90:	4651      	mov	r1, sl
10000c92:	0408      	lsls	r0, r1, #16
10000c94:	4310      	orrs	r0, r2
10000c96:	465a      	mov	r2, fp
10000c98:	6951      	ldr	r1, [r2, #20]
10000c9a:	4798      	blx	r3
10000c9c:	0004      	movs	r4, r0
10000c9e:	000d      	movs	r5, r1
10000ca0:	0023      	movs	r3, r4
10000ca2:	432b      	orrs	r3, r5
10000ca4:	d100      	bne.n	10000ca8 <alarm_pool_irq_handler+0xe0>
10000ca6:	e0ac      	b.n	10000e02 <alarm_pool_irq_handler+0x23a>
10000ca8:	1b36      	subs	r6, r6, r4
10000caa:	41af      	sbcs	r7, r5
10000cac:	2d00      	cmp	r5, #0
10000cae:	db06      	blt.n	10000cbe <alarm_pool_irq_handler+0xf6>
10000cb0:	487b      	ldr	r0, [pc, #492]	; (10000ea0 <alarm_pool_irq_handler+0x2d8>)
10000cb2:	f000 fb83 	bl	100013bc <timer_time_us_64>
10000cb6:	1900      	adds	r0, r0, r4
10000cb8:	4169      	adcs	r1, r5
10000cba:	0006      	movs	r6, r0
10000cbc:	000f      	movs	r7, r1
10000cbe:	465b      	mov	r3, fp
10000cc0:	609e      	str	r6, [r3, #8]
10000cc2:	60df      	str	r7, [r3, #12]
10000cc4:	2100      	movs	r1, #0
10000cc6:	5e59      	ldrsh	r1, [r3, r1]
10000cc8:	2900      	cmp	r1, #0
10000cca:	db0f      	blt.n	10000cec <alarm_pool_irq_handler+0x124>
10000ccc:	4643      	mov	r3, r8
10000cce:	695b      	ldr	r3, [r3, #20]
10000cd0:	0032      	movs	r2, r6
10000cd2:	469c      	mov	ip, r3
10000cd4:	003b      	movs	r3, r7
10000cd6:	0048      	lsls	r0, r1, #1
10000cd8:	1840      	adds	r0, r0, r1
10000cda:	00c0      	lsls	r0, r0, #3
10000cdc:	4460      	add	r0, ip
10000cde:	6884      	ldr	r4, [r0, #8]
10000ce0:	68c5      	ldr	r5, [r0, #12]
10000ce2:	1b12      	subs	r2, r2, r4
10000ce4:	41ab      	sbcs	r3, r5
10000ce6:	2b00      	cmp	r3, #0
10000ce8:	db00      	blt.n	10000cec <alarm_pool_irq_handler+0x124>
10000cea:	e0b9      	b.n	10000e60 <alarm_pool_irq_handler+0x298>
10000cec:	4643      	mov	r3, r8
10000cee:	889b      	ldrh	r3, [r3, #4]
10000cf0:	b21b      	sxth	r3, r3
10000cf2:	2b00      	cmp	r3, #0
10000cf4:	db89      	blt.n	10000c0a <alarm_pool_irq_handler+0x42>
10000cf6:	4643      	mov	r3, r8
10000cf8:	691a      	ldr	r2, [r3, #16]
10000cfa:	f3ef 8110 	mrs	r1, PRIMASK
10000cfe:	b672      	cpsid	i
10000d00:	6813      	ldr	r3, [r2, #0]
10000d02:	2b00      	cmp	r3, #0
10000d04:	d0fc      	beq.n	10000d00 <alarm_pool_irq_handler+0x138>
10000d06:	f3bf 8f5f 	dmb	sy
10000d0a:	4643      	mov	r3, r8
10000d0c:	889b      	ldrh	r3, [r3, #4]
10000d0e:	4642      	mov	r2, r8
10000d10:	b21b      	sxth	r3, r3
10000d12:	469a      	mov	sl, r3
10000d14:	2301      	movs	r3, #1
10000d16:	425b      	negs	r3, r3
10000d18:	8093      	strh	r3, [r2, #4]
10000d1a:	6913      	ldr	r3, [r2, #16]
10000d1c:	f3bf 8f5f 	dmb	sy
10000d20:	2200      	movs	r2, #0
10000d22:	601a      	str	r2, [r3, #0]
10000d24:	f381 8810 	msr	PRIMASK, r1
10000d28:	4653      	mov	r3, sl
10000d2a:	2b00      	cmp	r3, #0
10000d2c:	da00      	bge.n	10000d30 <alarm_pool_irq_handler+0x168>
10000d2e:	e76c      	b.n	10000c0a <alarm_pool_irq_handler+0x42>
10000d30:	4643      	mov	r3, r8
10000d32:	695b      	ldr	r3, [r3, #20]
10000d34:	469c      	mov	ip, r3
10000d36:	2308      	movs	r3, #8
10000d38:	4443      	add	r3, r8
10000d3a:	469b      	mov	fp, r3
10000d3c:	4653      	mov	r3, sl
10000d3e:	005f      	lsls	r7, r3, #1
10000d40:	4643      	mov	r3, r8
10000d42:	4457      	add	r7, sl
10000d44:	00ff      	lsls	r7, r7, #3
10000d46:	2208      	movs	r2, #8
10000d48:	5e9a      	ldrsh	r2, [r3, r2]
10000d4a:	4467      	add	r7, ip
10000d4c:	465e      	mov	r6, fp
10000d4e:	68bc      	ldr	r4, [r7, #8]
10000d50:	68fd      	ldr	r5, [r7, #12]
10000d52:	2a00      	cmp	r2, #0
10000d54:	db19      	blt.n	10000d8a <alarm_pool_irq_handler+0x1c2>
10000d56:	003b      	movs	r3, r7
10000d58:	9400      	str	r4, [sp, #0]
10000d5a:	9501      	str	r5, [sp, #4]
10000d5c:	4667      	mov	r7, ip
10000d5e:	469c      	mov	ip, r3
10000d60:	e004      	b.n	10000d6c <alarm_pool_irq_handler+0x1a4>
10000d62:	001e      	movs	r6, r3
10000d64:	2300      	movs	r3, #0
10000d66:	5ef2      	ldrsh	r2, [r6, r3]
10000d68:	2a00      	cmp	r2, #0
10000d6a:	db0b      	blt.n	10000d84 <alarm_pool_irq_handler+0x1bc>
10000d6c:	9800      	ldr	r0, [sp, #0]
10000d6e:	9901      	ldr	r1, [sp, #4]
10000d70:	0053      	lsls	r3, r2, #1
10000d72:	189b      	adds	r3, r3, r2
10000d74:	00db      	lsls	r3, r3, #3
10000d76:	18fb      	adds	r3, r7, r3
10000d78:	689c      	ldr	r4, [r3, #8]
10000d7a:	68dd      	ldr	r5, [r3, #12]
10000d7c:	1b00      	subs	r0, r0, r4
10000d7e:	41a9      	sbcs	r1, r5
10000d80:	2900      	cmp	r1, #0
10000d82:	daee      	bge.n	10000d62 <alarm_pool_irq_handler+0x19a>
10000d84:	4663      	mov	r3, ip
10000d86:	46bc      	mov	ip, r7
10000d88:	001f      	movs	r7, r3
10000d8a:	4653      	mov	r3, sl
10000d8c:	8033      	strh	r3, [r6, #0]
10000d8e:	2100      	movs	r1, #0
10000d90:	5e7b      	ldrsh	r3, [r7, r1]
10000d92:	803a      	strh	r2, [r7, #0]
10000d94:	469a      	mov	sl, r3
10000d96:	2b00      	cmp	r3, #0
10000d98:	dad0      	bge.n	10000d3c <alarm_pool_irq_handler+0x174>
10000d9a:	4643      	mov	r3, r8
10000d9c:	799b      	ldrb	r3, [r3, #6]
10000d9e:	2b00      	cmp	r3, #0
10000da0:	d100      	bne.n	10000da4 <alarm_pool_irq_handler+0x1dc>
10000da2:	e737      	b.n	10000c14 <alarm_pool_irq_handler+0x4c>
10000da4:	2300      	movs	r3, #0
10000da6:	4642      	mov	r2, r8
10000da8:	7193      	strb	r3, [r2, #6]
10000daa:	4643      	mov	r3, r8
10000dac:	4645      	mov	r5, r8
10000dae:	2108      	movs	r1, #8
10000db0:	5e59      	ldrsh	r1, [r3, r1]
10000db2:	3508      	adds	r5, #8
10000db4:	1c4b      	adds	r3, r1, #1
10000db6:	d100      	bne.n	10000dba <alarm_pool_irq_handler+0x1f2>
10000db8:	e72c      	b.n	10000c14 <alarm_pool_irq_handler+0x4c>
10000dba:	46c4      	mov	ip, r8
10000dbc:	6954      	ldr	r4, [r2, #20]
10000dbe:	e002      	b.n	10000dc6 <alarm_pool_irq_handler+0x1fe>
10000dc0:	0005      	movs	r5, r0
10000dc2:	1c4b      	adds	r3, r1, #1
10000dc4:	d01b      	beq.n	10000dfe <alarm_pool_irq_handler+0x236>
10000dc6:	004b      	lsls	r3, r1, #1
10000dc8:	185b      	adds	r3, r3, r1
10000dca:	00db      	lsls	r3, r3, #3
10000dcc:	18e0      	adds	r0, r4, r3
10000dce:	000a      	movs	r2, r1
10000dd0:	5ee1      	ldrsh	r1, [r4, r3]
10000dd2:	8843      	ldrh	r3, [r0, #2]
10000dd4:	b21b      	sxth	r3, r3
10000dd6:	2b00      	cmp	r3, #0
10000dd8:	daf2      	bge.n	10000dc0 <alarm_pool_irq_handler+0x1f8>
10000dda:	2601      	movs	r6, #1
10000ddc:	4276      	negs	r6, r6
10000dde:	17f7      	asrs	r7, r6, #31
10000de0:	4663      	mov	r3, ip
10000de2:	6086      	str	r6, [r0, #8]
10000de4:	60c7      	str	r7, [r0, #12]
10000de6:	2608      	movs	r6, #8
10000de8:	5f9b      	ldrsh	r3, [r3, r6]
10000dea:	4293      	cmp	r3, r2
10000dec:	d0e9      	beq.n	10000dc2 <alarm_pool_irq_handler+0x1fa>
10000dee:	4663      	mov	r3, ip
10000df0:	8029      	strh	r1, [r5, #0]
10000df2:	891b      	ldrh	r3, [r3, #8]
10000df4:	8003      	strh	r3, [r0, #0]
10000df6:	4663      	mov	r3, ip
10000df8:	811a      	strh	r2, [r3, #8]
10000dfa:	1c4b      	adds	r3, r1, #1
10000dfc:	d1e3      	bne.n	10000dc6 <alarm_pool_irq_handler+0x1fe>
10000dfe:	46e0      	mov	r8, ip
10000e00:	e708      	b.n	10000c14 <alarm_pool_irq_handler+0x4c>
10000e02:	465b      	mov	r3, fp
10000e04:	4642      	mov	r2, r8
10000e06:	881b      	ldrh	r3, [r3, #0]
10000e08:	8113      	strh	r3, [r2, #8]
10000e0a:	6912      	ldr	r2, [r2, #16]
10000e0c:	f3ef 8310 	mrs	r3, PRIMASK
10000e10:	b672      	cpsid	i
10000e12:	6811      	ldr	r1, [r2, #0]
10000e14:	2900      	cmp	r1, #0
10000e16:	d0fc      	beq.n	10000e12 <alarm_pool_irq_handler+0x24a>
10000e18:	f3bf 8f5f 	dmb	sy
10000e1c:	4642      	mov	r2, r8
10000e1e:	4659      	mov	r1, fp
10000e20:	8852      	ldrh	r2, [r2, #2]
10000e22:	800a      	strh	r2, [r1, #0]
10000e24:	4642      	mov	r2, r8
10000e26:	4651      	mov	r1, sl
10000e28:	8051      	strh	r1, [r2, #2]
10000e2a:	6912      	ldr	r2, [r2, #16]
10000e2c:	f3bf 8f5f 	dmb	sy
10000e30:	2100      	movs	r1, #0
10000e32:	6011      	str	r1, [r2, #0]
10000e34:	f383 8810 	msr	PRIMASK, r3
10000e38:	e758      	b.n	10000cec <alarm_pool_irq_handler+0x124>
10000e3a:	2800      	cmp	r0, #0
10000e3c:	d100      	bne.n	10000e40 <alarm_pool_irq_handler+0x278>
10000e3e:	e70a      	b.n	10000c56 <alarm_pool_irq_handler+0x8e>
10000e40:	b005      	add	sp, #20
10000e42:	bcf0      	pop	{r4, r5, r6, r7}
10000e44:	46bb      	mov	fp, r7
10000e46:	46b2      	mov	sl, r6
10000e48:	46a9      	mov	r9, r5
10000e4a:	46a0      	mov	r8, r4
10000e4c:	bdf0      	pop	{r4, r5, r6, r7, pc}
10000e4e:	694c      	ldr	r4, [r1, #20]
10000e50:	0020      	movs	r0, r4
10000e52:	6923      	ldr	r3, [r4, #16]
10000e54:	4798      	blx	r3
10000e56:	2800      	cmp	r0, #0
10000e58:	d0d3      	beq.n	10000e02 <alarm_pool_irq_handler+0x23a>
10000e5a:	6865      	ldr	r5, [r4, #4]
10000e5c:	6824      	ldr	r4, [r4, #0]
10000e5e:	e71f      	b.n	10000ca0 <alarm_pool_irq_handler+0xd8>
10000e60:	4643      	mov	r3, r8
10000e62:	4664      	mov	r4, ip
10000e64:	0002      	movs	r2, r0
10000e66:	9600      	str	r6, [sp, #0]
10000e68:	9701      	str	r7, [sp, #4]
10000e6a:	8119      	strh	r1, [r3, #8]
10000e6c:	e00c      	b.n	10000e88 <alarm_pool_irq_handler+0x2c0>
10000e6e:	006b      	lsls	r3, r5, #1
10000e70:	195b      	adds	r3, r3, r5
10000e72:	00db      	lsls	r3, r3, #3
10000e74:	18e3      	adds	r3, r4, r3
10000e76:	9800      	ldr	r0, [sp, #0]
10000e78:	9901      	ldr	r1, [sp, #4]
10000e7a:	689e      	ldr	r6, [r3, #8]
10000e7c:	68df      	ldr	r7, [r3, #12]
10000e7e:	1b80      	subs	r0, r0, r6
10000e80:	41b9      	sbcs	r1, r7
10000e82:	2900      	cmp	r1, #0
10000e84:	db04      	blt.n	10000e90 <alarm_pool_irq_handler+0x2c8>
10000e86:	001a      	movs	r2, r3
10000e88:	2300      	movs	r3, #0
10000e8a:	5ed5      	ldrsh	r5, [r2, r3]
10000e8c:	2d00      	cmp	r5, #0
10000e8e:	daee      	bge.n	10000e6e <alarm_pool_irq_handler+0x2a6>
10000e90:	465b      	mov	r3, fp
10000e92:	801d      	strh	r5, [r3, #0]
10000e94:	4653      	mov	r3, sl
10000e96:	8013      	strh	r3, [r2, #0]
10000e98:	e728      	b.n	10000cec <alarm_pool_irq_handler+0x124>
10000e9a:	46c0      	nop			; (mov r8, r8)
10000e9c:	200020fc 	.word	0x200020fc
10000ea0:	40054000 	.word	0x40054000
10000ea4:	4005703c 	.word	0x4005703c
10000ea8:	10000bc9 	.word	0x10000bc9

10000eac <runtime_init_default_alarm_pool>:
10000eac:	b570      	push	{r4, r5, r6, lr}
10000eae:	4c2e      	ldr	r4, [pc, #184]	; (10000f68 <runtime_init_default_alarm_pool+0xbc>)
10000eb0:	6925      	ldr	r5, [r4, #16]
10000eb2:	2d00      	cmp	r5, #0
10000eb4:	d004      	beq.n	10000ec0 <runtime_init_default_alarm_pool+0x14>
10000eb6:	210a      	movs	r1, #10
10000eb8:	482c      	ldr	r0, [pc, #176]	; (10000f6c <runtime_init_default_alarm_pool+0xc0>)
10000eba:	f7ff fe11 	bl	10000ae0 <lock_init>
10000ebe:	bd70      	pop	{r4, r5, r6, pc}
10000ec0:	4e2b      	ldr	r6, [pc, #172]	; (10000f70 <runtime_init_default_alarm_pool+0xc4>)
10000ec2:	2103      	movs	r1, #3
10000ec4:	0030      	movs	r0, r6
10000ec6:	f000 fa6f 	bl	100013a8 <timer_hardware_alarm_claim>
10000eca:	60e6      	str	r6, [r4, #12]
10000ecc:	f7ff fc04 	bl	100006d8 <next_striped_spin_lock_num>
10000ed0:	4b28      	ldr	r3, [pc, #160]	; (10000f74 <runtime_init_default_alarm_pool+0xc8>)
10000ed2:	2203      	movs	r2, #3
10000ed4:	469c      	mov	ip, r3
10000ed6:	23d0      	movs	r3, #208	; 0xd0
10000ed8:	7022      	strb	r2, [r4, #0]
10000eda:	061b      	lsls	r3, r3, #24
10000edc:	681b      	ldr	r3, [r3, #0]
10000ede:	2101      	movs	r1, #1
10000ee0:	7063      	strb	r3, [r4, #1]
10000ee2:	4b25      	ldr	r3, [pc, #148]	; (10000f78 <runtime_init_default_alarm_pool+0xcc>)
10000ee4:	4460      	add	r0, ip
10000ee6:	60a3      	str	r3, [r4, #8]
10000ee8:	230f      	movs	r3, #15
10000eea:	0080      	lsls	r0, r0, #2
10000eec:	6120      	str	r0, [r4, #16]
10000eee:	2002      	movs	r0, #2
10000ef0:	8063      	strh	r3, [r4, #2]
10000ef2:	6963      	ldr	r3, [r4, #20]
10000ef4:	4249      	negs	r1, r1
10000ef6:	80a1      	strh	r1, [r4, #4]
10000ef8:	8019      	strh	r1, [r3, #0]
10000efa:	3102      	adds	r1, #2
10000efc:	8619      	strh	r1, [r3, #48]	; 0x30
10000efe:	3147      	adds	r1, #71	; 0x47
10000f00:	831d      	strh	r5, [r3, #24]
10000f02:	5258      	strh	r0, [r3, r1]
10000f04:	3118      	adds	r1, #24
10000f06:	525a      	strh	r2, [r3, r1]
10000f08:	3275      	adds	r2, #117	; 0x75
10000f0a:	395c      	subs	r1, #92	; 0x5c
10000f0c:	5299      	strh	r1, [r3, r2]
10000f0e:	3218      	adds	r2, #24
10000f10:	3101      	adds	r1, #1
10000f12:	5299      	strh	r1, [r3, r2]
10000f14:	3218      	adds	r2, #24
10000f16:	3101      	adds	r1, #1
10000f18:	5299      	strh	r1, [r3, r2]
10000f1a:	3218      	adds	r2, #24
10000f1c:	3101      	adds	r1, #1
10000f1e:	5299      	strh	r1, [r3, r2]
10000f20:	3508      	adds	r5, #8
10000f22:	3218      	adds	r2, #24
10000f24:	529d      	strh	r5, [r3, r2]
10000f26:	3102      	adds	r1, #2
10000f28:	3218      	adds	r2, #24
10000f2a:	5299      	strh	r1, [r3, r2]
10000f2c:	3218      	adds	r2, #24
10000f2e:	3101      	adds	r1, #1
10000f30:	5299      	strh	r1, [r3, r2]
10000f32:	3218      	adds	r2, #24
10000f34:	3101      	adds	r1, #1
10000f36:	5299      	strh	r1, [r3, r2]
10000f38:	3218      	adds	r2, #24
10000f3a:	3101      	adds	r1, #1
10000f3c:	5299      	strh	r1, [r3, r2]
10000f3e:	3218      	adds	r2, #24
10000f40:	3101      	adds	r1, #1
10000f42:	5299      	strh	r1, [r3, r2]
10000f44:	3218      	adds	r2, #24
10000f46:	3101      	adds	r1, #1
10000f48:	5299      	strh	r1, [r3, r2]
10000f4a:	4b0c      	ldr	r3, [pc, #48]	; (10000f7c <runtime_init_default_alarm_pool+0xd0>)
10000f4c:	490c      	ldr	r1, [pc, #48]	; (10000f80 <runtime_init_default_alarm_pool+0xd4>)
10000f4e:	60dc      	str	r4, [r3, #12]
10000f50:	3001      	adds	r0, #1
10000f52:	6235      	str	r5, [r6, #32]
10000f54:	f7ff fc38 	bl	100007c8 <irq_set_exclusive_handler>
10000f58:	2101      	movs	r1, #1
10000f5a:	2003      	movs	r0, #3
10000f5c:	f7ff fbf8 	bl	10000750 <irq_set_enabled>
10000f60:	4b08      	ldr	r3, [pc, #32]	; (10000f84 <runtime_init_default_alarm_pool+0xd8>)
10000f62:	601d      	str	r5, [r3, #0]
10000f64:	e7a7      	b.n	10000eb6 <runtime_init_default_alarm_pool+0xa>
10000f66:	46c0      	nop			; (mov r8, r8)
10000f68:	20001048 	.word	0x20001048
10000f6c:	20002118 	.word	0x20002118
10000f70:	40054000 	.word	0x40054000
10000f74:	34000040 	.word	0x34000040
10000f78:	0010ffff 	.word	0x0010ffff
10000f7c:	200020fc 	.word	0x200020fc
10000f80:	10000bc9 	.word	0x10000bc9
10000f84:	40056038 	.word	0x40056038

10000f88 <alarm_pool_get_default>:
10000f88:	4800      	ldr	r0, [pc, #0]	; (10000f8c <alarm_pool_get_default+0x4>)
10000f8a:	4770      	bx	lr
10000f8c:	20001048 	.word	0x20001048

10000f90 <alarm_pool_add_alarm_at>:
10000f90:	b5f8      	push	{r3, r4, r5, r6, r7, lr}
10000f92:	001f      	movs	r7, r3
10000f94:	ab08      	add	r3, sp, #32
10000f96:	781b      	ldrb	r3, [r3, #0]
10000f98:	0004      	movs	r4, r0
10000f9a:	0016      	movs	r6, r2
10000f9c:	2b00      	cmp	r3, #0
10000f9e:	d107      	bne.n	10000fb0 <alarm_pool_add_alarm_at+0x20>
10000fa0:	f000 fa14 	bl	100013cc <time_us_64>
10000fa4:	0032      	movs	r2, r6
10000fa6:	003b      	movs	r3, r7
10000fa8:	1a12      	subs	r2, r2, r0
10000faa:	418b      	sbcs	r3, r1
10000fac:	2b00      	cmp	r3, #0
10000fae:	db4c      	blt.n	1000104a <alarm_pool_add_alarm_at+0xba>
10000fb0:	6922      	ldr	r2, [r4, #16]
10000fb2:	f3ef 8010 	mrs	r0, PRIMASK
10000fb6:	b672      	cpsid	i
10000fb8:	6813      	ldr	r3, [r2, #0]
10000fba:	2b00      	cmp	r3, #0
10000fbc:	d0fc      	beq.n	10000fb8 <alarm_pool_add_alarm_at+0x28>
10000fbe:	f3bf 8f5f 	dmb	sy
10000fc2:	6962      	ldr	r2, [r4, #20]
10000fc4:	2302      	movs	r3, #2
10000fc6:	5ee1      	ldrsh	r1, [r4, r3]
10000fc8:	4694      	mov	ip, r2
10000fca:	004b      	lsls	r3, r1, #1
10000fcc:	185b      	adds	r3, r3, r1
10000fce:	00db      	lsls	r3, r3, #3
10000fd0:	4463      	add	r3, ip
10000fd2:	2900      	cmp	r1, #0
10000fd4:	db01      	blt.n	10000fda <alarm_pool_add_alarm_at+0x4a>
10000fd6:	881a      	ldrh	r2, [r3, #0]
10000fd8:	8062      	strh	r2, [r4, #2]
10000fda:	6922      	ldr	r2, [r4, #16]
10000fdc:	f3bf 8f5f 	dmb	sy
10000fe0:	2500      	movs	r5, #0
10000fe2:	6015      	str	r5, [r2, #0]
10000fe4:	f380 8810 	msr	PRIMASK, r0
10000fe8:	2900      	cmp	r1, #0
10000fea:	db30      	blt.n	1000104e <alarm_pool_add_alarm_at+0xbe>
10000fec:	9a06      	ldr	r2, [sp, #24]
10000fee:	609e      	str	r6, [r3, #8]
10000ff0:	60df      	str	r7, [r3, #12]
10000ff2:	611a      	str	r2, [r3, #16]
10000ff4:	9a07      	ldr	r2, [sp, #28]
10000ff6:	615a      	str	r2, [r3, #20]
10000ff8:	885a      	ldrh	r2, [r3, #2]
10000ffa:	3201      	adds	r2, #1
10000ffc:	0452      	lsls	r2, r2, #17
10000ffe:	0c52      	lsrs	r2, r2, #17
10001000:	1c16      	adds	r6, r2, #0
10001002:	2a00      	cmp	r2, #0
10001004:	d01f      	beq.n	10001046 <alarm_pool_add_alarm_at+0xb6>
10001006:	b2b0      	uxth	r0, r6
10001008:	040a      	lsls	r2, r1, #16
1000100a:	805e      	strh	r6, [r3, #2]
1000100c:	4310      	orrs	r0, r2
1000100e:	6926      	ldr	r6, [r4, #16]
10001010:	f3ef 8510 	mrs	r5, PRIMASK
10001014:	b672      	cpsid	i
10001016:	6832      	ldr	r2, [r6, #0]
10001018:	2a00      	cmp	r2, #0
1000101a:	d0fc      	beq.n	10001016 <alarm_pool_add_alarm_at+0x86>
1000101c:	f3bf 8f5f 	dmb	sy
10001020:	88a2      	ldrh	r2, [r4, #4]
10001022:	801a      	strh	r2, [r3, #0]
10001024:	80a1      	strh	r1, [r4, #4]
10001026:	6923      	ldr	r3, [r4, #16]
10001028:	f3bf 8f5f 	dmb	sy
1000102c:	2200      	movs	r2, #0
1000102e:	601a      	str	r2, [r3, #0]
10001030:	f385 8810 	msr	PRIMASK, r5
10001034:	4907      	ldr	r1, [pc, #28]	; (10001054 <alarm_pool_add_alarm_at+0xc4>)
10001036:	7823      	ldrb	r3, [r4, #0]
10001038:	468c      	mov	ip, r1
1000103a:	3201      	adds	r2, #1
1000103c:	409a      	lsls	r2, r3
1000103e:	68e3      	ldr	r3, [r4, #12]
10001040:	4463      	add	r3, ip
10001042:	601a      	str	r2, [r3, #0]
10001044:	bdf8      	pop	{r3, r4, r5, r6, r7, pc}
10001046:	2601      	movs	r6, #1
10001048:	e7dd      	b.n	10001006 <alarm_pool_add_alarm_at+0x76>
1000104a:	2000      	movs	r0, #0
1000104c:	e7fa      	b.n	10001044 <alarm_pool_add_alarm_at+0xb4>
1000104e:	2001      	movs	r0, #1
10001050:	4240      	negs	r0, r0
10001052:	e7f7      	b.n	10001044 <alarm_pool_add_alarm_at+0xb4>
10001054:	0000203c 	.word	0x0000203c

10001058 <alarm_pool_add_alarm_at_force_in_context>:
10001058:	b570      	push	{r4, r5, r6, lr}
1000105a:	46c6      	mov	lr, r8
1000105c:	0001      	movs	r1, r0
1000105e:	b500      	push	{lr}
10001060:	6904      	ldr	r4, [r0, #16]
10001062:	f3ef 8c10 	mrs	ip, PRIMASK
10001066:	b672      	cpsid	i
10001068:	6820      	ldr	r0, [r4, #0]
1000106a:	2800      	cmp	r0, #0
1000106c:	d0fc      	beq.n	10001068 <alarm_pool_add_alarm_at_force_in_context+0x10>
1000106e:	f3bf 8f5f 	dmb	sy
10001072:	2002      	movs	r0, #2
10001074:	5e0d      	ldrsh	r5, [r1, r0]
10001076:	6948      	ldr	r0, [r1, #20]
10001078:	006c      	lsls	r4, r5, #1
1000107a:	4680      	mov	r8, r0
1000107c:	1964      	adds	r4, r4, r5
1000107e:	00e4      	lsls	r4, r4, #3
10001080:	4444      	add	r4, r8
10001082:	2d00      	cmp	r5, #0
10001084:	db01      	blt.n	1000108a <alarm_pool_add_alarm_at_force_in_context+0x32>
10001086:	8820      	ldrh	r0, [r4, #0]
10001088:	8048      	strh	r0, [r1, #2]
1000108a:	6908      	ldr	r0, [r1, #16]
1000108c:	f3bf 8f5f 	dmb	sy
10001090:	2600      	movs	r6, #0
10001092:	6006      	str	r6, [r0, #0]
10001094:	f38c 8810 	msr	PRIMASK, ip
10001098:	2d00      	cmp	r5, #0
1000109a:	db30      	blt.n	100010fe <alarm_pool_add_alarm_at_force_in_context+0xa6>
1000109c:	60e3      	str	r3, [r4, #12]
1000109e:	8863      	ldrh	r3, [r4, #2]
100010a0:	9805      	ldr	r0, [sp, #20]
100010a2:	3301      	adds	r3, #1
100010a4:	6120      	str	r0, [r4, #16]
100010a6:	045b      	lsls	r3, r3, #17
100010a8:	9806      	ldr	r0, [sp, #24]
100010aa:	0c5b      	lsrs	r3, r3, #17
100010ac:	60a2      	str	r2, [r4, #8]
100010ae:	6160      	str	r0, [r4, #20]
100010b0:	1c1a      	adds	r2, r3, #0
100010b2:	2b00      	cmp	r3, #0
100010b4:	d021      	beq.n	100010fa <alarm_pool_add_alarm_at_force_in_context+0xa2>
100010b6:	b290      	uxth	r0, r2
100010b8:	042b      	lsls	r3, r5, #16
100010ba:	8062      	strh	r2, [r4, #2]
100010bc:	4318      	orrs	r0, r3
100010be:	690a      	ldr	r2, [r1, #16]
100010c0:	f3ef 8610 	mrs	r6, PRIMASK
100010c4:	b672      	cpsid	i
100010c6:	6813      	ldr	r3, [r2, #0]
100010c8:	2b00      	cmp	r3, #0
100010ca:	d0fc      	beq.n	100010c6 <alarm_pool_add_alarm_at_force_in_context+0x6e>
100010cc:	f3bf 8f5f 	dmb	sy
100010d0:	888b      	ldrh	r3, [r1, #4]
100010d2:	8023      	strh	r3, [r4, #0]
100010d4:	808d      	strh	r5, [r1, #4]
100010d6:	690b      	ldr	r3, [r1, #16]
100010d8:	f3bf 8f5f 	dmb	sy
100010dc:	2200      	movs	r2, #0
100010de:	601a      	str	r2, [r3, #0]
100010e0:	f386 8810 	msr	PRIMASK, r6
100010e4:	780b      	ldrb	r3, [r1, #0]
100010e6:	3201      	adds	r2, #1
100010e8:	409a      	lsls	r2, r3
100010ea:	68cb      	ldr	r3, [r1, #12]
100010ec:	4905      	ldr	r1, [pc, #20]	; (10001104 <alarm_pool_add_alarm_at_force_in_context+0xac>)
100010ee:	468c      	mov	ip, r1
100010f0:	4463      	add	r3, ip
100010f2:	601a      	str	r2, [r3, #0]
100010f4:	bc40      	pop	{r6}
100010f6:	46b0      	mov	r8, r6
100010f8:	bd70      	pop	{r4, r5, r6, pc}
100010fa:	2201      	movs	r2, #1
100010fc:	e7db      	b.n	100010b6 <alarm_pool_add_alarm_at_force_in_context+0x5e>
100010fe:	2001      	movs	r0, #1
10001100:	4240      	negs	r0, r0
10001102:	e7f7      	b.n	100010f4 <alarm_pool_add_alarm_at_force_in_context+0x9c>
10001104:	0000203c 	.word	0x0000203c

10001108 <alarm_pool_cancel_alarm>:
10001108:	b510      	push	{r4, lr}
1000110a:	8943      	ldrh	r3, [r0, #10]
1000110c:	140a      	asrs	r2, r1, #16
1000110e:	4293      	cmp	r3, r2
10001110:	dd33      	ble.n	1000117a <alarm_pool_cancel_alarm+0x72>
10001112:	0053      	lsls	r3, r2, #1
10001114:	189b      	adds	r3, r3, r2
10001116:	6942      	ldr	r2, [r0, #20]
10001118:	00db      	lsls	r3, r3, #3
1000111a:	4694      	mov	ip, r2
1000111c:	6904      	ldr	r4, [r0, #16]
1000111e:	4463      	add	r3, ip
10001120:	f3ef 8c10 	mrs	ip, PRIMASK
10001124:	b672      	cpsid	i
10001126:	6822      	ldr	r2, [r4, #0]
10001128:	2a00      	cmp	r2, #0
1000112a:	d0fc      	beq.n	10001126 <alarm_pool_cancel_alarm+0x1e>
1000112c:	f3bf 8f5f 	dmb	sy
10001130:	885a      	ldrh	r2, [r3, #2]
10001132:	0409      	lsls	r1, r1, #16
10001134:	b294      	uxth	r4, r2
10001136:	0c09      	lsrs	r1, r1, #16
10001138:	428a      	cmp	r2, r1
1000113a:	d008      	beq.n	1000114e <alarm_pool_cancel_alarm+0x46>
1000113c:	6903      	ldr	r3, [r0, #16]
1000113e:	f3bf 8f5f 	dmb	sy
10001142:	2200      	movs	r2, #0
10001144:	601a      	str	r2, [r3, #0]
10001146:	f38c 8810 	msr	PRIMASK, ip
1000114a:	2000      	movs	r0, #0
1000114c:	bd10      	pop	{r4, pc}
1000114e:	2280      	movs	r2, #128	; 0x80
10001150:	0212      	lsls	r2, r2, #8
10001152:	4314      	orrs	r4, r2
10001154:	805c      	strh	r4, [r3, #2]
10001156:	2301      	movs	r3, #1
10001158:	6902      	ldr	r2, [r0, #16]
1000115a:	7183      	strb	r3, [r0, #6]
1000115c:	f3bf 8f5f 	dmb	sy
10001160:	2100      	movs	r1, #0
10001162:	6011      	str	r1, [r2, #0]
10001164:	f38c 8810 	msr	PRIMASK, ip
10001168:	4905      	ldr	r1, [pc, #20]	; (10001180 <alarm_pool_cancel_alarm+0x78>)
1000116a:	7802      	ldrb	r2, [r0, #0]
1000116c:	468c      	mov	ip, r1
1000116e:	4093      	lsls	r3, r2
10001170:	68c2      	ldr	r2, [r0, #12]
10001172:	2001      	movs	r0, #1
10001174:	4462      	add	r2, ip
10001176:	6013      	str	r3, [r2, #0]
10001178:	e7e8      	b.n	1000114c <alarm_pool_cancel_alarm+0x44>
1000117a:	2000      	movs	r0, #0
1000117c:	e7e6      	b.n	1000114c <alarm_pool_cancel_alarm+0x44>
1000117e:	46c0      	nop			; (mov r8, r8)
10001180:	0000203c 	.word	0x0000203c

10001184 <alarm_pool_core_num>:
10001184:	7840      	ldrb	r0, [r0, #1]
10001186:	4770      	bx	lr

10001188 <sleep_until>:
10001188:	b5f0      	push	{r4, r5, r6, r7, lr}
1000118a:	0004      	movs	r4, r0
1000118c:	000d      	movs	r5, r1
1000118e:	2606      	movs	r6, #6
10001190:	4276      	negs	r6, r6
10001192:	17f7      	asrs	r7, r6, #31
10001194:	46c6      	mov	lr, r8
10001196:	1936      	adds	r6, r6, r4
10001198:	416f      	adcs	r7, r5
1000119a:	b500      	push	{lr}
1000119c:	b082      	sub	sp, #8
1000119e:	428f      	cmp	r7, r1
100011a0:	d814      	bhi.n	100011cc <sleep_until+0x44>
100011a2:	d011      	beq.n	100011c8 <sleep_until+0x40>
100011a4:	f000 f912 	bl	100013cc <time_us_64>
100011a8:	0032      	movs	r2, r6
100011aa:	003b      	movs	r3, r7
100011ac:	1a12      	subs	r2, r2, r0
100011ae:	418b      	sbcs	r3, r1
100011b0:	2b00      	cmp	r3, #0
100011b2:	dc15      	bgt.n	100011e0 <sleep_until+0x58>
100011b4:	2b00      	cmp	r3, #0
100011b6:	d044      	beq.n	10001242 <sleep_until+0xba>
100011b8:	0020      	movs	r0, r4
100011ba:	0029      	movs	r1, r5
100011bc:	f000 f910 	bl	100013e0 <busy_wait_until>
100011c0:	b002      	add	sp, #8
100011c2:	bc80      	pop	{r7}
100011c4:	46b8      	mov	r8, r7
100011c6:	bdf0      	pop	{r4, r5, r6, r7, pc}
100011c8:	4286      	cmp	r6, r0
100011ca:	d9eb      	bls.n	100011a4 <sleep_until+0x1c>
100011cc:	2600      	movs	r6, #0
100011ce:	2700      	movs	r7, #0
100011d0:	f000 f8fc 	bl	100013cc <time_us_64>
100011d4:	0032      	movs	r2, r6
100011d6:	003b      	movs	r3, r7
100011d8:	1a12      	subs	r2, r2, r0
100011da:	418b      	sbcs	r3, r1
100011dc:	2b00      	cmp	r3, #0
100011de:	dde9      	ble.n	100011b4 <sleep_until+0x2c>
100011e0:	f000 f8f4 	bl	100013cc <time_us_64>
100011e4:	0032      	movs	r2, r6
100011e6:	003b      	movs	r3, r7
100011e8:	1a12      	subs	r2, r2, r0
100011ea:	418b      	sbcs	r3, r1
100011ec:	2b00      	cmp	r3, #0
100011ee:	db0a      	blt.n	10001206 <sleep_until+0x7e>
100011f0:	2300      	movs	r3, #0
100011f2:	9301      	str	r3, [sp, #4]
100011f4:	4b14      	ldr	r3, [pc, #80]	; (10001248 <sleep_until+0xc0>)
100011f6:	0032      	movs	r2, r6
100011f8:	9300      	str	r3, [sp, #0]
100011fa:	4814      	ldr	r0, [pc, #80]	; (1000124c <sleep_until+0xc4>)
100011fc:	003b      	movs	r3, r7
100011fe:	f7ff ff2b 	bl	10001058 <alarm_pool_add_alarm_at_force_in_context>
10001202:	2800      	cmp	r0, #0
10001204:	dbd8      	blt.n	100011b8 <sleep_until+0x30>
10001206:	46b0      	mov	r8, r6
10001208:	2600      	movs	r6, #0
1000120a:	46bc      	mov	ip, r7
1000120c:	4a10      	ldr	r2, [pc, #64]	; (10001250 <sleep_until+0xc8>)
1000120e:	4f11      	ldr	r7, [pc, #68]	; (10001254 <sleep_until+0xcc>)
10001210:	6a7b      	ldr	r3, [r7, #36]	; 0x24
10001212:	459c      	cmp	ip, r3
10001214:	d804      	bhi.n	10001220 <sleep_until+0x98>
10001216:	6ab9      	ldr	r1, [r7, #40]	; 0x28
10001218:	4588      	cmp	r8, r1
1000121a:	d9cd      	bls.n	100011b8 <sleep_until+0x30>
1000121c:	459c      	cmp	ip, r3
1000121e:	d1cb      	bne.n	100011b8 <sleep_until+0x30>
10001220:	6811      	ldr	r1, [r2, #0]
10001222:	f3ef 8010 	mrs	r0, PRIMASK
10001226:	b672      	cpsid	i
10001228:	680b      	ldr	r3, [r1, #0]
1000122a:	2b00      	cmp	r3, #0
1000122c:	d0fc      	beq.n	10001228 <sleep_until+0xa0>
1000122e:	f3bf 8f5f 	dmb	sy
10001232:	6813      	ldr	r3, [r2, #0]
10001234:	f3bf 8f5f 	dmb	sy
10001238:	601e      	str	r6, [r3, #0]
1000123a:	f380 8810 	msr	PRIMASK, r0
1000123e:	bf20      	wfe
10001240:	e7e6      	b.n	10001210 <sleep_until+0x88>
10001242:	2a00      	cmp	r2, #0
10001244:	d0b8      	beq.n	100011b8 <sleep_until+0x30>
10001246:	e7cb      	b.n	100011e0 <sleep_until+0x58>
10001248:	10000b99 	.word	0x10000b99
1000124c:	20001048 	.word	0x20001048
10001250:	20002118 	.word	0x20002118
10001254:	40054000 	.word	0x40054000

10001258 <sleep_ms>:
10001258:	b570      	push	{r4, r5, r6, lr}
1000125a:	0006      	movs	r6, r0
1000125c:	f000 f8b6 	bl	100013cc <time_us_64>
10001260:	22fa      	movs	r2, #250	; 0xfa
10001262:	0004      	movs	r4, r0
10001264:	000d      	movs	r5, r1
10001266:	2300      	movs	r3, #0
10001268:	0030      	movs	r0, r6
1000126a:	2100      	movs	r1, #0
1000126c:	0092      	lsls	r2, r2, #2
1000126e:	f001 fa19 	bl	100026a4 <__wrap___aeabi_lmul>
10001272:	1900      	adds	r0, r0, r4
10001274:	4169      	adcs	r1, r5
10001276:	2900      	cmp	r1, #0
10001278:	db02      	blt.n	10001280 <sleep_ms+0x28>
1000127a:	f7ff ff85 	bl	10001188 <sleep_until>
1000127e:	bd70      	pop	{r4, r5, r6, pc}
10001280:	2001      	movs	r0, #1
10001282:	4901      	ldr	r1, [pc, #4]	; (10001288 <sleep_ms+0x30>)
10001284:	4240      	negs	r0, r0
10001286:	e7f8      	b.n	1000127a <sleep_ms+0x22>
10001288:	7fffffff 	.word	0x7fffffff

1000128c <best_effort_wfe_or_timeout>:
1000128c:	b5f8      	push	{r3, r4, r5, r6, r7, lr}
1000128e:	0004      	movs	r4, r0
10001290:	000d      	movs	r5, r1
10001292:	f3ef 8305 	mrs	r3, IPSR
10001296:	2b00      	cmp	r3, #0
10001298:	d00e      	beq.n	100012b8 <best_effort_wfe_or_timeout+0x2c>
1000129a:	4a3f      	ldr	r2, [pc, #252]	; (10001398 <best_effort_wfe_or_timeout+0x10c>)
1000129c:	2000      	movs	r0, #0
1000129e:	6a53      	ldr	r3, [r2, #36]	; 0x24
100012a0:	42ab      	cmp	r3, r5
100012a2:	d303      	bcc.n	100012ac <best_effort_wfe_or_timeout+0x20>
100012a4:	6a92      	ldr	r2, [r2, #40]	; 0x28
100012a6:	3001      	adds	r0, #1
100012a8:	42a2      	cmp	r2, r4
100012aa:	d300      	bcc.n	100012ae <best_effort_wfe_or_timeout+0x22>
100012ac:	bdf8      	pop	{r3, r4, r5, r6, r7, pc}
100012ae:	1ae8      	subs	r0, r5, r3
100012b0:	1e42      	subs	r2, r0, #1
100012b2:	4190      	sbcs	r0, r2
100012b4:	b2c0      	uxtb	r0, r0
100012b6:	e7f9      	b.n	100012ac <best_effort_wfe_or_timeout+0x20>
100012b8:	f000 f888 	bl	100013cc <time_us_64>
100012bc:	0022      	movs	r2, r4
100012be:	002b      	movs	r3, r5
100012c0:	1a12      	subs	r2, r2, r0
100012c2:	418b      	sbcs	r3, r1
100012c4:	2b00      	cmp	r3, #0
100012c6:	dbe8      	blt.n	1000129a <best_effort_wfe_or_timeout+0xe>
100012c8:	4834      	ldr	r0, [pc, #208]	; (1000139c <best_effort_wfe_or_timeout+0x110>)
100012ca:	6902      	ldr	r2, [r0, #16]
100012cc:	f3ef 8110 	mrs	r1, PRIMASK
100012d0:	b672      	cpsid	i
100012d2:	6813      	ldr	r3, [r2, #0]
100012d4:	2b00      	cmp	r3, #0
100012d6:	d0fc      	beq.n	100012d2 <best_effort_wfe_or_timeout+0x46>
100012d8:	f3bf 8f5f 	dmb	sy
100012dc:	6942      	ldr	r2, [r0, #20]
100012de:	2302      	movs	r3, #2
100012e0:	5ec6      	ldrsh	r6, [r0, r3]
100012e2:	4694      	mov	ip, r2
100012e4:	0073      	lsls	r3, r6, #1
100012e6:	199b      	adds	r3, r3, r6
100012e8:	00db      	lsls	r3, r3, #3
100012ea:	4463      	add	r3, ip
100012ec:	2e00      	cmp	r6, #0
100012ee:	db01      	blt.n	100012f4 <best_effort_wfe_or_timeout+0x68>
100012f0:	881a      	ldrh	r2, [r3, #0]
100012f2:	8042      	strh	r2, [r0, #2]
100012f4:	6907      	ldr	r7, [r0, #16]
100012f6:	f3bf 8f5f 	dmb	sy
100012fa:	2200      	movs	r2, #0
100012fc:	603a      	str	r2, [r7, #0]
100012fe:	f381 8810 	msr	PRIMASK, r1
10001302:	2e00      	cmp	r6, #0
10001304:	dbc9      	blt.n	1000129a <best_effort_wfe_or_timeout+0xe>
10001306:	615a      	str	r2, [r3, #20]
10001308:	885a      	ldrh	r2, [r3, #2]
1000130a:	4925      	ldr	r1, [pc, #148]	; (100013a0 <best_effort_wfe_or_timeout+0x114>)
1000130c:	3201      	adds	r2, #1
1000130e:	0452      	lsls	r2, r2, #17
10001310:	0c52      	lsrs	r2, r2, #17
10001312:	609c      	str	r4, [r3, #8]
10001314:	60dd      	str	r5, [r3, #12]
10001316:	6119      	str	r1, [r3, #16]
10001318:	1c17      	adds	r7, r2, #0
1000131a:	2a00      	cmp	r2, #0
1000131c:	d039      	beq.n	10001392 <best_effort_wfe_or_timeout+0x106>
1000131e:	b2b9      	uxth	r1, r7
10001320:	0432      	lsls	r2, r6, #16
10001322:	805f      	strh	r7, [r3, #2]
10001324:	4311      	orrs	r1, r2
10001326:	6907      	ldr	r7, [r0, #16]
10001328:	f3ef 8c10 	mrs	ip, PRIMASK
1000132c:	b672      	cpsid	i
1000132e:	683a      	ldr	r2, [r7, #0]
10001330:	2a00      	cmp	r2, #0
10001332:	d0fc      	beq.n	1000132e <best_effort_wfe_or_timeout+0xa2>
10001334:	f3bf 8f5f 	dmb	sy
10001338:	8882      	ldrh	r2, [r0, #4]
1000133a:	801a      	strh	r2, [r3, #0]
1000133c:	6903      	ldr	r3, [r0, #16]
1000133e:	8086      	strh	r6, [r0, #4]
10001340:	f3bf 8f5f 	dmb	sy
10001344:	2200      	movs	r2, #0
10001346:	601a      	str	r2, [r3, #0]
10001348:	f38c 8810 	msr	PRIMASK, ip
1000134c:	4e15      	ldr	r6, [pc, #84]	; (100013a4 <best_effort_wfe_or_timeout+0x118>)
1000134e:	7803      	ldrb	r3, [r0, #0]
10001350:	46b4      	mov	ip, r6
10001352:	3201      	adds	r2, #1
10001354:	409a      	lsls	r2, r3
10001356:	68c3      	ldr	r3, [r0, #12]
10001358:	4463      	add	r3, ip
1000135a:	601a      	str	r2, [r3, #0]
1000135c:	bf40      	sev
1000135e:	bf20      	wfe
10001360:	4b0d      	ldr	r3, [pc, #52]	; (10001398 <best_effort_wfe_or_timeout+0x10c>)
10001362:	002e      	movs	r6, r5
10001364:	6a5a      	ldr	r2, [r3, #36]	; 0x24
10001366:	4295      	cmp	r5, r2
10001368:	d804      	bhi.n	10001374 <best_effort_wfe_or_timeout+0xe8>
1000136a:	6a9b      	ldr	r3, [r3, #40]	; 0x28
1000136c:	42a3      	cmp	r3, r4
1000136e:	d202      	bcs.n	10001376 <best_effort_wfe_or_timeout+0xea>
10001370:	4295      	cmp	r5, r2
10001372:	d100      	bne.n	10001376 <best_effort_wfe_or_timeout+0xea>
10001374:	bf20      	wfe
10001376:	f7ff fec7 	bl	10001108 <alarm_pool_cancel_alarm>
1000137a:	4a07      	ldr	r2, [pc, #28]	; (10001398 <best_effort_wfe_or_timeout+0x10c>)
1000137c:	2000      	movs	r0, #0
1000137e:	6a53      	ldr	r3, [r2, #36]	; 0x24
10001380:	429e      	cmp	r6, r3
10001382:	d900      	bls.n	10001386 <best_effort_wfe_or_timeout+0xfa>
10001384:	e792      	b.n	100012ac <best_effort_wfe_or_timeout+0x20>
10001386:	6a92      	ldr	r2, [r2, #40]	; 0x28
10001388:	3001      	adds	r0, #1
1000138a:	42a2      	cmp	r2, r4
1000138c:	d300      	bcc.n	10001390 <best_effort_wfe_or_timeout+0x104>
1000138e:	e78d      	b.n	100012ac <best_effort_wfe_or_timeout+0x20>
10001390:	e78d      	b.n	100012ae <best_effort_wfe_or_timeout+0x22>
10001392:	2701      	movs	r7, #1
10001394:	e7c3      	b.n	1000131e <best_effort_wfe_or_timeout+0x92>
10001396:	46c0      	nop			; (mov r8, r8)
10001398:	40054000 	.word	0x40054000
1000139c:	20001048 	.word	0x20001048
100013a0:	10000b99 	.word	0x10000b99
100013a4:	0000203c 	.word	0x0000203c

100013a8 <timer_hardware_alarm_claim>:
100013a8:	b510      	push	{r4, lr}
100013aa:	4a02      	ldr	r2, [pc, #8]	; (100013b4 <timer_hardware_alarm_claim+0xc>)
100013ac:	4802      	ldr	r0, [pc, #8]	; (100013b8 <timer_hardware_alarm_claim+0x10>)
100013ae:	f7ff f923 	bl	100005f8 <hw_claim_or_assert>
100013b2:	bd10      	pop	{r4, pc}
100013b4:	10006c84 	.word	0x10006c84
100013b8:	20001c7c 	.word	0x20001c7c

100013bc <timer_time_us_64>:
100013bc:	0003      	movs	r3, r0
100013be:	6a41      	ldr	r1, [r0, #36]	; 0x24
100013c0:	000a      	movs	r2, r1
100013c2:	6a98      	ldr	r0, [r3, #40]	; 0x28
100013c4:	6a59      	ldr	r1, [r3, #36]	; 0x24
100013c6:	428a      	cmp	r2, r1
100013c8:	d1fa      	bne.n	100013c0 <timer_time_us_64+0x4>
100013ca:	4770      	bx	lr

100013cc <time_us_64>:
100013cc:	4b03      	ldr	r3, [pc, #12]	; (100013dc <time_us_64+0x10>)
100013ce:	6a59      	ldr	r1, [r3, #36]	; 0x24
100013d0:	000a      	movs	r2, r1
100013d2:	6a98      	ldr	r0, [r3, #40]	; 0x28
100013d4:	6a59      	ldr	r1, [r3, #36]	; 0x24
100013d6:	4291      	cmp	r1, r2
100013d8:	d1fa      	bne.n	100013d0 <time_us_64+0x4>
100013da:	4770      	bx	lr
100013dc:	40054000 	.word	0x40054000

100013e0 <busy_wait_until>:
100013e0:	4a06      	ldr	r2, [pc, #24]	; (100013fc <busy_wait_until+0x1c>)
100013e2:	6a53      	ldr	r3, [r2, #36]	; 0x24
100013e4:	4299      	cmp	r1, r3
100013e6:	d8fc      	bhi.n	100013e2 <busy_wait_until+0x2>
100013e8:	d107      	bne.n	100013fa <busy_wait_until+0x1a>
100013ea:	4b04      	ldr	r3, [pc, #16]	; (100013fc <busy_wait_until+0x1c>)
100013ec:	e002      	b.n	100013f4 <busy_wait_until+0x14>
100013ee:	6a5a      	ldr	r2, [r3, #36]	; 0x24
100013f0:	4291      	cmp	r1, r2
100013f2:	d102      	bne.n	100013fa <busy_wait_until+0x1a>
100013f4:	6a9a      	ldr	r2, [r3, #40]	; 0x28
100013f6:	4282      	cmp	r2, r0
100013f8:	d3f9      	bcc.n	100013ee <busy_wait_until+0xe>
100013fa:	4770      	bx	lr
100013fc:	40054000 	.word	0x40054000

10001400 <clock_configure_int_divider>:
10001400:	b5f8      	push	{r3, r4, r5, r6, r7, lr}
10001402:	46de      	mov	lr, fp
10001404:	464e      	mov	r6, r9
10001406:	4657      	mov	r7, sl
10001408:	4645      	mov	r5, r8
1000140a:	b5e0      	push	{r5, r6, r7, lr}
1000140c:	468b      	mov	fp, r1
1000140e:	0005      	movs	r5, r0
10001410:	990a      	ldr	r1, [sp, #40]	; 0x28
10001412:	0018      	movs	r0, r3
10001414:	0016      	movs	r6, r2
10001416:	f000 fae9 	bl	100019ec <__wrap___aeabi_uidiv>
1000141a:	9b0a      	ldr	r3, [sp, #40]	; 0x28
1000141c:	006c      	lsls	r4, r5, #1
1000141e:	021f      	lsls	r7, r3, #8
10001420:	4b32      	ldr	r3, [pc, #200]	; (100014ec <clock_configure_int_divider+0xec>)
10001422:	1964      	adds	r4, r4, r5
10001424:	469c      	mov	ip, r3
10001426:	00a4      	lsls	r4, r4, #2
10001428:	4464      	add	r4, ip
1000142a:	6863      	ldr	r3, [r4, #4]
1000142c:	4681      	mov	r9, r0
1000142e:	429f      	cmp	r7, r3
10001430:	d900      	bls.n	10001434 <clock_configure_int_divider+0x34>
10001432:	6067      	str	r7, [r4, #4]
10001434:	1f2b      	subs	r3, r5, #4
10001436:	b2db      	uxtb	r3, r3
10001438:	4698      	mov	r8, r3
1000143a:	2b01      	cmp	r3, #1
1000143c:	d930      	bls.n	100014a0 <clock_configure_int_divider+0xa0>
1000143e:	23c0      	movs	r3, #192	; 0xc0
10001440:	2280      	movs	r2, #128	; 0x80
10001442:	019b      	lsls	r3, r3, #6
10001444:	18e3      	adds	r3, r4, r3
10001446:	0112      	lsls	r2, r2, #4
10001448:	601a      	str	r2, [r3, #0]
1000144a:	4b29      	ldr	r3, [pc, #164]	; (100014f0 <clock_configure_int_divider+0xf0>)
1000144c:	00ad      	lsls	r5, r5, #2
1000144e:	5959      	ldr	r1, [r3, r5]
10001450:	469a      	mov	sl, r3
10001452:	2900      	cmp	r1, #0
10001454:	d11b      	bne.n	1000148e <clock_configure_int_divider+0x8e>
10001456:	6822      	ldr	r2, [r4, #0]
10001458:	0176      	lsls	r6, r6, #5
1000145a:	4072      	eors	r2, r6
1000145c:	26e0      	movs	r6, #224	; 0xe0
1000145e:	2380      	movs	r3, #128	; 0x80
10001460:	4016      	ands	r6, r2
10001462:	4642      	mov	r2, r8
10001464:	015b      	lsls	r3, r3, #5
10001466:	18e3      	adds	r3, r4, r3
10001468:	601e      	str	r6, [r3, #0]
1000146a:	2a01      	cmp	r2, #1
1000146c:	d930      	bls.n	100014d0 <clock_configure_int_divider+0xd0>
1000146e:	2380      	movs	r3, #128	; 0x80
10001470:	2280      	movs	r2, #128	; 0x80
10001472:	019b      	lsls	r3, r3, #6
10001474:	18e3      	adds	r3, r4, r3
10001476:	0112      	lsls	r2, r2, #4
10001478:	601a      	str	r2, [r3, #0]
1000147a:	4653      	mov	r3, sl
1000147c:	464a      	mov	r2, r9
1000147e:	6067      	str	r7, [r4, #4]
10001480:	515a      	str	r2, [r3, r5]
10001482:	bcf0      	pop	{r4, r5, r6, r7}
10001484:	46bb      	mov	fp, r7
10001486:	46b2      	mov	sl, r6
10001488:	46a9      	mov	r9, r5
1000148a:	46a0      	mov	r8, r4
1000148c:	bdf8      	pop	{r3, r4, r5, r6, r7, pc}
1000148e:	6958      	ldr	r0, [r3, #20]
10001490:	f000 faac 	bl	100019ec <__wrap___aeabi_uidiv>
10001494:	1c43      	adds	r3, r0, #1
10001496:	0058      	lsls	r0, r3, #1
10001498:	18c0      	adds	r0, r0, r3
1000149a:	3803      	subs	r0, #3
1000149c:	d2fd      	bcs.n	1000149a <clock_configure_int_divider+0x9a>
1000149e:	e7da      	b.n	10001456 <clock_configure_int_divider+0x56>
100014a0:	465b      	mov	r3, fp
100014a2:	2b01      	cmp	r3, #1
100014a4:	d1cb      	bne.n	1000143e <clock_configure_int_divider+0x3e>
100014a6:	23c0      	movs	r3, #192	; 0xc0
100014a8:	2203      	movs	r2, #3
100014aa:	019b      	lsls	r3, r3, #6
100014ac:	18e3      	adds	r3, r4, r3
100014ae:	601a      	str	r2, [r3, #0]
100014b0:	3a02      	subs	r2, #2
100014b2:	68a3      	ldr	r3, [r4, #8]
100014b4:	421a      	tst	r2, r3
100014b6:	d0fc      	beq.n	100014b2 <clock_configure_int_divider+0xb2>
100014b8:	23e0      	movs	r3, #224	; 0xe0
100014ba:	6822      	ldr	r2, [r4, #0]
100014bc:	0176      	lsls	r6, r6, #5
100014be:	4056      	eors	r6, r2
100014c0:	401e      	ands	r6, r3
100014c2:	2380      	movs	r3, #128	; 0x80
100014c4:	4a0a      	ldr	r2, [pc, #40]	; (100014f0 <clock_configure_int_divider+0xf0>)
100014c6:	015b      	lsls	r3, r3, #5
100014c8:	4692      	mov	sl, r2
100014ca:	18e3      	adds	r3, r4, r3
100014cc:	601e      	str	r6, [r3, #0]
100014ce:	00ad      	lsls	r5, r5, #2
100014d0:	465a      	mov	r2, fp
100014d2:	6821      	ldr	r1, [r4, #0]
100014d4:	4051      	eors	r1, r2
100014d6:	2203      	movs	r2, #3
100014d8:	400a      	ands	r2, r1
100014da:	601a      	str	r2, [r3, #0]
100014dc:	2201      	movs	r2, #1
100014de:	465b      	mov	r3, fp
100014e0:	409a      	lsls	r2, r3
100014e2:	68a3      	ldr	r3, [r4, #8]
100014e4:	421a      	tst	r2, r3
100014e6:	d0fc      	beq.n	100014e2 <clock_configure_int_divider+0xe2>
100014e8:	e7c1      	b.n	1000146e <clock_configure_int_divider+0x6e>
100014ea:	46c0      	nop			; (mov r8, r8)
100014ec:	40008000 	.word	0x40008000
100014f0:	20001c80 	.word	0x20001c80

100014f4 <clock_configure_undivided>:
100014f4:	b5f0      	push	{r4, r5, r6, r7, lr}
100014f6:	4646      	mov	r6, r8
100014f8:	464f      	mov	r7, r9
100014fa:	46d6      	mov	lr, sl
100014fc:	b5c0      	push	{r6, r7, lr}
100014fe:	001f      	movs	r7, r3
10001500:	4b34      	ldr	r3, [pc, #208]	; (100015d4 <clock_configure_undivided+0xe0>)
10001502:	0044      	lsls	r4, r0, #1
10001504:	469c      	mov	ip, r3
10001506:	1824      	adds	r4, r4, r0
10001508:	00a4      	lsls	r4, r4, #2
1000150a:	4464      	add	r4, ip
1000150c:	6863      	ldr	r3, [r4, #4]
1000150e:	4688      	mov	r8, r1
10001510:	0016      	movs	r6, r2
10001512:	2bff      	cmp	r3, #255	; 0xff
10001514:	d802      	bhi.n	1000151c <clock_configure_undivided+0x28>
10001516:	2380      	movs	r3, #128	; 0x80
10001518:	005b      	lsls	r3, r3, #1
1000151a:	6063      	str	r3, [r4, #4]
1000151c:	1f03      	subs	r3, r0, #4
1000151e:	b2db      	uxtb	r3, r3
10001520:	469a      	mov	sl, r3
10001522:	2b01      	cmp	r3, #1
10001524:	d930      	bls.n	10001588 <clock_configure_undivided+0x94>
10001526:	23c0      	movs	r3, #192	; 0xc0
10001528:	2280      	movs	r2, #128	; 0x80
1000152a:	019b      	lsls	r3, r3, #6
1000152c:	18e3      	adds	r3, r4, r3
1000152e:	0112      	lsls	r2, r2, #4
10001530:	601a      	str	r2, [r3, #0]
10001532:	4b29      	ldr	r3, [pc, #164]	; (100015d8 <clock_configure_undivided+0xe4>)
10001534:	0085      	lsls	r5, r0, #2
10001536:	5959      	ldr	r1, [r3, r5]
10001538:	4699      	mov	r9, r3
1000153a:	2900      	cmp	r1, #0
1000153c:	d11b      	bne.n	10001576 <clock_configure_undivided+0x82>
1000153e:	6822      	ldr	r2, [r4, #0]
10001540:	0176      	lsls	r6, r6, #5
10001542:	4072      	eors	r2, r6
10001544:	26e0      	movs	r6, #224	; 0xe0
10001546:	2380      	movs	r3, #128	; 0x80
10001548:	4016      	ands	r6, r2
1000154a:	4652      	mov	r2, sl
1000154c:	015b      	lsls	r3, r3, #5
1000154e:	18e3      	adds	r3, r4, r3
10001550:	601e      	str	r6, [r3, #0]
10001552:	2a01      	cmp	r2, #1
10001554:	d930      	bls.n	100015b8 <clock_configure_undivided+0xc4>
10001556:	2380      	movs	r3, #128	; 0x80
10001558:	2280      	movs	r2, #128	; 0x80
1000155a:	019b      	lsls	r3, r3, #6
1000155c:	18e3      	adds	r3, r4, r3
1000155e:	0112      	lsls	r2, r2, #4
10001560:	601a      	str	r2, [r3, #0]
10001562:	2380      	movs	r3, #128	; 0x80
10001564:	005b      	lsls	r3, r3, #1
10001566:	6063      	str	r3, [r4, #4]
10001568:	464b      	mov	r3, r9
1000156a:	515f      	str	r7, [r3, r5]
1000156c:	bce0      	pop	{r5, r6, r7}
1000156e:	46ba      	mov	sl, r7
10001570:	46b1      	mov	r9, r6
10001572:	46a8      	mov	r8, r5
10001574:	bdf0      	pop	{r4, r5, r6, r7, pc}
10001576:	6958      	ldr	r0, [r3, #20]
10001578:	f000 fa38 	bl	100019ec <__wrap___aeabi_uidiv>
1000157c:	1c43      	adds	r3, r0, #1
1000157e:	0058      	lsls	r0, r3, #1
10001580:	18c0      	adds	r0, r0, r3
10001582:	3803      	subs	r0, #3
10001584:	d2fd      	bcs.n	10001582 <clock_configure_undivided+0x8e>
10001586:	e7da      	b.n	1000153e <clock_configure_undivided+0x4a>
10001588:	4643      	mov	r3, r8
1000158a:	2b01      	cmp	r3, #1
1000158c:	d1cb      	bne.n	10001526 <clock_configure_undivided+0x32>
1000158e:	23c0      	movs	r3, #192	; 0xc0
10001590:	2203      	movs	r2, #3
10001592:	019b      	lsls	r3, r3, #6
10001594:	18e3      	adds	r3, r4, r3
10001596:	601a      	str	r2, [r3, #0]
10001598:	3a02      	subs	r2, #2
1000159a:	68a3      	ldr	r3, [r4, #8]
1000159c:	421a      	tst	r2, r3
1000159e:	d0fc      	beq.n	1000159a <clock_configure_undivided+0xa6>
100015a0:	23e0      	movs	r3, #224	; 0xe0
100015a2:	6822      	ldr	r2, [r4, #0]
100015a4:	0176      	lsls	r6, r6, #5
100015a6:	4056      	eors	r6, r2
100015a8:	401e      	ands	r6, r3
100015aa:	2380      	movs	r3, #128	; 0x80
100015ac:	4a0a      	ldr	r2, [pc, #40]	; (100015d8 <clock_configure_undivided+0xe4>)
100015ae:	015b      	lsls	r3, r3, #5
100015b0:	4691      	mov	r9, r2
100015b2:	18e3      	adds	r3, r4, r3
100015b4:	601e      	str	r6, [r3, #0]
100015b6:	0085      	lsls	r5, r0, #2
100015b8:	4642      	mov	r2, r8
100015ba:	6821      	ldr	r1, [r4, #0]
100015bc:	4051      	eors	r1, r2
100015be:	2203      	movs	r2, #3
100015c0:	400a      	ands	r2, r1
100015c2:	601a      	str	r2, [r3, #0]
100015c4:	2301      	movs	r3, #1
100015c6:	4642      	mov	r2, r8
100015c8:	4093      	lsls	r3, r2
100015ca:	68a2      	ldr	r2, [r4, #8]
100015cc:	4213      	tst	r3, r2
100015ce:	d0fc      	beq.n	100015ca <clock_configure_undivided+0xd6>
100015d0:	e7c1      	b.n	10001556 <clock_configure_undivided+0x62>
100015d2:	46c0      	nop			; (mov r8, r8)
100015d4:	40008000 	.word	0x40008000
100015d8:	20001c80 	.word	0x20001c80

100015dc <clock_get_hz>:
100015dc:	4b01      	ldr	r3, [pc, #4]	; (100015e4 <clock_get_hz+0x8>)
100015de:	0080      	lsls	r0, r0, #2
100015e0:	58c0      	ldr	r0, [r0, r3]
100015e2:	4770      	bx	lr
100015e4:	20001c80 	.word	0x20001c80

100015e8 <pll_init>:
100015e8:	b5f8      	push	{r3, r4, r5, r6, r7, lr}
100015ea:	0004      	movs	r4, r0
100015ec:	4820      	ldr	r0, [pc, #128]	; (10001670 <pll_init+0x88>)
100015ee:	001d      	movs	r5, r3
100015f0:	0017      	movs	r7, r2
100015f2:	000e      	movs	r6, r1
100015f4:	f000 f9fa 	bl	100019ec <__wrap___aeabi_uidiv>
100015f8:	0001      	movs	r1, r0
100015fa:	0038      	movs	r0, r7
100015fc:	f000 f9f6 	bl	100019ec <__wrap___aeabi_uidiv>
10001600:	9b06      	ldr	r3, [sp, #24]
10001602:	0429      	lsls	r1, r5, #16
10001604:	031b      	lsls	r3, r3, #12
10001606:	4319      	orrs	r1, r3
10001608:	6823      	ldr	r3, [r4, #0]
1000160a:	2b00      	cmp	r3, #0
1000160c:	db1e      	blt.n	1000164c <pll_init+0x64>
1000160e:	4b19      	ldr	r3, [pc, #100]	; (10001674 <pll_init+0x8c>)
10001610:	4d19      	ldr	r5, [pc, #100]	; (10001678 <pll_init+0x90>)
10001612:	18e2      	adds	r2, r4, r3
10001614:	4253      	negs	r3, r2
10001616:	415a      	adcs	r2, r3
10001618:	2380      	movs	r3, #128	; 0x80
1000161a:	015b      	lsls	r3, r3, #5
1000161c:	469c      	mov	ip, r3
1000161e:	0312      	lsls	r2, r2, #12
10001620:	4b16      	ldr	r3, [pc, #88]	; (1000167c <pll_init+0x94>)
10001622:	4462      	add	r2, ip
10001624:	601a      	str	r2, [r3, #0]
10001626:	4b16      	ldr	r3, [pc, #88]	; (10001680 <pll_init+0x98>)
10001628:	601a      	str	r2, [r3, #0]
1000162a:	0017      	movs	r7, r2
1000162c:	682b      	ldr	r3, [r5, #0]
1000162e:	439f      	bics	r7, r3
10001630:	d1fb      	bne.n	1000162a <pll_init+0x42>
10001632:	4b14      	ldr	r3, [pc, #80]	; (10001684 <pll_init+0x9c>)
10001634:	6026      	str	r6, [r4, #0]
10001636:	18e2      	adds	r2, r4, r3
10001638:	2321      	movs	r3, #33	; 0x21
1000163a:	60a0      	str	r0, [r4, #8]
1000163c:	6013      	str	r3, [r2, #0]
1000163e:	6823      	ldr	r3, [r4, #0]
10001640:	2b00      	cmp	r3, #0
10001642:	dafc      	bge.n	1000163e <pll_init+0x56>
10001644:	2308      	movs	r3, #8
10001646:	60e1      	str	r1, [r4, #12]
10001648:	6013      	str	r3, [r2, #0]
1000164a:	bdf8      	pop	{r3, r4, r5, r6, r7, pc}
1000164c:	233f      	movs	r3, #63	; 0x3f
1000164e:	6822      	ldr	r2, [r4, #0]
10001650:	4013      	ands	r3, r2
10001652:	42b3      	cmp	r3, r6
10001654:	d1db      	bne.n	1000160e <pll_init+0x26>
10001656:	68a3      	ldr	r3, [r4, #8]
10001658:	051b      	lsls	r3, r3, #20
1000165a:	0d1b      	lsrs	r3, r3, #20
1000165c:	4283      	cmp	r3, r0
1000165e:	d1d6      	bne.n	1000160e <pll_init+0x26>
10001660:	22ee      	movs	r2, #238	; 0xee
10001662:	68e3      	ldr	r3, [r4, #12]
10001664:	02d2      	lsls	r2, r2, #11
10001666:	4013      	ands	r3, r2
10001668:	428b      	cmp	r3, r1
1000166a:	d1d0      	bne.n	1000160e <pll_init+0x26>
1000166c:	e7ed      	b.n	1000164a <pll_init+0x62>
1000166e:	46c0      	nop			; (mov r8, r8)
10001670:	00b71b00 	.word	0x00b71b00
10001674:	bffd4000 	.word	0xbffd4000
10001678:	4000c008 	.word	0x4000c008
1000167c:	4000e000 	.word	0x4000e000
10001680:	4000f000 	.word	0x4000f000
10001684:	00003004 	.word	0x00003004

10001688 <watchdog_reboot>:
10001688:	b510      	push	{r4, lr}
1000168a:	0014      	movs	r4, r2
1000168c:	2280      	movs	r2, #128	; 0x80
1000168e:	4b1b      	ldr	r3, [pc, #108]	; (100016fc <watchdog_reboot+0x74>)
10001690:	05d2      	lsls	r2, r2, #23
10001692:	601a      	str	r2, [r3, #0]
10001694:	2800      	cmp	r0, #0
10001696:	d01a      	beq.n	100016ce <watchdog_reboot+0x46>
10001698:	2301      	movs	r3, #1
1000169a:	4a19      	ldr	r2, [pc, #100]	; (10001700 <watchdog_reboot+0x78>)
1000169c:	4318      	orrs	r0, r3
1000169e:	4b19      	ldr	r3, [pc, #100]	; (10001704 <watchdog_reboot+0x7c>)
100016a0:	61da      	str	r2, [r3, #28]
100016a2:	4a19      	ldr	r2, [pc, #100]	; (10001708 <watchdog_reboot+0x80>)
100016a4:	4042      	eors	r2, r0
100016a6:	621a      	str	r2, [r3, #32]
100016a8:	6259      	str	r1, [r3, #36]	; 0x24
100016aa:	6298      	str	r0, [r3, #40]	; 0x28
100016ac:	2280      	movs	r2, #128	; 0x80
100016ae:	4b13      	ldr	r3, [pc, #76]	; (100016fc <watchdog_reboot+0x74>)
100016b0:	05d2      	lsls	r2, r2, #23
100016b2:	601a      	str	r2, [r3, #0]
100016b4:	4915      	ldr	r1, [pc, #84]	; (1000170c <watchdog_reboot+0x84>)
100016b6:	4a16      	ldr	r2, [pc, #88]	; (10001710 <watchdog_reboot+0x88>)
100016b8:	6011      	str	r1, [r2, #0]
100016ba:	22e0      	movs	r2, #224	; 0xe0
100016bc:	04d2      	lsls	r2, r2, #19
100016be:	601a      	str	r2, [r3, #0]
100016c0:	2c00      	cmp	r4, #0
100016c2:	d107      	bne.n	100016d4 <watchdog_reboot+0x4c>
100016c4:	2280      	movs	r2, #128	; 0x80
100016c6:	4b13      	ldr	r3, [pc, #76]	; (10001714 <watchdog_reboot+0x8c>)
100016c8:	0612      	lsls	r2, r2, #24
100016ca:	601a      	str	r2, [r3, #0]
100016cc:	bd10      	pop	{r4, pc}
100016ce:	4b0d      	ldr	r3, [pc, #52]	; (10001704 <watchdog_reboot+0x7c>)
100016d0:	61d8      	str	r0, [r3, #28]
100016d2:	e7eb      	b.n	100016ac <watchdog_reboot+0x24>
100016d4:	0163      	lsls	r3, r4, #5
100016d6:	1b1b      	subs	r3, r3, r4
100016d8:	009a      	lsls	r2, r3, #2
100016da:	2380      	movs	r3, #128	; 0x80
100016dc:	1912      	adds	r2, r2, r4
100016de:	0112      	lsls	r2, r2, #4
100016e0:	045b      	lsls	r3, r3, #17
100016e2:	429a      	cmp	r2, r3
100016e4:	d300      	bcc.n	100016e8 <watchdog_reboot+0x60>
100016e6:	4a0c      	ldr	r2, [pc, #48]	; (10001718 <watchdog_reboot+0x90>)
100016e8:	4b0c      	ldr	r3, [pc, #48]	; (1000171c <watchdog_reboot+0x94>)
100016ea:	601a      	str	r2, [r3, #0]
100016ec:	4b05      	ldr	r3, [pc, #20]	; (10001704 <watchdog_reboot+0x7c>)
100016ee:	605a      	str	r2, [r3, #4]
100016f0:	2280      	movs	r2, #128	; 0x80
100016f2:	4b08      	ldr	r3, [pc, #32]	; (10001714 <watchdog_reboot+0x8c>)
100016f4:	05d2      	lsls	r2, r2, #23
100016f6:	601a      	str	r2, [r3, #0]
100016f8:	e7e8      	b.n	100016cc <watchdog_reboot+0x44>
100016fa:	46c0      	nop			; (mov r8, r8)
100016fc:	4005b000 	.word	0x4005b000
10001700:	b007c0d3 	.word	0xb007c0d3
10001704:	40058000 	.word	0x40058000
10001708:	4ff83f2d 	.word	0x4ff83f2d
1000170c:	0001fffc 	.word	0x0001fffc
10001710:	40012008 	.word	0x40012008
10001714:	4005a000 	.word	0x4005a000
10001718:	00ffffff 	.word	0x00ffffff
1000171c:	200020ec 	.word	0x200020ec

10001720 <tick_start>:
10001720:	2380      	movs	r3, #128	; 0x80
10001722:	4a02      	ldr	r2, [pc, #8]	; (1000172c <tick_start+0xc>)
10001724:	009b      	lsls	r3, r3, #2
10001726:	430b      	orrs	r3, r1
10001728:	62d3      	str	r3, [r2, #44]	; 0x2c
1000172a:	4770      	bx	lr
1000172c:	40058000 	.word	0x40058000

10001730 <xosc_init>:
10001730:	23aa      	movs	r3, #170	; 0xaa
10001732:	4a06      	ldr	r2, [pc, #24]	; (1000174c <xosc_init+0x1c>)
10001734:	011b      	lsls	r3, r3, #4
10001736:	6013      	str	r3, [r2, #0]
10001738:	232f      	movs	r3, #47	; 0x2f
1000173a:	4905      	ldr	r1, [pc, #20]	; (10001750 <xosc_init+0x20>)
1000173c:	60d3      	str	r3, [r2, #12]
1000173e:	4b05      	ldr	r3, [pc, #20]	; (10001754 <xosc_init+0x24>)
10001740:	6019      	str	r1, [r3, #0]
10001742:	6853      	ldr	r3, [r2, #4]
10001744:	2b00      	cmp	r3, #0
10001746:	dafc      	bge.n	10001742 <xosc_init+0x12>
10001748:	4770      	bx	lr
1000174a:	46c0      	nop			; (mov r8, r8)
1000174c:	40024000 	.word	0x40024000
10001750:	00fab000 	.word	0x00fab000
10001754:	40026000 	.word	0x40026000

10001758 <first_per_core_initializer>:
10001758:	4770      	bx	lr
1000175a:	46c0      	nop			; (mov r8, r8)

1000175c <hard_assertion_failure>:
1000175c:	b510      	push	{r4, lr}
1000175e:	4801      	ldr	r0, [pc, #4]	; (10001764 <hard_assertion_failure+0x8>)
10001760:	f7fe ff32 	bl	100005c8 <panic>
10001764:	10006ca8 	.word	0x10006ca8

10001768 <runtime_run_initializers>:
10001768:	b570      	push	{r4, r5, r6, lr}
1000176a:	4d07      	ldr	r5, [pc, #28]	; (10001788 <runtime_run_initializers+0x20>)
1000176c:	4e07      	ldr	r6, [pc, #28]	; (1000178c <runtime_run_initializers+0x24>)
1000176e:	42b5      	cmp	r5, r6
10001770:	d209      	bcs.n	10001786 <runtime_run_initializers+0x1e>
10001772:	2400      	movs	r4, #0
10001774:	3e01      	subs	r6, #1
10001776:	1b76      	subs	r6, r6, r5
10001778:	08b6      	lsrs	r6, r6, #2
1000177a:	cd08      	ldmia	r5!, {r3}
1000177c:	4798      	blx	r3
1000177e:	0023      	movs	r3, r4
10001780:	3401      	adds	r4, #1
10001782:	42b3      	cmp	r3, r6
10001784:	d1f9      	bne.n	1000177a <runtime_run_initializers+0x12>
10001786:	bd70      	pop	{r4, r5, r6, pc}
10001788:	10006b58 	.word	0x10006b58
1000178c:	10006b94 	.word	0x10006b94

10001790 <runtime_init_early_resets>:
10001790:	4b05      	ldr	r3, [pc, #20]	; (100017a8 <runtime_init_early_resets+0x18>)
10001792:	4a06      	ldr	r2, [pc, #24]	; (100017ac <runtime_init_early_resets+0x1c>)
10001794:	4906      	ldr	r1, [pc, #24]	; (100017b0 <runtime_init_early_resets+0x20>)
10001796:	601a      	str	r2, [r3, #0]
10001798:	4a06      	ldr	r2, [pc, #24]	; (100017b4 <runtime_init_early_resets+0x24>)
1000179a:	4b07      	ldr	r3, [pc, #28]	; (100017b8 <runtime_init_early_resets+0x28>)
1000179c:	601a      	str	r2, [r3, #0]
1000179e:	0010      	movs	r0, r2
100017a0:	680b      	ldr	r3, [r1, #0]
100017a2:	4398      	bics	r0, r3
100017a4:	d1fb      	bne.n	1000179e <runtime_init_early_resets+0xe>
100017a6:	4770      	bx	lr
100017a8:	4000e000 	.word	0x4000e000
100017ac:	fefbcdbf 	.word	0xfefbcdbf
100017b0:	4000c008 	.word	0x4000c008
100017b4:	003c7ffe 	.word	0x003c7ffe
100017b8:	4000f000 	.word	0x4000f000

100017bc <runtime_init_usb_power_down>:
100017bc:	4b04      	ldr	r3, [pc, #16]	; (100017d0 <runtime_init_usb_power_down+0x14>)
100017be:	6cdb      	ldr	r3, [r3, #76]	; 0x4c
100017c0:	2b00      	cmp	r3, #0
100017c2:	d103      	bne.n	100017cc <runtime_init_usb_power_down+0x10>
100017c4:	2280      	movs	r2, #128	; 0x80
100017c6:	4b03      	ldr	r3, [pc, #12]	; (100017d4 <runtime_init_usb_power_down+0x18>)
100017c8:	02d2      	lsls	r2, r2, #11
100017ca:	601a      	str	r2, [r3, #0]
100017cc:	4770      	bx	lr
100017ce:	46c0      	nop			; (mov r8, r8)
100017d0:	50110000 	.word	0x50110000
100017d4:	5011204c 	.word	0x5011204c

100017d8 <runtime_init_post_clock_resets>:
100017d8:	4a04      	ldr	r2, [pc, #16]	; (100017ec <runtime_init_post_clock_resets+0x14>)
100017da:	4b05      	ldr	r3, [pc, #20]	; (100017f0 <runtime_init_post_clock_resets+0x18>)
100017dc:	601a      	str	r2, [r3, #0]
100017de:	4a05      	ldr	r2, [pc, #20]	; (100017f4 <runtime_init_post_clock_resets+0x1c>)
100017e0:	6813      	ldr	r3, [r2, #0]
100017e2:	01db      	lsls	r3, r3, #7
100017e4:	3380      	adds	r3, #128	; 0x80
100017e6:	d1fb      	bne.n	100017e0 <runtime_init_post_clock_resets+0x8>
100017e8:	4770      	bx	lr
100017ea:	46c0      	nop			; (mov r8, r8)
100017ec:	01ffffff 	.word	0x01ffffff
100017f0:	4000f000 	.word	0x4000f000
100017f4:	4000c008 	.word	0x4000c008

100017f8 <runtime_init_rp2040_gpio_ie_disable>:
100017f8:	2240      	movs	r2, #64	; 0x40
100017fa:	4b03      	ldr	r3, [pc, #12]	; (10001808 <runtime_init_rp2040_gpio_ie_disable+0x10>)
100017fc:	679a      	str	r2, [r3, #120]	; 0x78
100017fe:	675a      	str	r2, [r3, #116]	; 0x74
10001800:	671a      	str	r2, [r3, #112]	; 0x70
10001802:	66da      	str	r2, [r3, #108]	; 0x6c
10001804:	4770      	bx	lr
10001806:	46c0      	nop			; (mov r8, r8)
10001808:	4001f000 	.word	0x4001f000

1000180c <runtime_init_spin_locks_reset>:
1000180c:	b510      	push	{r4, lr}
1000180e:	f7fe ff7f 	bl	10000710 <spin_locks_reset>
10001812:	bd10      	pop	{r4, pc}

10001814 <runtime_init_install_ram_vector_table>:
10001814:	b570      	push	{r4, r5, r6, lr}
10001816:	4d04      	ldr	r5, [pc, #16]	; (10001828 <runtime_init_install_ram_vector_table+0x14>)
10001818:	4c04      	ldr	r4, [pc, #16]	; (1000182c <runtime_init_install_ram_vector_table+0x18>)
1000181a:	0028      	movs	r0, r5
1000181c:	22c0      	movs	r2, #192	; 0xc0
1000181e:	68a1      	ldr	r1, [r4, #8]
10001820:	f000 ffd2 	bl	100027c8 <__wrap___aeabi_memcpy>
10001824:	60a5      	str	r5, [r4, #8]
10001826:	bd70      	pop	{r4, r5, r6, pc}
10001828:	20000000 	.word	0x20000000
1000182c:	e000ed00 	.word	0xe000ed00

10001830 <runtime_init_clocks>:
10001830:	2300      	movs	r3, #0
10001832:	b510      	push	{r4, lr}
10001834:	4c29      	ldr	r4, [pc, #164]	; (100018dc <runtime_init_clocks+0xac>)
10001836:	b082      	sub	sp, #8
10001838:	67a3      	str	r3, [r4, #120]	; 0x78
1000183a:	f7ff ff79 	bl	10001730 <xosc_init>
1000183e:	2201      	movs	r2, #1
10001840:	4b27      	ldr	r3, [pc, #156]	; (100018e0 <runtime_init_clocks+0xb0>)
10001842:	601a      	str	r2, [r3, #0]
10001844:	6c63      	ldr	r3, [r4, #68]	; 0x44
10001846:	2b01      	cmp	r3, #1
10001848:	d1fc      	bne.n	10001844 <runtime_init_clocks+0x14>
1000184a:	2203      	movs	r2, #3
1000184c:	4b25      	ldr	r3, [pc, #148]	; (100018e4 <runtime_init_clocks+0xb4>)
1000184e:	601a      	str	r2, [r3, #0]
10001850:	4a22      	ldr	r2, [pc, #136]	; (100018dc <runtime_init_clocks+0xac>)
10001852:	6b93      	ldr	r3, [r2, #56]	; 0x38
10001854:	2b01      	cmp	r3, #1
10001856:	d1fc      	bne.n	10001852 <runtime_init_clocks+0x22>
10001858:	3301      	adds	r3, #1
1000185a:	9300      	str	r3, [sp, #0]
1000185c:	2101      	movs	r1, #1
1000185e:	4a22      	ldr	r2, [pc, #136]	; (100018e8 <runtime_init_clocks+0xb8>)
10001860:	4822      	ldr	r0, [pc, #136]	; (100018ec <runtime_init_clocks+0xbc>)
10001862:	3304      	adds	r3, #4
10001864:	f7ff fec0 	bl	100015e8 <pll_init>
10001868:	2305      	movs	r3, #5
1000186a:	2101      	movs	r1, #1
1000186c:	9300      	str	r3, [sp, #0]
1000186e:	4a20      	ldr	r2, [pc, #128]	; (100018f0 <runtime_init_clocks+0xc0>)
10001870:	4820      	ldr	r0, [pc, #128]	; (100018f4 <runtime_init_clocks+0xc4>)
10001872:	f7ff feb9 	bl	100015e8 <pll_init>
10001876:	2200      	movs	r2, #0
10001878:	2102      	movs	r1, #2
1000187a:	2004      	movs	r0, #4
1000187c:	4b1e      	ldr	r3, [pc, #120]	; (100018f8 <runtime_init_clocks+0xc8>)
1000187e:	f7ff fe39 	bl	100014f4 <clock_configure_undivided>
10001882:	2200      	movs	r2, #0
10001884:	2101      	movs	r1, #1
10001886:	2005      	movs	r0, #5
10001888:	4b1c      	ldr	r3, [pc, #112]	; (100018fc <runtime_init_clocks+0xcc>)
1000188a:	f7ff fe33 	bl	100014f4 <clock_configure_undivided>
1000188e:	2200      	movs	r2, #0
10001890:	2100      	movs	r1, #0
10001892:	2007      	movs	r0, #7
10001894:	4b1a      	ldr	r3, [pc, #104]	; (10001900 <runtime_init_clocks+0xd0>)
10001896:	f7ff fe2d 	bl	100014f4 <clock_configure_undivided>
1000189a:	2200      	movs	r2, #0
1000189c:	2100      	movs	r1, #0
1000189e:	2008      	movs	r0, #8
100018a0:	4b17      	ldr	r3, [pc, #92]	; (10001900 <runtime_init_clocks+0xd0>)
100018a2:	f7ff fe27 	bl	100014f4 <clock_configure_undivided>
100018a6:	2380      	movs	r3, #128	; 0x80
100018a8:	00db      	lsls	r3, r3, #3
100018aa:	9300      	str	r3, [sp, #0]
100018ac:	2200      	movs	r2, #0
100018ae:	2100      	movs	r1, #0
100018b0:	2009      	movs	r0, #9
100018b2:	4b13      	ldr	r3, [pc, #76]	; (10001900 <runtime_init_clocks+0xd0>)
100018b4:	f7ff fda4 	bl	10001400 <clock_configure_int_divider>
100018b8:	2200      	movs	r2, #0
100018ba:	4b10      	ldr	r3, [pc, #64]	; (100018fc <runtime_init_clocks+0xcc>)
100018bc:	2100      	movs	r1, #0
100018be:	2006      	movs	r0, #6
100018c0:	f7ff fe18 	bl	100014f4 <clock_configure_undivided>
100018c4:	2004      	movs	r0, #4
100018c6:	f7ff fe89 	bl	100015dc <clock_get_hz>
100018ca:	490e      	ldr	r1, [pc, #56]	; (10001904 <runtime_init_clocks+0xd4>)
100018cc:	f000 f88e 	bl	100019ec <__wrap___aeabi_uidiv>
100018d0:	0001      	movs	r1, r0
100018d2:	2000      	movs	r0, #0
100018d4:	f7ff ff24 	bl	10001720 <tick_start>
100018d8:	b002      	add	sp, #8
100018da:	bd10      	pop	{r4, pc}
100018dc:	40008000 	.word	0x40008000
100018e0:	4000b03c 	.word	0x4000b03c
100018e4:	4000b030 	.word	0x4000b030
100018e8:	59682f00 	.word	0x59682f00
100018ec:	40028000 	.word	0x40028000
100018f0:	47868c00 	.word	0x47868c00
100018f4:	4002c000 	.word	0x4002c000
100018f8:	00b71b00 	.word	0x00b71b00
100018fc:	07735940 	.word	0x07735940
10001900:	02dc6c00 	.word	0x02dc6c00
10001904:	000f4240 	.word	0x000f4240

10001908 <__aeabi_bits_init>:
10001908:	4801      	ldr	r0, [pc, #4]	; (10001910 <__aeabi_bits_init+0x8>)
1000190a:	2104      	movs	r1, #4
1000190c:	4b01      	ldr	r3, [pc, #4]	; (10001914 <__aeabi_bits_init+0xc>)
1000190e:	4718      	bx	r3
10001910:	20001060 	.word	0x20001060
10001914:	10001939 	.word	0x10001939

10001918 <rom_func_lookup>:
10001918:	2314      	movs	r3, #20
1000191a:	b510      	push	{r4, lr}
1000191c:	0001      	movs	r1, r0
1000191e:	8818      	ldrh	r0, [r3, #0]
10001920:	3304      	adds	r3, #4
10001922:	881b      	ldrh	r3, [r3, #0]
10001924:	4798      	blx	r3
10001926:	bd10      	pop	{r4, pc}

10001928 <rom_data_lookup>:
10001928:	2316      	movs	r3, #22
1000192a:	b510      	push	{r4, lr}
1000192c:	0001      	movs	r1, r0
1000192e:	8818      	ldrh	r0, [r3, #0]
10001930:	3302      	adds	r3, #2
10001932:	881b      	ldrh	r3, [r3, #0]
10001934:	4798      	blx	r3
10001936:	bd10      	pop	{r4, pc}

10001938 <rom_funcs_lookup>:
10001938:	b5f8      	push	{r3, r4, r5, r6, r7, lr}
1000193a:	4647      	mov	r7, r8
1000193c:	46ce      	mov	lr, r9
1000193e:	b580      	push	{r7, lr}
10001940:	1e0f      	subs	r7, r1, #0
10001942:	d019      	beq.n	10001978 <rom_funcs_lookup+0x40>
10001944:	2314      	movs	r3, #20
10001946:	4699      	mov	r9, r3
10001948:	3304      	adds	r3, #4
1000194a:	0004      	movs	r4, r0
1000194c:	2500      	movs	r5, #0
1000194e:	2601      	movs	r6, #1
10001950:	4698      	mov	r8, r3
10001952:	464b      	mov	r3, r9
10001954:	8818      	ldrh	r0, [r3, #0]
10001956:	4643      	mov	r3, r8
10001958:	6821      	ldr	r1, [r4, #0]
1000195a:	881b      	ldrh	r3, [r3, #0]
1000195c:	4798      	blx	r3
1000195e:	c401      	stmia	r4!, {r0}
10001960:	1e43      	subs	r3, r0, #1
10001962:	4198      	sbcs	r0, r3
10001964:	3501      	adds	r5, #1
10001966:	4240      	negs	r0, r0
10001968:	4006      	ands	r6, r0
1000196a:	42af      	cmp	r7, r5
1000196c:	d1f1      	bne.n	10001952 <rom_funcs_lookup+0x1a>
1000196e:	0030      	movs	r0, r6
10001970:	bcc0      	pop	{r6, r7}
10001972:	46b9      	mov	r9, r7
10001974:	46b0      	mov	r8, r6
10001976:	bdf8      	pop	{r3, r4, r5, r6, r7, pc}
10001978:	2601      	movs	r6, #1
1000197a:	e7f8      	b.n	1000196e <rom_funcs_lookup+0x36>

1000197c <rom_reset_usb_boot>:
1000197c:	2314      	movs	r3, #20
1000197e:	b570      	push	{r4, r5, r6, lr}
10001980:	0004      	movs	r4, r0
10001982:	8818      	ldrh	r0, [r3, #0]
10001984:	3304      	adds	r3, #4
10001986:	000d      	movs	r5, r1
10001988:	881b      	ldrh	r3, [r3, #0]
1000198a:	4903      	ldr	r1, [pc, #12]	; (10001998 <rom_reset_usb_boot+0x1c>)
1000198c:	4798      	blx	r3
1000198e:	0029      	movs	r1, r5
10001990:	0003      	movs	r3, r0
10001992:	0020      	movs	r0, r4
10001994:	4798      	blx	r3
10001996:	46c0      	nop			; (mov r8, r8)
10001998:	00004255 	.word	0x00004255

1000199c <__wrap___aeabi_idiv>:
1000199c:	4a12      	ldr	r2, [pc, #72]	; (100019e8 <divmod_s32s32_savestate+0x18>)
1000199e:	6f93      	ldr	r3, [r2, #120]	; 0x78
100019a0:	089b      	lsrs	r3, r3, #2
100019a2:	d215      	bcs.n	100019d0 <divmod_s32s32_savestate>

100019a4 <divmod_s32s32_unsafe>:
100019a4:	6690      	str	r0, [r2, #104]	; 0x68
100019a6:	66d1      	str	r1, [r2, #108]	; 0x6c
100019a8:	2900      	cmp	r1, #0
100019aa:	d005      	beq.n	100019b8 <divmod_s32s32_unsafe+0x14>
100019ac:	e7ff      	b.n	100019ae <divmod_s32s32_unsafe+0xa>
100019ae:	e7ff      	b.n	100019b0 <divmod_s32s32_unsafe+0xc>
100019b0:	e7ff      	b.n	100019b2 <divmod_s32s32_unsafe+0xe>
100019b2:	6f51      	ldr	r1, [r2, #116]	; 0x74
100019b4:	6f10      	ldr	r0, [r2, #112]	; 0x70
100019b6:	4770      	bx	lr
100019b8:	b504      	push	{r2, lr}
100019ba:	2180      	movs	r1, #128	; 0x80
100019bc:	0609      	lsls	r1, r1, #24
100019be:	17c2      	asrs	r2, r0, #31
100019c0:	4051      	eors	r1, r2
100019c2:	2800      	cmp	r0, #0
100019c4:	d000      	beq.n	100019c8 <divmod_s32s32_unsafe+0x24>
100019c6:	43c8      	mvns	r0, r1
100019c8:	f005 f886 	bl	10006ad8 <____aeabi_idiv0_veneer>
100019cc:	2100      	movs	r1, #0
100019ce:	bd04      	pop	{r2, pc}

100019d0 <divmod_s32s32_savestate>:
100019d0:	b5f0      	push	{r4, r5, r6, r7, lr}
100019d2:	6e14      	ldr	r4, [r2, #96]	; 0x60
100019d4:	6e55      	ldr	r5, [r2, #100]	; 0x64
100019d6:	6f57      	ldr	r7, [r2, #116]	; 0x74
100019d8:	6f16      	ldr	r6, [r2, #112]	; 0x70
100019da:	f7ff ffe3 	bl	100019a4 <divmod_s32s32_unsafe>
100019de:	6614      	str	r4, [r2, #96]	; 0x60
100019e0:	6655      	str	r5, [r2, #100]	; 0x64
100019e2:	6757      	str	r7, [r2, #116]	; 0x74
100019e4:	6716      	str	r6, [r2, #112]	; 0x70
100019e6:	bdf0      	pop	{r4, r5, r6, r7, pc}
100019e8:	d0000000 	.word	0xd0000000

100019ec <__wrap___aeabi_uidiv>:
100019ec:	4a11      	ldr	r2, [pc, #68]	; (10001a34 <divmod_u32u32_savestate+0x18>)
100019ee:	6f93      	ldr	r3, [r2, #120]	; 0x78
100019f0:	089b      	lsrs	r3, r3, #2
100019f2:	d213      	bcs.n	10001a1c <divmod_u32u32_savestate>

100019f4 <divmod_u32u32_unsafe>:
100019f4:	6610      	str	r0, [r2, #96]	; 0x60
100019f6:	6651      	str	r1, [r2, #100]	; 0x64
100019f8:	2900      	cmp	r1, #0
100019fa:	d005      	beq.n	10001a08 <divmod_u32u32_unsafe+0x14>
100019fc:	e7ff      	b.n	100019fe <divmod_u32u32_unsafe+0xa>
100019fe:	e7ff      	b.n	10001a00 <divmod_u32u32_unsafe+0xc>
10001a00:	e7ff      	b.n	10001a02 <divmod_u32u32_unsafe+0xe>
10001a02:	6f51      	ldr	r1, [r2, #116]	; 0x74
10001a04:	6f10      	ldr	r0, [r2, #112]	; 0x70
10001a06:	4770      	bx	lr
10001a08:	b504      	push	{r2, lr}
10001a0a:	2800      	cmp	r0, #0
10001a0c:	d001      	beq.n	10001a12 <divmod_u32u32_unsafe+0x1e>
10001a0e:	2000      	movs	r0, #0
10001a10:	43c0      	mvns	r0, r0
10001a12:	f005 f861 	bl	10006ad8 <____aeabi_idiv0_veneer>
10001a16:	2100      	movs	r1, #0
10001a18:	bd04      	pop	{r2, pc}
10001a1a:	46c0      	nop			; (mov r8, r8)

10001a1c <divmod_u32u32_savestate>:
10001a1c:	b5f0      	push	{r4, r5, r6, r7, lr}
10001a1e:	6e14      	ldr	r4, [r2, #96]	; 0x60
10001a20:	6e55      	ldr	r5, [r2, #100]	; 0x64
10001a22:	6f57      	ldr	r7, [r2, #116]	; 0x74
10001a24:	6f16      	ldr	r6, [r2, #112]	; 0x70
10001a26:	f7ff ffe5 	bl	100019f4 <divmod_u32u32_unsafe>
10001a2a:	6614      	str	r4, [r2, #96]	; 0x60
10001a2c:	6655      	str	r5, [r2, #100]	; 0x64
10001a2e:	6757      	str	r7, [r2, #116]	; 0x74
10001a30:	6716      	str	r6, [r2, #112]	; 0x70
10001a32:	bdf0      	pop	{r4, r5, r6, r7, pc}
10001a34:	d0000000 	.word	0xd0000000

10001a38 <__wrap___aeabi_ldivmod>:
10001a38:	4694      	mov	ip, r2
10001a3a:	4a4a      	ldr	r2, [pc, #296]	; (10001b64 <udiv0+0x1a>)
10001a3c:	6f92      	ldr	r2, [r2, #120]	; 0x78
10001a3e:	0892      	lsrs	r2, r2, #2
10001a40:	4662      	mov	r2, ip
10001a42:	d201      	bcs.n	10001a48 <divmod_s64s64_savestate>
10001a44:	e028      	b.n	10001a98 <divmod_s64s64_unsafe>
10001a46:	46c0      	nop			; (mov r8, r8)

10001a48 <divmod_s64s64_savestate>:
10001a48:	b5f0      	push	{r4, r5, r6, r7, lr}
10001a4a:	4e46      	ldr	r6, [pc, #280]	; (10001b64 <udiv0+0x1a>)
10001a4c:	6e34      	ldr	r4, [r6, #96]	; 0x60
10001a4e:	6e75      	ldr	r5, [r6, #100]	; 0x64
10001a50:	6f77      	ldr	r7, [r6, #116]	; 0x74
10001a52:	6f36      	ldr	r6, [r6, #112]	; 0x70
10001a54:	f000 f820 	bl	10001a98 <divmod_s64s64_unsafe>
10001a58:	4694      	mov	ip, r2
10001a5a:	4a42      	ldr	r2, [pc, #264]	; (10001b64 <udiv0+0x1a>)
10001a5c:	6614      	str	r4, [r2, #96]	; 0x60
10001a5e:	6655      	str	r5, [r2, #100]	; 0x64
10001a60:	6757      	str	r7, [r2, #116]	; 0x74
10001a62:	6716      	str	r6, [r2, #112]	; 0x70
10001a64:	4662      	mov	r2, ip
10001a66:	bdf0      	pop	{r4, r5, r6, r7, pc}

10001a68 <__wrap___aeabi_uldivmod>:
10001a68:	4694      	mov	ip, r2
10001a6a:	4a3e      	ldr	r2, [pc, #248]	; (10001b64 <udiv0+0x1a>)
10001a6c:	6f92      	ldr	r2, [r2, #120]	; 0x78
10001a6e:	0892      	lsrs	r2, r2, #2
10001a70:	4662      	mov	r2, ip
10001a72:	d201      	bcs.n	10001a78 <divmod_u64u64_savestate>
10001a74:	e054      	b.n	10001b20 <divmod_u64u64_unsafe>
10001a76:	46c0      	nop			; (mov r8, r8)

10001a78 <divmod_u64u64_savestate>:
10001a78:	b5f0      	push	{r4, r5, r6, r7, lr}
10001a7a:	4e3a      	ldr	r6, [pc, #232]	; (10001b64 <udiv0+0x1a>)
10001a7c:	6e34      	ldr	r4, [r6, #96]	; 0x60
10001a7e:	6e75      	ldr	r5, [r6, #100]	; 0x64
10001a80:	6f77      	ldr	r7, [r6, #116]	; 0x74
10001a82:	6f36      	ldr	r6, [r6, #112]	; 0x70
10001a84:	f000 f84c 	bl	10001b20 <divmod_u64u64_unsafe>
10001a88:	4694      	mov	ip, r2
10001a8a:	4a36      	ldr	r2, [pc, #216]	; (10001b64 <udiv0+0x1a>)
10001a8c:	6614      	str	r4, [r2, #96]	; 0x60
10001a8e:	6655      	str	r5, [r2, #100]	; 0x64
10001a90:	6757      	str	r7, [r2, #116]	; 0x74
10001a92:	6716      	str	r6, [r2, #112]	; 0x70
10001a94:	4662      	mov	r2, ip
10001a96:	bdf0      	pop	{r4, r5, r6, r7, pc}

10001a98 <divmod_s64s64_unsafe>:
10001a98:	2b00      	cmp	r3, #0
10001a9a:	db24      	blt.n	10001ae6 <l42_1+0x26>
10001a9c:	d011      	beq.n	10001ac2 <l42_1+0x2>
10001a9e:	2900      	cmp	r1, #0
10001aa0:	da3e      	bge.n	10001b20 <divmod_u64u64_unsafe>
10001aa2:	b500      	push	{lr}
10001aa4:	43c9      	mvns	r1, r1
10001aa6:	4240      	negs	r0, r0
10001aa8:	d100      	bne.n	10001aac <l40_1>
10001aaa:	3101      	adds	r1, #1

10001aac <l40_1>:
10001aac:	f000 f838 	bl	10001b20 <divmod_u64u64_unsafe>
10001ab0:	43c9      	mvns	r1, r1
10001ab2:	4240      	negs	r0, r0
10001ab4:	d100      	bne.n	10001ab8 <l41_1>
10001ab6:	3101      	adds	r1, #1

10001ab8 <l41_1>:
10001ab8:	43db      	mvns	r3, r3
10001aba:	4252      	negs	r2, r2
10001abc:	d100      	bne.n	10001ac0 <l42_1>
10001abe:	3301      	adds	r3, #1

10001ac0 <l42_1>:
10001ac0:	bd00      	pop	{pc}
10001ac2:	2a00      	cmp	r2, #0
10001ac4:	d1eb      	bne.n	10001a9e <divmod_s64s64_unsafe+0x6>
10001ac6:	2800      	cmp	r0, #0
10001ac8:	d101      	bne.n	10001ace <l42_1+0xe>
10001aca:	2900      	cmp	r1, #0
10001acc:	d005      	beq.n	10001ada <l42_1+0x1a>
10001ace:	2000      	movs	r0, #0
10001ad0:	0fc9      	lsrs	r1, r1, #31
10001ad2:	07c9      	lsls	r1, r1, #31
10001ad4:	d101      	bne.n	10001ada <l42_1+0x1a>
10001ad6:	43c0      	mvns	r0, r0
10001ad8:	0841      	lsrs	r1, r0, #1
10001ada:	b500      	push	{lr}
10001adc:	f004 ffec 	bl	10006ab8 <____aeabi_ldiv0_veneer>
10001ae0:	2200      	movs	r2, #0
10001ae2:	2300      	movs	r3, #0
10001ae4:	bd00      	pop	{pc}
10001ae6:	b500      	push	{lr}
10001ae8:	2900      	cmp	r1, #0
10001aea:	db0a      	blt.n	10001b02 <l44_1+0x2>
10001aec:	43db      	mvns	r3, r3
10001aee:	4252      	negs	r2, r2
10001af0:	d100      	bne.n	10001af4 <l43_1>
10001af2:	3301      	adds	r3, #1

10001af4 <l43_1>:
10001af4:	f000 f814 	bl	10001b20 <divmod_u64u64_unsafe>
10001af8:	43c9      	mvns	r1, r1
10001afa:	4240      	negs	r0, r0
10001afc:	d100      	bne.n	10001b00 <l44_1>
10001afe:	3101      	adds	r1, #1

10001b00 <l44_1>:
10001b00:	bd00      	pop	{pc}
10001b02:	43c9      	mvns	r1, r1
10001b04:	4240      	negs	r0, r0
10001b06:	d100      	bne.n	10001b0a <l45_1>
10001b08:	3101      	adds	r1, #1

10001b0a <l45_1>:
10001b0a:	43db      	mvns	r3, r3
10001b0c:	4252      	negs	r2, r2
10001b0e:	d100      	bne.n	10001b12 <l46_1>
10001b10:	3301      	adds	r3, #1

10001b12 <l46_1>:
10001b12:	f000 f805 	bl	10001b20 <divmod_u64u64_unsafe>
10001b16:	43db      	mvns	r3, r3
10001b18:	4252      	negs	r2, r2
10001b1a:	d100      	bne.n	10001b1e <l47_1>
10001b1c:	3301      	adds	r3, #1

10001b1e <l47_1>:
10001b1e:	bd00      	pop	{pc}

10001b20 <divmod_u64u64_unsafe>:
10001b20:	2900      	cmp	r1, #0
10001b22:	d123      	bne.n	10001b6c <y64>
10001b24:	2b00      	cmp	r3, #0
10001b26:	d118      	bne.n	10001b5a <udiv0+0x10>
10001b28:	2a00      	cmp	r2, #0
10001b2a:	d00c      	beq.n	10001b46 <divmod_u64u64_unsafe+0x26>
10001b2c:	46bc      	mov	ip, r7
10001b2e:	4f0d      	ldr	r7, [pc, #52]	; (10001b64 <udiv0+0x1a>)
10001b30:	6638      	str	r0, [r7, #96]	; 0x60
10001b32:	667a      	str	r2, [r7, #100]	; 0x64
10001b34:	2100      	movs	r1, #0
10001b36:	2300      	movs	r3, #0
10001b38:	e7ff      	b.n	10001b3a <divmod_u64u64_unsafe+0x1a>
10001b3a:	e7ff      	b.n	10001b3c <divmod_u64u64_unsafe+0x1c>
10001b3c:	e7ff      	b.n	10001b3e <divmod_u64u64_unsafe+0x1e>
10001b3e:	6f7a      	ldr	r2, [r7, #116]	; 0x74
10001b40:	6f38      	ldr	r0, [r7, #112]	; 0x70
10001b42:	4667      	mov	r7, ip
10001b44:	4770      	bx	lr
10001b46:	2800      	cmp	r0, #0
10001b48:	d001      	beq.n	10001b4e <udiv0+0x4>

10001b4a <udiv0>:
10001b4a:	4807      	ldr	r0, [pc, #28]	; (10001b68 <udiv0+0x1e>)
10001b4c:	0001      	movs	r1, r0
10001b4e:	b500      	push	{lr}
10001b50:	f004 ffb2 	bl	10006ab8 <____aeabi_ldiv0_veneer>
10001b54:	2200      	movs	r2, #0
10001b56:	2300      	movs	r3, #0
10001b58:	bd00      	pop	{pc}
10001b5a:	0002      	movs	r2, r0
10001b5c:	000b      	movs	r3, r1
10001b5e:	2000      	movs	r0, #0
10001b60:	2100      	movs	r1, #0
10001b62:	4770      	bx	lr
10001b64:	d0000000 	.word	0xd0000000
10001b68:	ffffffff 	.word	0xffffffff

10001b6c <y64>:
10001b6c:	2b00      	cmp	r3, #0
10001b6e:	d000      	beq.n	10001b72 <y64+0x6>
10001b70:	e0bf      	b.n	10001cf2 <y64_x48>
10001b72:	0c13      	lsrs	r3, r2, #16
10001b74:	d128      	bne.n	10001bc8 <y64_x32>
10001b76:	2a00      	cmp	r2, #0
10001b78:	d0e7      	beq.n	10001b4a <udiv0>
10001b7a:	b480      	push	{r7}
10001b7c:	4f11      	ldr	r7, [pc, #68]	; (10001bc4 <y64+0x58>)
10001b7e:	6639      	str	r1, [r7, #96]	; 0x60
10001b80:	667a      	str	r2, [r7, #100]	; 0x64
10001b82:	e7ff      	b.n	10001b84 <y64+0x18>
10001b84:	e7ff      	b.n	10001b86 <y64+0x1a>
10001b86:	b430      	push	{r4, r5}
10001b88:	0c04      	lsrs	r4, r0, #16
10001b8a:	6f7b      	ldr	r3, [r7, #116]	; 0x74
10001b8c:	6f39      	ldr	r1, [r7, #112]	; 0x70
10001b8e:	041b      	lsls	r3, r3, #16
10001b90:	4323      	orrs	r3, r4
10001b92:	663b      	str	r3, [r7, #96]	; 0x60
10001b94:	667a      	str	r2, [r7, #100]	; 0x64
10001b96:	e7ff      	b.n	10001b98 <y64+0x2c>
10001b98:	e7ff      	b.n	10001b9a <y64+0x2e>
10001b9a:	e7ff      	b.n	10001b9c <y64+0x30>
10001b9c:	46c0      	nop			; (mov r8, r8)
10001b9e:	b284      	uxth	r4, r0
10001ba0:	6f7b      	ldr	r3, [r7, #116]	; 0x74
10001ba2:	6f3d      	ldr	r5, [r7, #112]	; 0x70
10001ba4:	041b      	lsls	r3, r3, #16
10001ba6:	4323      	orrs	r3, r4
10001ba8:	663b      	str	r3, [r7, #96]	; 0x60
10001baa:	667a      	str	r2, [r7, #100]	; 0x64
10001bac:	e7ff      	b.n	10001bae <y64+0x42>
10001bae:	e7ff      	b.n	10001bb0 <y64+0x44>
10001bb0:	46c0      	nop			; (mov r8, r8)
10001bb2:	2300      	movs	r3, #0
10001bb4:	042c      	lsls	r4, r5, #16
10001bb6:	0c2d      	lsrs	r5, r5, #16
10001bb8:	6f7a      	ldr	r2, [r7, #116]	; 0x74
10001bba:	6f38      	ldr	r0, [r7, #112]	; 0x70
10001bbc:	1900      	adds	r0, r0, r4
10001bbe:	4169      	adcs	r1, r5
10001bc0:	bcb0      	pop	{r4, r5, r7}
10001bc2:	4770      	bx	lr
10001bc4:	d0000000 	.word	0xd0000000

10001bc8 <y64_x32>:
10001bc8:	b5f0      	push	{r4, r5, r6, r7, lr}
10001bca:	4694      	mov	ip, r2
10001bcc:	2500      	movs	r5, #0
10001bce:	0e14      	lsrs	r4, r2, #24
10001bd0:	d101      	bne.n	10001bd6 <y64_x32+0xe>
10001bd2:	0212      	lsls	r2, r2, #8
10001bd4:	3508      	adds	r5, #8
10001bd6:	0f14      	lsrs	r4, r2, #28
10001bd8:	d101      	bne.n	10001bde <y64_x32+0x16>
10001bda:	0112      	lsls	r2, r2, #4
10001bdc:	3504      	adds	r5, #4
10001bde:	0f94      	lsrs	r4, r2, #30
10001be0:	d101      	bne.n	10001be6 <y64_x32+0x1e>
10001be2:	0092      	lsls	r2, r2, #2
10001be4:	3502      	adds	r5, #2
10001be6:	0fd4      	lsrs	r4, r2, #31
10001be8:	d101      	bne.n	10001bee <y64_x32+0x26>
10001bea:	0052      	lsls	r2, r2, #1
10001bec:	3501      	adds	r5, #1
10001bee:	0bd4      	lsrs	r4, r2, #15
10001bf0:	3401      	adds	r4, #1
10001bf2:	4f25      	ldr	r7, [pc, #148]	; (10001c88 <y64_x32+0xc0>)
10001bf4:	667c      	str	r4, [r7, #100]	; 0x64
10001bf6:	4c25      	ldr	r4, [pc, #148]	; (10001c8c <y64_x32+0xc4>)
10001bf8:	663c      	str	r4, [r7, #96]	; 0x60
10001bfa:	0c0e      	lsrs	r6, r1, #16
10001bfc:	b293      	uxth	r3, r2
10001bfe:	e7ff      	b.n	10001c00 <y64_x32+0x38>
10001c00:	e7ff      	b.n	10001c02 <y64_x32+0x3a>
10001c02:	e7ff      	b.n	10001c04 <y64_x32+0x3c>
10001c04:	6f3c      	ldr	r4, [r7, #112]	; 0x70
10001c06:	4366      	muls	r6, r4
10001c08:	0c36      	lsrs	r6, r6, #16
10001c0a:	0377      	lsls	r7, r6, #13
10001c0c:	46be      	mov	lr, r7
10001c0e:	4373      	muls	r3, r6
10001c10:	0bdf      	lsrs	r7, r3, #15
10001c12:	045b      	lsls	r3, r3, #17
10001c14:	1ac0      	subs	r0, r0, r3
10001c16:	41b9      	sbcs	r1, r7
10001c18:	0c13      	lsrs	r3, r2, #16
10001c1a:	4373      	muls	r3, r6
10001c1c:	18db      	adds	r3, r3, r3
10001c1e:	1ac9      	subs	r1, r1, r3
10001c20:	08ce      	lsrs	r6, r1, #3
10001c22:	4366      	muls	r6, r4
10001c24:	0c36      	lsrs	r6, r6, #16
10001c26:	44b6      	add	lr, r6
10001c28:	b293      	uxth	r3, r2
10001c2a:	4373      	muls	r3, r6
10001c2c:	0f1f      	lsrs	r7, r3, #28
10001c2e:	011b      	lsls	r3, r3, #4
10001c30:	1ac0      	subs	r0, r0, r3
10001c32:	41b9      	sbcs	r1, r7
10001c34:	0c13      	lsrs	r3, r2, #16
10001c36:	4373      	muls	r3, r6
10001c38:	0b1f      	lsrs	r7, r3, #12
10001c3a:	051b      	lsls	r3, r3, #20
10001c3c:	1ac0      	subs	r0, r0, r3
10001c3e:	41b9      	sbcs	r1, r7
10001c40:	0d86      	lsrs	r6, r0, #22
10001c42:	028f      	lsls	r7, r1, #10
10001c44:	433e      	orrs	r6, r7
10001c46:	4366      	muls	r6, r4
10001c48:	0c36      	lsrs	r6, r6, #16
10001c4a:	2d09      	cmp	r5, #9
10001c4c:	db24      	blt.n	10001c98 <last0>
10001c4e:	0a52      	lsrs	r2, r2, #9
10001c50:	4372      	muls	r2, r6
10001c52:	1a80      	subs	r0, r0, r2
10001c54:	0377      	lsls	r7, r6, #13
10001c56:	0a46      	lsrs	r6, r0, #9
10001c58:	4366      	muls	r6, r4
10001c5a:	0c36      	lsrs	r6, r6, #16
10001c5c:	2316      	movs	r3, #22
10001c5e:	1b5b      	subs	r3, r3, r5
10001c60:	40de      	lsrs	r6, r3
10001c62:	40df      	lsrs	r7, r3
10001c64:	19bf      	adds	r7, r7, r6
10001c66:	4664      	mov	r4, ip
10001c68:	4366      	muls	r6, r4
10001c6a:	1b82      	subs	r2, r0, r6
10001c6c:	4670      	mov	r0, lr
10001c6e:	3504      	adds	r5, #4
10001c70:	3306      	adds	r3, #6
10001c72:	0001      	movs	r1, r0
10001c74:	40d9      	lsrs	r1, r3
10001c76:	40a8      	lsls	r0, r5
10001c78:	19c0      	adds	r0, r0, r7
10001c7a:	d300      	bcc.n	10001c7e <y64_x32+0xb6>
10001c7c:	3101      	adds	r1, #1
10001c7e:	42a2      	cmp	r2, r4
10001c80:	d206      	bcs.n	10001c90 <y64_x32+0xc8>
10001c82:	2300      	movs	r3, #0
10001c84:	bdf0      	pop	{r4, r5, r6, r7, pc}
10001c86:	0000      	.short	0x0000
10001c88:	d0000000 	.word	0xd0000000
10001c8c:	ffffffff 	.word	0xffffffff
10001c90:	1b12      	subs	r2, r2, r4
10001c92:	3001      	adds	r0, #1
10001c94:	d3f3      	bcc.n	10001c7e <y64_x32+0xb6>
10001c96:	e7f1      	b.n	10001c7c <y64_x32+0xb4>

10001c98 <last0>:
10001c98:	2709      	movs	r7, #9
10001c9a:	1b7f      	subs	r7, r7, r5
10001c9c:	40fe      	lsrs	r6, r7
10001c9e:	4664      	mov	r4, ip
10001ca0:	b2a2      	uxth	r2, r4
10001ca2:	4372      	muls	r2, r6
10001ca4:	1a80      	subs	r0, r0, r2
10001ca6:	d200      	bcs.n	10001caa <last0+0x12>
10001ca8:	3901      	subs	r1, #1
10001caa:	0c22      	lsrs	r2, r4, #16
10001cac:	4372      	muls	r2, r6
10001cae:	0c13      	lsrs	r3, r2, #16
10001cb0:	0412      	lsls	r2, r2, #16
10001cb2:	1a82      	subs	r2, r0, r2
10001cb4:	4199      	sbcs	r1, r3
10001cb6:	000b      	movs	r3, r1
10001cb8:	4670      	mov	r0, lr
10001cba:	3504      	adds	r5, #4
10001cbc:	3713      	adds	r7, #19
10001cbe:	0001      	movs	r1, r0
10001cc0:	40f9      	lsrs	r1, r7
10001cc2:	40a8      	lsls	r0, r5
10001cc4:	1980      	adds	r0, r0, r6
10001cc6:	d300      	bcc.n	10001cca <last0+0x32>
10001cc8:	3101      	adds	r1, #1
10001cca:	2b00      	cmp	r3, #0
10001ccc:	d102      	bne.n	10001cd4 <last0+0x3c>
10001cce:	42a2      	cmp	r2, r4
10001cd0:	d20a      	bcs.n	10001ce8 <last0+0x50>
10001cd2:	bdf0      	pop	{r4, r5, r6, r7, pc}
10001cd4:	3001      	adds	r0, #1
10001cd6:	d300      	bcc.n	10001cda <last0+0x42>
10001cd8:	3101      	adds	r1, #1
10001cda:	1b12      	subs	r2, r2, r4
10001cdc:	d2fa      	bcs.n	10001cd4 <last0+0x3c>
10001cde:	3b01      	subs	r3, #1
10001ce0:	d1f8      	bne.n	10001cd4 <last0+0x3c>
10001ce2:	42a2      	cmp	r2, r4
10001ce4:	d200      	bcs.n	10001ce8 <last0+0x50>
10001ce6:	bdf0      	pop	{r4, r5, r6, r7, pc}
10001ce8:	3001      	adds	r0, #1
10001cea:	d300      	bcc.n	10001cee <last0+0x56>
10001cec:	3101      	adds	r1, #1
10001cee:	1b12      	subs	r2, r2, r4
10001cf0:	e7f7      	b.n	10001ce2 <last0+0x4a>

10001cf2 <y64_x48>:
10001cf2:	b5f0      	push	{r4, r5, r6, r7, lr}
10001cf4:	0c1c      	lsrs	r4, r3, #16
10001cf6:	d000      	beq.n	10001cfa <y64_x48+0x8>
10001cf8:	e080      	b.n	10001dfc <y64_x64>
10001cfa:	b40c      	push	{r2, r3}
10001cfc:	2500      	movs	r5, #0
10001cfe:	0a1c      	lsrs	r4, r3, #8
10001d00:	d104      	bne.n	10001d0c <y64_x48+0x1a>
10001d02:	021b      	lsls	r3, r3, #8
10001d04:	0e16      	lsrs	r6, r2, #24
10001d06:	4333      	orrs	r3, r6
10001d08:	0212      	lsls	r2, r2, #8
10001d0a:	3508      	adds	r5, #8
10001d0c:	0b1c      	lsrs	r4, r3, #12
10001d0e:	d104      	bne.n	10001d1a <y64_x48+0x28>
10001d10:	011b      	lsls	r3, r3, #4
10001d12:	0f16      	lsrs	r6, r2, #28
10001d14:	4333      	orrs	r3, r6
10001d16:	0112      	lsls	r2, r2, #4
10001d18:	3504      	adds	r5, #4
10001d1a:	0b9c      	lsrs	r4, r3, #14
10001d1c:	d104      	bne.n	10001d28 <y64_x48+0x36>
10001d1e:	009b      	lsls	r3, r3, #2
10001d20:	0f96      	lsrs	r6, r2, #30
10001d22:	4333      	orrs	r3, r6
10001d24:	0092      	lsls	r2, r2, #2
10001d26:	3502      	adds	r5, #2
10001d28:	0bdc      	lsrs	r4, r3, #15
10001d2a:	d102      	bne.n	10001d32 <y64_x48+0x40>
10001d2c:	1892      	adds	r2, r2, r2
10001d2e:	415b      	adcs	r3, r3
10001d30:	3501      	adds	r5, #1
10001d32:	001c      	movs	r4, r3
10001d34:	1897      	adds	r7, r2, r2
10001d36:	4164      	adcs	r4, r4
10001d38:	3401      	adds	r4, #1
10001d3a:	4f46      	ldr	r7, [pc, #280]	; (10001e54 <y64_x64+0x58>)
10001d3c:	667c      	str	r4, [r7, #100]	; 0x64
10001d3e:	4c46      	ldr	r4, [pc, #280]	; (10001e58 <y64_x64+0x5c>)
10001d40:	663c      	str	r4, [r7, #96]	; 0x60
10001d42:	0c0e      	lsrs	r6, r1, #16
10001d44:	e7ff      	b.n	10001d46 <y64_x48+0x54>
10001d46:	e7ff      	b.n	10001d48 <y64_x48+0x56>
10001d48:	e7ff      	b.n	10001d4a <y64_x48+0x58>
10001d4a:	46c0      	nop			; (mov r8, r8)
10001d4c:	6f3c      	ldr	r4, [r7, #112]	; 0x70
10001d4e:	4366      	muls	r6, r4
10001d50:	0c36      	lsrs	r6, r6, #16
10001d52:	0377      	lsls	r7, r6, #13
10001d54:	46be      	mov	lr, r7
10001d56:	b297      	uxth	r7, r2
10001d58:	4377      	muls	r7, r6
10001d5a:	1bc0      	subs	r0, r0, r7
10001d5c:	d200      	bcs.n	10001d60 <y64_x48+0x6e>
10001d5e:	3901      	subs	r1, #1
10001d60:	1bc0      	subs	r0, r0, r7
10001d62:	d200      	bcs.n	10001d66 <y64_x48+0x74>
10001d64:	3901      	subs	r1, #1
10001d66:	b29f      	uxth	r7, r3
10001d68:	4377      	muls	r7, r6
10001d6a:	1bc9      	subs	r1, r1, r7
10001d6c:	1bc9      	subs	r1, r1, r7
10001d6e:	0c17      	lsrs	r7, r2, #16
10001d70:	4377      	muls	r7, r6
10001d72:	047e      	lsls	r6, r7, #17
10001d74:	0bff      	lsrs	r7, r7, #15
10001d76:	1b80      	subs	r0, r0, r6
10001d78:	41b9      	sbcs	r1, r7
10001d7a:	08ce      	lsrs	r6, r1, #3
10001d7c:	4366      	muls	r6, r4
10001d7e:	0c36      	lsrs	r6, r6, #16
10001d80:	2d0c      	cmp	r5, #12
10001d82:	db33      	blt.n	10001dec <last1>
10001d84:	44b6      	add	lr, r6
10001d86:	0b12      	lsrs	r2, r2, #12
10001d88:	051f      	lsls	r7, r3, #20
10001d8a:	433a      	orrs	r2, r7
10001d8c:	0b1b      	lsrs	r3, r3, #12
10001d8e:	b297      	uxth	r7, r2
10001d90:	4377      	muls	r7, r6
10001d92:	1bc0      	subs	r0, r0, r7
10001d94:	d200      	bcs.n	10001d98 <y64_x48+0xa6>
10001d96:	3901      	subs	r1, #1
10001d98:	b29f      	uxth	r7, r3
10001d9a:	4377      	muls	r7, r6
10001d9c:	1bc9      	subs	r1, r1, r7
10001d9e:	0c17      	lsrs	r7, r2, #16
10001da0:	4377      	muls	r7, r6
10001da2:	043e      	lsls	r6, r7, #16
10001da4:	0c3f      	lsrs	r7, r7, #16
10001da6:	1b80      	subs	r0, r0, r6
10001da8:	41b9      	sbcs	r1, r7
10001daa:	0d86      	lsrs	r6, r0, #22
10001dac:	028f      	lsls	r7, r1, #10
10001dae:	433e      	orrs	r6, r7
10001db0:	4366      	muls	r6, r4
10001db2:	2729      	movs	r7, #41	; 0x29
10001db4:	1b7f      	subs	r7, r7, r5
10001db6:	40fe      	lsrs	r6, r7
10001db8:	3d0c      	subs	r5, #12
10001dba:	4677      	mov	r7, lr
10001dbc:	40af      	lsls	r7, r5
10001dbe:	19bf      	adds	r7, r7, r6
10001dc0:	bc30      	pop	{r4, r5}
10001dc2:	b2a2      	uxth	r2, r4
10001dc4:	b2ab      	uxth	r3, r5
10001dc6:	4372      	muls	r2, r6
10001dc8:	4373      	muls	r3, r6
10001dca:	1a80      	subs	r0, r0, r2
10001dcc:	4199      	sbcs	r1, r3
10001dce:	0c22      	lsrs	r2, r4, #16
10001dd0:	4372      	muls	r2, r6
10001dd2:	0c13      	lsrs	r3, r2, #16
10001dd4:	0412      	lsls	r2, r2, #16
10001dd6:	1a80      	subs	r0, r0, r2
10001dd8:	4199      	sbcs	r1, r3
10001dda:	0002      	movs	r2, r0
10001ddc:	000b      	movs	r3, r1
10001dde:	3701      	adds	r7, #1
10001de0:	1b00      	subs	r0, r0, r4
10001de2:	41a9      	sbcs	r1, r5
10001de4:	d2f9      	bcs.n	10001dda <y64_x48+0xe8>
10001de6:	1e78      	subs	r0, r7, #1
10001de8:	2100      	movs	r1, #0
10001dea:	bdf0      	pop	{r4, r5, r6, r7, pc}

10001dec <last1>:
10001dec:	270c      	movs	r7, #12
10001dee:	1b7f      	subs	r7, r7, r5
10001df0:	40fe      	lsrs	r6, r7
10001df2:	4677      	mov	r7, lr
10001df4:	0b7f      	lsrs	r7, r7, #13
10001df6:	40af      	lsls	r7, r5
10001df8:	19ff      	adds	r7, r7, r7
10001dfa:	e7e0      	b.n	10001dbe <y64_x48+0xcc>

10001dfc <y64_x64>:
10001dfc:	2400      	movs	r4, #0
10001dfe:	1c5d      	adds	r5, r3, #1
10001e00:	d007      	beq.n	10001e12 <y64_x64+0x16>
10001e02:	4f14      	ldr	r7, [pc, #80]	; (10001e54 <y64_x64+0x58>)
10001e04:	667d      	str	r5, [r7, #100]	; 0x64
10001e06:	6639      	str	r1, [r7, #96]	; 0x60
10001e08:	e7ff      	b.n	10001e0a <y64_x64+0xe>
10001e0a:	e7ff      	b.n	10001e0c <y64_x64+0x10>
10001e0c:	e7ff      	b.n	10001e0e <y64_x64+0x12>
10001e0e:	e7ff      	b.n	10001e10 <y64_x64+0x14>
10001e10:	6f3c      	ldr	r4, [r7, #112]	; 0x70
10001e12:	b295      	uxth	r5, r2
10001e14:	b29e      	uxth	r6, r3
10001e16:	4365      	muls	r5, r4
10001e18:	4366      	muls	r6, r4
10001e1a:	1b40      	subs	r0, r0, r5
10001e1c:	41b1      	sbcs	r1, r6
10001e1e:	0c15      	lsrs	r5, r2, #16
10001e20:	0c1e      	lsrs	r6, r3, #16
10001e22:	4365      	muls	r5, r4
10001e24:	4366      	muls	r6, r4
10001e26:	0436      	lsls	r6, r6, #16
10001e28:	0c2f      	lsrs	r7, r5, #16
10001e2a:	433e      	orrs	r6, r7
10001e2c:	042d      	lsls	r5, r5, #16
10001e2e:	1b40      	subs	r0, r0, r5
10001e30:	41b1      	sbcs	r1, r6
10001e32:	4299      	cmp	r1, r3
10001e34:	d204      	bcs.n	10001e40 <y64_x64+0x44>
10001e36:	0002      	movs	r2, r0
10001e38:	000b      	movs	r3, r1
10001e3a:	0020      	movs	r0, r4
10001e3c:	2100      	movs	r1, #0
10001e3e:	bdf0      	pop	{r4, r5, r6, r7, pc}
10001e40:	d101      	bne.n	10001e46 <y64_x64+0x4a>
10001e42:	4290      	cmp	r0, r2
10001e44:	d3f7      	bcc.n	10001e36 <y64_x64+0x3a>
10001e46:	1a80      	subs	r0, r0, r2
10001e48:	4199      	sbcs	r1, r3
10001e4a:	3401      	adds	r4, #1
10001e4c:	4299      	cmp	r1, r3
10001e4e:	d3f2      	bcc.n	10001e36 <y64_x64+0x3a>
10001e50:	e7f6      	b.n	10001e40 <y64_x64+0x44>
10001e52:	0000      	.short	0x0000
10001e54:	d0000000 	.word	0xd0000000
10001e58:	ffffffff 	.word	0xffffffff

10001e5c <__wrap___aeabi_drsub>:
10001e5c:	4048      	eors	r0, r1
10001e5e:	4041      	eors	r1, r0
10001e60:	4048      	eors	r0, r1

10001e62 <__wrap___aeabi_dsub>:
10001e62:	b418      	push	{r3, r4}
10001e64:	4b1b      	ldr	r3, [pc, #108]	; (10001ed4 <__wrap___aeabi_dmul+0x12>)
10001e66:	685b      	ldr	r3, [r3, #4]
10001e68:	46fc      	mov	ip, pc
10001e6a:	9301      	str	r3, [sp, #4]
10001e6c:	bd08      	pop	{r3, pc}
10001e6e:	df04      	.short	0xdf04
10001e70:	1000211b 	.word	0x1000211b

10001e74 <__wrap___aeabi_dadd>:
10001e74:	b418      	push	{r3, r4}
10001e76:	4b17      	ldr	r3, [pc, #92]	; (10001ed4 <__wrap___aeabi_dmul+0x12>)
10001e78:	681b      	ldr	r3, [r3, #0]
10001e7a:	46fc      	mov	ip, pc
10001e7c:	9301      	str	r3, [sp, #4]
10001e7e:	bd08      	pop	{r3, pc}
10001e80:	2125df00 	.word	0x2125df00
10001e84:	1000      	.short	0x1000

10001e86 <__wrap___aeabi_ddiv>:
10001e86:	4694      	mov	ip, r2
10001e88:	4a13      	ldr	r2, [pc, #76]	; (10001ed8 <__wrap___aeabi_dmul+0x16>)
10001e8a:	6f92      	ldr	r2, [r2, #120]	; 0x78
10001e8c:	0892      	lsrs	r2, r2, #2
10001e8e:	d209      	bcs.n	10001ea4 <ddiv_save_state>
10001e90:	4662      	mov	r2, ip

10001e92 <ddiv_shim_call>:
10001e92:	b418      	push	{r3, r4}
10001e94:	4b0f      	ldr	r3, [pc, #60]	; (10001ed4 <__wrap___aeabi_dmul+0x12>)
10001e96:	68db      	ldr	r3, [r3, #12]
10001e98:	46fc      	mov	ip, pc
10001e9a:	9301      	str	r3, [sp, #4]
10001e9c:	bd08      	pop	{r3, pc}
10001e9e:	df0c      	.short	0xdf0c
10001ea0:	100023dd 	.word	0x100023dd

10001ea4 <ddiv_save_state>:
10001ea4:	4a0c      	ldr	r2, [pc, #48]	; (10001ed8 <__wrap___aeabi_dmul+0x16>)
10001ea6:	b5f0      	push	{r4, r5, r6, r7, lr}
10001ea8:	6e14      	ldr	r4, [r2, #96]	; 0x60
10001eaa:	6e55      	ldr	r5, [r2, #100]	; 0x64
10001eac:	6f57      	ldr	r7, [r2, #116]	; 0x74
10001eae:	6f16      	ldr	r6, [r2, #112]	; 0x70
10001eb0:	4662      	mov	r2, ip
10001eb2:	f7ff ffee 	bl	10001e92 <ddiv_shim_call>
10001eb6:	4a08      	ldr	r2, [pc, #32]	; (10001ed8 <__wrap___aeabi_dmul+0x16>)
10001eb8:	6614      	str	r4, [r2, #96]	; 0x60
10001eba:	6655      	str	r5, [r2, #100]	; 0x64
10001ebc:	6757      	str	r7, [r2, #116]	; 0x74
10001ebe:	6716      	str	r6, [r2, #112]	; 0x70
10001ec0:	bdf0      	pop	{r4, r5, r6, r7, pc}

10001ec2 <__wrap___aeabi_dmul>:
10001ec2:	b418      	push	{r3, r4}
10001ec4:	4b03      	ldr	r3, [pc, #12]	; (10001ed4 <__wrap___aeabi_dmul+0x12>)
10001ec6:	689b      	ldr	r3, [r3, #8]
10001ec8:	46fc      	mov	ip, pc
10001eca:	9301      	str	r3, [sp, #4]
10001ecc:	bd08      	pop	{r3, pc}
10001ece:	df08      	.short	0xdf08
10001ed0:	10002281 	.word	0x10002281
10001ed4:	20001250 	.word	0x20001250
10001ed8:	d0000000 	.word	0xd0000000

10001edc <__wrap___aeabi_cdrcmple>:
10001edc:	b5ff      	push	{r0, r1, r2, r3, r4, r5, r6, r7, lr}
10001ede:	4050      	eors	r0, r2
10001ee0:	4042      	eors	r2, r0
10001ee2:	4050      	eors	r0, r2
10001ee4:	4059      	eors	r1, r3
10001ee6:	404b      	eors	r3, r1
10001ee8:	4059      	eors	r1, r3
10001eea:	e000      	b.n	10001eee <__aeabi_dfcmple_guts>

10001eec <__wrap___aeabi_cdcmpeq>:
10001eec:	b5ff      	push	{r0, r1, r2, r3, r4, r5, r6, r7, lr}

10001eee <__aeabi_dfcmple_guts>:
10001eee:	4f15      	ldr	r7, [pc, #84]	; (10001f44 <__aeabi_dfcmple_guts+0x56>)
10001ef0:	004c      	lsls	r4, r1, #1
10001ef2:	0d64      	lsrs	r4, r4, #21
10001ef4:	d003      	beq.n	10001efe <__aeabi_dfcmple_guts+0x10>
10001ef6:	42bc      	cmp	r4, r7
10001ef8:	d104      	bne.n	10001f04 <__aeabi_dfcmple_guts+0x16>
10001efa:	030c      	lsls	r4, r1, #12
10001efc:	d814      	bhi.n	10001f28 <__aeabi_dfcmple_guts+0x3a>
10001efe:	2000      	movs	r0, #0
10001f00:	0d09      	lsrs	r1, r1, #20
10001f02:	0509      	lsls	r1, r1, #20
10001f04:	005c      	lsls	r4, r3, #1
10001f06:	0d64      	lsrs	r4, r4, #21
10001f08:	d003      	beq.n	10001f12 <__aeabi_dfcmple_guts+0x24>
10001f0a:	42bc      	cmp	r4, r7
10001f0c:	d104      	bne.n	10001f18 <__aeabi_dfcmple_guts+0x2a>
10001f0e:	031c      	lsls	r4, r3, #12
10001f10:	d80a      	bhi.n	10001f28 <__aeabi_dfcmple_guts+0x3a>
10001f12:	2200      	movs	r2, #0
10001f14:	0d1b      	lsrs	r3, r3, #20
10001f16:	051b      	lsls	r3, r3, #20
10001f18:	2601      	movs	r6, #1
10001f1a:	404b      	eors	r3, r1
10001f1c:	d409      	bmi.n	10001f32 <__aeabi_dfcmple_guts+0x44>
10001f1e:	404b      	eors	r3, r1
10001f20:	d503      	bpl.n	10001f2a <__aeabi_dfcmple_guts+0x3c>
10001f22:	428b      	cmp	r3, r1
10001f24:	d100      	bne.n	10001f28 <__aeabi_dfcmple_guts+0x3a>
10001f26:	4282      	cmp	r2, r0
10001f28:	bdff      	pop	{r0, r1, r2, r3, r4, r5, r6, r7, pc}
10001f2a:	4299      	cmp	r1, r3
10001f2c:	d1fc      	bne.n	10001f28 <__aeabi_dfcmple_guts+0x3a>
10001f2e:	4290      	cmp	r0, r2
10001f30:	bdff      	pop	{r0, r1, r2, r3, r4, r5, r6, r7, pc}
10001f32:	430b      	orrs	r3, r1
10001f34:	18db      	adds	r3, r3, r3
10001f36:	4303      	orrs	r3, r0
10001f38:	4313      	orrs	r3, r2
10001f3a:	d0f5      	beq.n	10001f28 <__aeabi_dfcmple_guts+0x3a>
10001f3c:	43c9      	mvns	r1, r1
10001f3e:	1849      	adds	r1, r1, r1
10001f40:	bdff      	pop	{r0, r1, r2, r3, r4, r5, r6, r7, pc}
10001f42:	0000      	.short	0x0000
10001f44:	000007ff 	.word	0x000007ff

10001f48 <__wrap___aeabi_dcmplt>:
10001f48:	b500      	push	{lr}
10001f4a:	f7ff ffcf 	bl	10001eec <__wrap___aeabi_cdcmpeq>
10001f4e:	4180      	sbcs	r0, r0
10001f50:	bd00      	pop	{pc}
10001f52:	46c0      	nop			; (mov r8, r8)

10001f54 <__wrap___aeabi_dcmple>:
10001f54:	b500      	push	{lr}
10001f56:	f7ff ffc9 	bl	10001eec <__wrap___aeabi_cdcmpeq>
10001f5a:	d901      	bls.n	10001f60 <__wrap___aeabi_dcmple+0xc>
10001f5c:	2000      	movs	r0, #0
10001f5e:	bd00      	pop	{pc}
10001f60:	2001      	movs	r0, #1
10001f62:	bd00      	pop	{pc}

10001f64 <__wrap___aeabi_dcmpge>:
10001f64:	b500      	push	{lr}
10001f66:	f7ff ffb9 	bl	10001edc <__wrap___aeabi_cdrcmple>
10001f6a:	d901      	bls.n	10001f70 <__wrap___aeabi_dcmpge+0xc>
10001f6c:	2000      	movs	r0, #0
10001f6e:	bd00      	pop	{pc}
10001f70:	2001      	movs	r0, #1
10001f72:	bd00      	pop	{pc}

10001f74 <__wrap___aeabi_dcmpgt>:
10001f74:	b500      	push	{lr}
10001f76:	f7ff ffb1 	bl	10001edc <__wrap___aeabi_cdrcmple>
10001f7a:	4180      	sbcs	r0, r0
10001f7c:	bd00      	pop	{pc}

10001f7e <__wrap___aeabi_dcmpun>:
10001f7e:	2001      	movs	r0, #1
10001f80:	0540      	lsls	r0, r0, #21
10001f82:	004a      	lsls	r2, r1, #1
10001f84:	1812      	adds	r2, r2, r0
10001f86:	d804      	bhi.n	10001f92 <__wrap___aeabi_dcmpun+0x14>
10001f88:	005a      	lsls	r2, r3, #1
10001f8a:	1812      	adds	r2, r2, r0
10001f8c:	d801      	bhi.n	10001f92 <__wrap___aeabi_dcmpun+0x14>
10001f8e:	2000      	movs	r0, #0
10001f90:	4770      	bx	lr
10001f92:	2001      	movs	r0, #1
10001f94:	4770      	bx	lr
	...

10001f98 <__wrap___aeabi_ui2d>:
10001f98:	2100      	movs	r1, #0
10001f9a:	2800      	cmp	r0, #0
10001f9c:	d105      	bne.n	10001faa <__wrap___aeabi_i2d+0xa>
10001f9e:	4770      	bx	lr

10001fa0 <__wrap___aeabi_i2d>:
10001fa0:	17c1      	asrs	r1, r0, #31
10001fa2:	4048      	eors	r0, r1
10001fa4:	1a40      	subs	r0, r0, r1
10001fa6:	d0fa      	beq.n	10001f9e <__wrap___aeabi_ui2d+0x6>
10001fa8:	07c9      	lsls	r1, r1, #31
10001faa:	b513      	push	{r0, r1, r4, lr}
10001fac:	4b06      	ldr	r3, [pc, #24]	; (10001fc8 <__wrap___aeabi_i2d+0x28>)
10001fae:	681b      	ldr	r3, [r3, #0]
10001fb0:	4798      	blx	r3
10001fb2:	bc0c      	pop	{r2, r3}
10001fb4:	1c44      	adds	r4, r0, #1
10001fb6:	40a2      	lsls	r2, r4
10001fb8:	0510      	lsls	r0, r2, #20
10001fba:	0b12      	lsrs	r2, r2, #12
10001fbc:	4903      	ldr	r1, [pc, #12]	; (10001fcc <__wrap___aeabi_i2d+0x2c>)
10001fbe:	1b09      	subs	r1, r1, r4
10001fc0:	0509      	lsls	r1, r1, #20
10001fc2:	4319      	orrs	r1, r3
10001fc4:	4311      	orrs	r1, r2
10001fc6:	bd10      	pop	{r4, pc}
10001fc8:	20002114 	.word	0x20002114
10001fcc:	0000041f 	.word	0x0000041f

10001fd0 <__wrap___aeabi_d2iz>:
10001fd0:	b510      	push	{r4, lr}
10001fd2:	004c      	lsls	r4, r1, #1
10001fd4:	0d62      	lsrs	r2, r4, #21
10001fd6:	2380      	movs	r3, #128	; 0x80
10001fd8:	18d2      	adds	r2, r2, r3
10001fda:	00db      	lsls	r3, r3, #3
10001fdc:	1ad2      	subs	r2, r2, r3
10001fde:	055b      	lsls	r3, r3, #21
10001fe0:	2a7e      	cmp	r2, #126	; 0x7e
10001fe2:	dd10      	ble.n	10002006 <__wrap___aeabi_d2iz+0x36>
10001fe4:	3a9e      	subs	r2, #158	; 0x9e
10001fe6:	da13      	bge.n	10002010 <__wrap___aeabi_d2iz+0x40>
10001fe8:	17cc      	asrs	r4, r1, #31
10001fea:	0309      	lsls	r1, r1, #12
10001fec:	0849      	lsrs	r1, r1, #1
10001fee:	4319      	orrs	r1, r3
10001ff0:	4252      	negs	r2, r2
10001ff2:	40d1      	lsrs	r1, r2
10001ff4:	0064      	lsls	r4, r4, #1
10001ff6:	3401      	adds	r4, #1
10001ff8:	3215      	adds	r2, #21
10001ffa:	2a20      	cmp	r2, #32
10001ffc:	da05      	bge.n	1000200a <__wrap___aeabi_d2iz+0x3a>
10001ffe:	40d0      	lsrs	r0, r2
10002000:	4308      	orrs	r0, r1
10002002:	4360      	muls	r0, r4
10002004:	bd10      	pop	{r4, pc}
10002006:	2000      	movs	r0, #0
10002008:	bd10      	pop	{r4, pc}
1000200a:	4608      	mov	r0, r1
1000200c:	4360      	muls	r0, r4
1000200e:	bd10      	pop	{r4, pc}
10002010:	0fc8      	lsrs	r0, r1, #31
10002012:	18c0      	adds	r0, r0, r3
10002014:	3801      	subs	r0, #1
10002016:	bd10      	pop	{r4, pc}

10002018 <__wrap___aeabi_d2uiz>:
10002018:	b418      	push	{r3, r4}
1000201a:	4b04      	ldr	r3, [pc, #16]	; (1000202c <__wrap___aeabi_d2uiz+0x14>)
1000201c:	6a5b      	ldr	r3, [r3, #36]	; 0x24
1000201e:	46fc      	mov	ip, pc
10002020:	9301      	str	r3, [sp, #4]
10002022:	bd08      	pop	{r3, pc}
10002024:	258ddf24 	.word	0x258ddf24
10002028:	00001000 	.word	0x00001000
1000202c:	20001250 	.word	0x20001250

10002030 <__wrap___aeabi_d2f>:
10002030:	b418      	push	{r3, r4}
10002032:	4b04      	ldr	r3, [pc, #16]	; (10002044 <__wrap___aeabi_d2f+0x14>)
10002034:	6fdb      	ldr	r3, [r3, #124]	; 0x7c
10002036:	46fc      	mov	ip, pc
10002038:	9301      	str	r3, [sp, #4]
1000203a:	bd08      	pop	{r3, pc}
1000203c:	260ddf7c 	.word	0x260ddf7c
10002040:	00001000 	.word	0x00001000
10002044:	20001250 	.word	0x20001250

10002048 <__aeabi_double_init>:
10002048:	2313      	movs	r3, #19
1000204a:	b570      	push	{r4, r5, r6, lr}
1000204c:	781d      	ldrb	r5, [r3, #0]
1000204e:	2d01      	cmp	r5, #1
10002050:	d019      	beq.n	10002086 <__aeabi_double_init+0x3e>
10002052:	dd14      	ble.n	1000207e <__aeabi_double_init+0x36>
10002054:	481e      	ldr	r0, [pc, #120]	; (100020d0 <__aeabi_double_init+0x88>)
10002056:	f7ff fc67 	bl	10001928 <rom_data_lookup>
1000205a:	0006      	movs	r6, r0
1000205c:	481d      	ldr	r0, [pc, #116]	; (100020d4 <__aeabi_double_init+0x8c>)
1000205e:	f7ff fc63 	bl	10001928 <rom_data_lookup>
10002062:	4c1d      	ldr	r4, [pc, #116]	; (100020d8 <__aeabi_double_init+0x90>)
10002064:	2280      	movs	r2, #128	; 0x80
10002066:	0031      	movs	r1, r6
10002068:	0020      	movs	r0, r4
1000206a:	f000 fbad 	bl	100027c8 <__wrap___aeabi_memcpy>
1000206e:	2d02      	cmp	r5, #2
10002070:	d006      	beq.n	10002080 <__aeabi_double_init+0x38>
10002072:	481a      	ldr	r0, [pc, #104]	; (100020dc <__aeabi_double_init+0x94>)
10002074:	f7ff fc50 	bl	10001918 <rom_func_lookup>
10002078:	4b19      	ldr	r3, [pc, #100]	; (100020e0 <__aeabi_double_init+0x98>)
1000207a:	6018      	str	r0, [r3, #0]
1000207c:	bd70      	pop	{r4, r5, r6, pc}
1000207e:	4c16      	ldr	r4, [pc, #88]	; (100020d8 <__aeabi_double_init+0x90>)
10002080:	4b18      	ldr	r3, [pc, #96]	; (100020e4 <__aeabi_double_init+0x9c>)
10002082:	64a3      	str	r3, [r4, #72]	; 0x48
10002084:	e7f5      	b.n	10002072 <__aeabi_double_init+0x2a>
10002086:	4b17      	ldr	r3, [pc, #92]	; (100020e4 <__aeabi_double_init+0x9c>)
10002088:	4c13      	ldr	r4, [pc, #76]	; (100020d8 <__aeabi_double_init+0x90>)
1000208a:	6023      	str	r3, [r4, #0]
1000208c:	6063      	str	r3, [r4, #4]
1000208e:	60a3      	str	r3, [r4, #8]
10002090:	60e3      	str	r3, [r4, #12]
10002092:	6123      	str	r3, [r4, #16]
10002094:	6163      	str	r3, [r4, #20]
10002096:	61a3      	str	r3, [r4, #24]
10002098:	61e3      	str	r3, [r4, #28]
1000209a:	6223      	str	r3, [r4, #32]
1000209c:	6263      	str	r3, [r4, #36]	; 0x24
1000209e:	62a3      	str	r3, [r4, #40]	; 0x28
100020a0:	62e3      	str	r3, [r4, #44]	; 0x2c
100020a2:	6323      	str	r3, [r4, #48]	; 0x30
100020a4:	6363      	str	r3, [r4, #52]	; 0x34
100020a6:	63a3      	str	r3, [r4, #56]	; 0x38
100020a8:	63e3      	str	r3, [r4, #60]	; 0x3c
100020aa:	6423      	str	r3, [r4, #64]	; 0x40
100020ac:	6463      	str	r3, [r4, #68]	; 0x44
100020ae:	64a3      	str	r3, [r4, #72]	; 0x48
100020b0:	64e3      	str	r3, [r4, #76]	; 0x4c
100020b2:	6523      	str	r3, [r4, #80]	; 0x50
100020b4:	6563      	str	r3, [r4, #84]	; 0x54
100020b6:	65a3      	str	r3, [r4, #88]	; 0x58
100020b8:	65e3      	str	r3, [r4, #92]	; 0x5c
100020ba:	6623      	str	r3, [r4, #96]	; 0x60
100020bc:	6663      	str	r3, [r4, #100]	; 0x64
100020be:	66a3      	str	r3, [r4, #104]	; 0x68
100020c0:	66e3      	str	r3, [r4, #108]	; 0x6c
100020c2:	6723      	str	r3, [r4, #112]	; 0x70
100020c4:	6763      	str	r3, [r4, #116]	; 0x74
100020c6:	67a3      	str	r3, [r4, #120]	; 0x78
100020c8:	67e3      	str	r3, [r4, #124]	; 0x7c
100020ca:	64a3      	str	r3, [r4, #72]	; 0x48
100020cc:	e7d1      	b.n	10002072 <__aeabi_double_init+0x2a>
100020ce:	46c0      	nop			; (mov r8, r8)
100020d0:	00004453 	.word	0x00004453
100020d4:	00004653 	.word	0x00004653
100020d8:	20001250 	.word	0x20001250
100020dc:	0000334c 	.word	0x0000334c
100020e0:	20002114 	.word	0x20002114
100020e4:	100020e9 	.word	0x100020e9

100020e8 <double_table_shim_on_use_helper>:
100020e8:	b507      	push	{r0, r1, r2, lr}
100020ea:	4660      	mov	r0, ip
100020ec:	8801      	ldrh	r1, [r0, #0]
100020ee:	0a0a      	lsrs	r2, r1, #8
100020f0:	3002      	adds	r0, #2
100020f2:	2adf      	cmp	r2, #223	; 0xdf
100020f4:	d1fa      	bne.n	100020ec <double_table_shim_on_use_helper+0x4>
100020f6:	b2c9      	uxtb	r1, r1
100020f8:	0882      	lsrs	r2, r0, #2
100020fa:	d304      	bcc.n	10002106 <double_table_shim_on_use_helper+0x1e>
100020fc:	8802      	ldrh	r2, [r0, #0]
100020fe:	8840      	ldrh	r0, [r0, #2]
10002100:	0400      	lsls	r0, r0, #16
10002102:	4310      	orrs	r0, r2
10002104:	e000      	b.n	10002108 <double_table_shim_on_use_helper+0x20>
10002106:	6800      	ldr	r0, [r0, #0]
10002108:	4a01      	ldr	r2, [pc, #4]	; (10002110 <double_table_shim_on_use_helper+0x28>)
1000210a:	5050      	str	r0, [r2, r1]
1000210c:	9003      	str	r0, [sp, #12]
1000210e:	bd07      	pop	{r0, r1, r2, pc}
10002110:	20001250 	.word	0x20001250

10002114 <drsub_shim>:
10002114:	b40f      	push	{r0, r1, r2, r3}
10002116:	bc03      	pop	{r0, r1}
10002118:	bc0c      	pop	{r2, r3}

1000211a <dsub_shim>:
1000211a:	b5f0      	push	{r4, r5, r6, r7, lr}
1000211c:	2401      	movs	r4, #1
1000211e:	07e4      	lsls	r4, r4, #31
10002120:	4063      	eors	r3, r4
10002122:	e000      	b.n	10002126 <da_entry>

10002124 <dadd_shim>:
10002124:	b5f0      	push	{r4, r5, r6, r7, lr}

10002126 <da_entry>:
10002126:	0d0c      	lsrs	r4, r1, #20
10002128:	0fcf      	lsrs	r7, r1, #31
1000212a:	1e66      	subs	r6, r4, #1
1000212c:	0536      	lsls	r6, r6, #20
1000212e:	1b89      	subs	r1, r1, r6
10002130:	0564      	lsls	r4, r4, #21
10002132:	d303      	bcc.n	1000213c <l8_1>
10002134:	43c9      	mvns	r1, r1
10002136:	4240      	negs	r0, r0
10002138:	d300      	bcc.n	1000213c <l8_1>
1000213a:	3101      	adds	r1, #1

1000213c <l8_1>:
1000213c:	0d64      	lsrs	r4, r4, #21
1000213e:	d003      	beq.n	10002148 <l8_2>
10002140:	1c66      	adds	r6, r4, #1
10002142:	0af6      	lsrs	r6, r6, #11
10002144:	d007      	beq.n	10002156 <l8_3>
10002146:	1be4      	subs	r4, r4, r7

10002148 <l8_2>:
10002148:	2000      	movs	r0, #0
1000214a:	007f      	lsls	r7, r7, #1
1000214c:	1c79      	adds	r1, r7, #1
1000214e:	0789      	lsls	r1, r1, #30
10002150:	1289      	asrs	r1, r1, #10
10002152:	3c80      	subs	r4, #128	; 0x80
10002154:	0324      	lsls	r4, r4, #12

10002156 <l8_3>:
10002156:	0d1d      	lsrs	r5, r3, #20
10002158:	0fdf      	lsrs	r7, r3, #31
1000215a:	1e6e      	subs	r6, r5, #1
1000215c:	0536      	lsls	r6, r6, #20
1000215e:	1b9b      	subs	r3, r3, r6
10002160:	056d      	lsls	r5, r5, #21
10002162:	d303      	bcc.n	1000216c <l9_1>
10002164:	43db      	mvns	r3, r3
10002166:	4252      	negs	r2, r2
10002168:	d300      	bcc.n	1000216c <l9_1>
1000216a:	3301      	adds	r3, #1

1000216c <l9_1>:
1000216c:	0d6d      	lsrs	r5, r5, #21
1000216e:	d003      	beq.n	10002178 <l9_2>
10002170:	1c6e      	adds	r6, r5, #1
10002172:	0af6      	lsrs	r6, r6, #11
10002174:	d007      	beq.n	10002186 <l9_3>
10002176:	1bed      	subs	r5, r5, r7

10002178 <l9_2>:
10002178:	2200      	movs	r2, #0
1000217a:	007f      	lsls	r7, r7, #1
1000217c:	1c7b      	adds	r3, r7, #1
1000217e:	079b      	lsls	r3, r3, #30
10002180:	129b      	asrs	r3, r3, #10
10002182:	3d80      	subs	r5, #128	; 0x80
10002184:	032d      	lsls	r5, r5, #12

10002186 <l9_3>:
10002186:	1b2f      	subs	r7, r5, r4
10002188:	1b66      	subs	r6, r4, r5
1000218a:	d458      	bmi.n	1000223e <da_ygtx>
1000218c:	46a4      	mov	ip, r4
1000218e:	2e20      	cmp	r6, #32
10002190:	da46      	bge.n	10002220 <da_xrgty>
10002192:	3720      	adds	r7, #32
10002194:	0014      	movs	r4, r2
10002196:	40bc      	lsls	r4, r7

10002198 <da_xgty0>:
10002198:	001d      	movs	r5, r3
1000219a:	40bd      	lsls	r5, r7
1000219c:	40f2      	lsrs	r2, r6
1000219e:	4133      	asrs	r3, r6
100021a0:	432a      	orrs	r2, r5

100021a2 <da_add>:
100021a2:	1880      	adds	r0, r0, r2
100021a4:	4159      	adcs	r1, r3

100021a6 <da_pack>:
100021a6:	0fcb      	lsrs	r3, r1, #31
100021a8:	d005      	beq.n	100021b6 <da_pack+0x10>
100021aa:	43c9      	mvns	r1, r1
100021ac:	43c0      	mvns	r0, r0
100021ae:	2200      	movs	r2, #0
100021b0:	4264      	negs	r4, r4
100021b2:	4150      	adcs	r0, r2
100021b4:	4151      	adcs	r1, r2
100021b6:	4662      	mov	r2, ip
100021b8:	0d4d      	lsrs	r5, r1, #21
100021ba:	d128      	bne.n	1000220e <da_0>
100021bc:	0d0d      	lsrs	r5, r1, #20
100021be:	d107      	bne.n	100021d0 <da_1>
100021c0:	2800      	cmp	r0, #0
100021c2:	d01f      	beq.n	10002204 <da_5>

100021c4 <da_2>:
100021c4:	1924      	adds	r4, r4, r4
100021c6:	4140      	adcs	r0, r0
100021c8:	4149      	adcs	r1, r1
100021ca:	3a01      	subs	r2, #1
100021cc:	0d0d      	lsrs	r5, r1, #20
100021ce:	d0f9      	beq.n	100021c4 <da_2>

100021d0 <da_1>:
100021d0:	0064      	lsls	r4, r4, #1
100021d2:	d306      	bcc.n	100021e2 <da_3>

100021d4 <da_4>:
100021d4:	3001      	adds	r0, #1
100021d6:	d300      	bcc.n	100021da <da_4+0x6>
100021d8:	3101      	adds	r1, #1
100021da:	2c00      	cmp	r4, #0
100021dc:	d101      	bne.n	100021e2 <da_3>
100021de:	0840      	lsrs	r0, r0, #1
100021e0:	0040      	lsls	r0, r0, #1

100021e2 <da_3>:
100021e2:	3a01      	subs	r2, #1
100021e4:	d40b      	bmi.n	100021fe <da_6>
100021e6:	1c94      	adds	r4, r2, #2
100021e8:	0ae4      	lsrs	r4, r4, #11
100021ea:	d104      	bne.n	100021f6 <da_7>
100021ec:	0512      	lsls	r2, r2, #20
100021ee:	4411      	add	r1, r2
100021f0:	07db      	lsls	r3, r3, #31
100021f2:	4419      	add	r1, r3
100021f4:	bdf0      	pop	{r4, r5, r6, r7, pc}

100021f6 <da_7>:
100021f6:	07d9      	lsls	r1, r3, #31
100021f8:	4b20      	ldr	r3, [pc, #128]	; (1000227c <da_xmgty+0x4>)
100021fa:	4319      	orrs	r1, r3
100021fc:	e000      	b.n	10002200 <da_6+0x2>

100021fe <da_6>:
100021fe:	07d9      	lsls	r1, r3, #31
10002200:	2000      	movs	r0, #0
10002202:	bdf0      	pop	{r4, r5, r6, r7, pc}

10002204 <da_5>:
10002204:	2900      	cmp	r1, #0
10002206:	d1dd      	bne.n	100021c4 <da_2>
10002208:	2c00      	cmp	r4, #0
1000220a:	d1db      	bne.n	100021c4 <da_2>
1000220c:	bdf0      	pop	{r4, r5, r6, r7, pc}

1000220e <da_0>:
1000220e:	3201      	adds	r2, #1
10002210:	07c6      	lsls	r6, r0, #31
10002212:	0840      	lsrs	r0, r0, #1
10002214:	07cd      	lsls	r5, r1, #31
10002216:	4328      	orrs	r0, r5
10002218:	0849      	lsrs	r1, r1, #1
1000221a:	2e00      	cmp	r6, #0
1000221c:	d0e1      	beq.n	100021e2 <da_3>
1000221e:	e7d9      	b.n	100021d4 <da_4>

10002220 <da_xrgty>:
10002220:	2e3c      	cmp	r6, #60	; 0x3c
10002222:	da29      	bge.n	10002278 <da_xmgty>
10002224:	3e20      	subs	r6, #32
10002226:	3740      	adds	r7, #64	; 0x40
10002228:	0014      	movs	r4, r2
1000222a:	40bc      	lsls	r4, r7
1000222c:	d000      	beq.n	10002230 <da_xrgty+0x10>
1000222e:	2401      	movs	r4, #1
10002230:	40f2      	lsrs	r2, r6
10002232:	4314      	orrs	r4, r2
10002234:	001a      	movs	r2, r3
10002236:	40bb      	lsls	r3, r7
10002238:	431c      	orrs	r4, r3
1000223a:	17d3      	asrs	r3, r2, #31
1000223c:	e7ac      	b.n	10002198 <da_xgty0>

1000223e <da_ygtx>:
1000223e:	46ac      	mov	ip, r5
10002240:	2f20      	cmp	r7, #32
10002242:	da08      	bge.n	10002256 <da_yrgtx>
10002244:	3620      	adds	r6, #32
10002246:	0004      	movs	r4, r0
10002248:	40b4      	lsls	r4, r6

1000224a <da_ygtx0>:
1000224a:	000d      	movs	r5, r1
1000224c:	40b5      	lsls	r5, r6
1000224e:	40f8      	lsrs	r0, r7
10002250:	4139      	asrs	r1, r7
10002252:	4328      	orrs	r0, r5
10002254:	e7a5      	b.n	100021a2 <da_add>

10002256 <da_yrgtx>:
10002256:	2f3c      	cmp	r7, #60	; 0x3c
10002258:	da0c      	bge.n	10002274 <da_ymgtx>
1000225a:	3f20      	subs	r7, #32
1000225c:	3640      	adds	r6, #64	; 0x40
1000225e:	0004      	movs	r4, r0
10002260:	40b4      	lsls	r4, r6
10002262:	d000      	beq.n	10002266 <da_yrgtx+0x10>
10002264:	2401      	movs	r4, #1
10002266:	40f8      	lsrs	r0, r7
10002268:	4304      	orrs	r4, r0
1000226a:	0008      	movs	r0, r1
1000226c:	40b1      	lsls	r1, r6
1000226e:	430c      	orrs	r4, r1
10002270:	17c1      	asrs	r1, r0, #31
10002272:	e7ea      	b.n	1000224a <da_ygtx0>

10002274 <da_ymgtx>:
10002274:	0010      	movs	r0, r2
10002276:	0019      	movs	r1, r3

10002278 <da_xmgty>:
10002278:	2400      	movs	r4, #0
1000227a:	e794      	b.n	100021a6 <da_pack>
1000227c:	7ff00000 	.word	0x7ff00000

10002280 <dmul_shim>:
10002280:	b5f0      	push	{r4, r5, r6, r7, lr}
10002282:	0d0c      	lsrs	r4, r1, #20
10002284:	1e66      	subs	r6, r4, #1
10002286:	0536      	lsls	r6, r6, #20
10002288:	1b89      	subs	r1, r1, r6
1000228a:	0ae6      	lsrs	r6, r4, #11
1000228c:	0564      	lsls	r4, r4, #21
1000228e:	0d64      	lsrs	r4, r4, #21
10002290:	d002      	beq.n	10002298 <l12_1>
10002292:	1c65      	adds	r5, r4, #1
10002294:	0aed      	lsrs	r5, r5, #11
10002296:	d004      	beq.n	100022a2 <l12_2>

10002298 <l12_1>:
10002298:	2000      	movs	r0, #0
1000229a:	2101      	movs	r1, #1
1000229c:	0509      	lsls	r1, r1, #20
1000229e:	3c80      	subs	r4, #128	; 0x80
100022a0:	0324      	lsls	r4, r4, #12

100022a2 <l12_2>:
100022a2:	46a4      	mov	ip, r4
100022a4:	0d1c      	lsrs	r4, r3, #20
100022a6:	1e67      	subs	r7, r4, #1
100022a8:	053f      	lsls	r7, r7, #20
100022aa:	1bdb      	subs	r3, r3, r7
100022ac:	0ae7      	lsrs	r7, r4, #11
100022ae:	0564      	lsls	r4, r4, #21
100022b0:	0d64      	lsrs	r4, r4, #21
100022b2:	d002      	beq.n	100022ba <l13_1>
100022b4:	1c65      	adds	r5, r4, #1
100022b6:	0aed      	lsrs	r5, r5, #11
100022b8:	d004      	beq.n	100022c4 <l13_2>

100022ba <l13_1>:
100022ba:	2200      	movs	r2, #0
100022bc:	2301      	movs	r3, #1
100022be:	051b      	lsls	r3, r3, #20
100022c0:	3c80      	subs	r4, #128	; 0x80
100022c2:	0324      	lsls	r4, r4, #12

100022c4 <l13_2>:
100022c4:	4077      	eors	r7, r6
100022c6:	4464      	add	r4, ip
100022c8:	b497      	push	{r0, r1, r2, r4, r7}
100022ca:	b284      	uxth	r4, r0
100022cc:	b296      	uxth	r6, r2
100022ce:	4374      	muls	r4, r6
100022d0:	0c07      	lsrs	r7, r0, #16
100022d2:	437e      	muls	r6, r7
100022d4:	0c15      	lsrs	r5, r2, #16
100022d6:	436f      	muls	r7, r5
100022d8:	b280      	uxth	r0, r0
100022da:	4368      	muls	r0, r5
100022dc:	1836      	adds	r6, r6, r0
100022de:	d302      	bcc.n	100022e6 <l14_1>
100022e0:	2001      	movs	r0, #1
100022e2:	0400      	lsls	r0, r0, #16
100022e4:	183f      	adds	r7, r7, r0

100022e6 <l14_1>:
100022e6:	0430      	lsls	r0, r6, #16
100022e8:	0c35      	lsrs	r5, r6, #16
100022ea:	1900      	adds	r0, r0, r4
100022ec:	417d      	adcs	r5, r7
100022ee:	4684      	mov	ip, r0
100022f0:	b288      	uxth	r0, r1
100022f2:	b29a      	uxth	r2, r3
100022f4:	4350      	muls	r0, r2
100022f6:	0c0c      	lsrs	r4, r1, #16
100022f8:	4362      	muls	r2, r4
100022fa:	0c1f      	lsrs	r7, r3, #16
100022fc:	437c      	muls	r4, r7
100022fe:	b28e      	uxth	r6, r1
10002300:	437e      	muls	r6, r7
10002302:	1992      	adds	r2, r2, r6
10002304:	d302      	bcc.n	1000230c <l15_1>
10002306:	2601      	movs	r6, #1
10002308:	0436      	lsls	r6, r6, #16
1000230a:	19a4      	adds	r4, r4, r6

1000230c <l15_1>:
1000230c:	0416      	lsls	r6, r2, #16
1000230e:	0c17      	lsrs	r7, r2, #16
10002310:	1836      	adds	r6, r6, r0
10002312:	4167      	adcs	r7, r4
10002314:	bc01      	pop	{r0}
10002316:	b281      	uxth	r1, r0
10002318:	b29a      	uxth	r2, r3
1000231a:	4351      	muls	r1, r2
1000231c:	0c04      	lsrs	r4, r0, #16
1000231e:	4362      	muls	r2, r4
10002320:	0c1b      	lsrs	r3, r3, #16
10002322:	435c      	muls	r4, r3
10002324:	b280      	uxth	r0, r0
10002326:	4358      	muls	r0, r3
10002328:	1812      	adds	r2, r2, r0
1000232a:	d302      	bcc.n	10002332 <l16_1>
1000232c:	2001      	movs	r0, #1
1000232e:	0400      	lsls	r0, r0, #16
10002330:	1824      	adds	r4, r4, r0

10002332 <l16_1>:
10002332:	0410      	lsls	r0, r2, #16
10002334:	0c13      	lsrs	r3, r2, #16
10002336:	1840      	adds	r0, r0, r1
10002338:	4163      	adcs	r3, r4
1000233a:	182d      	adds	r5, r5, r0
1000233c:	415e      	adcs	r6, r3
1000233e:	2000      	movs	r0, #0
10002340:	4147      	adcs	r7, r0
10002342:	bc06      	pop	{r1, r2}
10002344:	b288      	uxth	r0, r1
10002346:	b293      	uxth	r3, r2
10002348:	4358      	muls	r0, r3
1000234a:	0c0c      	lsrs	r4, r1, #16
1000234c:	4363      	muls	r3, r4
1000234e:	0c12      	lsrs	r2, r2, #16
10002350:	4354      	muls	r4, r2
10002352:	b289      	uxth	r1, r1
10002354:	4351      	muls	r1, r2
10002356:	185b      	adds	r3, r3, r1
10002358:	d302      	bcc.n	10002360 <l17_1>
1000235a:	2101      	movs	r1, #1
1000235c:	0409      	lsls	r1, r1, #16
1000235e:	1864      	adds	r4, r4, r1

10002360 <l17_1>:
10002360:	0419      	lsls	r1, r3, #16
10002362:	0c1a      	lsrs	r2, r3, #16
10002364:	1809      	adds	r1, r1, r0
10002366:	4162      	adcs	r2, r4
10002368:	186d      	adds	r5, r5, r1
1000236a:	4156      	adcs	r6, r2
1000236c:	2000      	movs	r0, #0
1000236e:	4147      	adcs	r7, r0
10002370:	bc18      	pop	{r3, r4}
10002372:	02f9      	lsls	r1, r7, #11
10002374:	0d72      	lsrs	r2, r6, #21
10002376:	4311      	orrs	r1, r2
10002378:	02f0      	lsls	r0, r6, #11
1000237a:	0d6a      	lsrs	r2, r5, #21
1000237c:	4310      	orrs	r0, r2
1000237e:	02ed      	lsls	r5, r5, #11
10002380:	0d0a      	lsrs	r2, r1, #20
10002382:	d103      	bne.n	1000238c <l17_1+0x2c>
10002384:	196d      	adds	r5, r5, r5
10002386:	4140      	adcs	r0, r0
10002388:	4149      	adcs	r1, r1
1000238a:	3b01      	subs	r3, #1
1000238c:	4e12      	ldr	r6, [pc, #72]	; (100023d8 <dm_1+0xa>)
1000238e:	1b9b      	subs	r3, r3, r6
10002390:	0076      	lsls	r6, r6, #1
10002392:	42b3      	cmp	r3, r6
10002394:	d20e      	bcs.n	100023b4 <dm_0>
10002396:	006d      	lsls	r5, r5, #1
10002398:	d307      	bcc.n	100023aa <l17_1+0x4a>
1000239a:	3001      	adds	r0, #1
1000239c:	2600      	movs	r6, #0
1000239e:	4171      	adcs	r1, r6
100023a0:	4666      	mov	r6, ip
100023a2:	4335      	orrs	r5, r6
100023a4:	d101      	bne.n	100023aa <l17_1+0x4a>
100023a6:	0840      	lsrs	r0, r0, #1
100023a8:	0040      	lsls	r0, r0, #1
100023aa:	051b      	lsls	r3, r3, #20
100023ac:	18c9      	adds	r1, r1, r3

100023ae <dm_2>:
100023ae:	07e4      	lsls	r4, r4, #31
100023b0:	4421      	add	r1, r4
100023b2:	bdf0      	pop	{r4, r5, r6, r7, pc}

100023b4 <dm_0>:
100023b4:	da0b      	bge.n	100023ce <dm_1>
100023b6:	3301      	adds	r3, #1
100023b8:	d106      	bne.n	100023c8 <dm_0+0x14>
100023ba:	3001      	adds	r0, #1
100023bc:	d104      	bne.n	100023c8 <dm_0+0x14>
100023be:	3101      	adds	r1, #1
100023c0:	0d4f      	lsrs	r7, r1, #21
100023c2:	d001      	beq.n	100023c8 <dm_0+0x14>
100023c4:	0849      	lsrs	r1, r1, #1
100023c6:	e7f2      	b.n	100023ae <dm_2>
100023c8:	07e1      	lsls	r1, r4, #31
100023ca:	2000      	movs	r0, #0
100023cc:	bdf0      	pop	{r4, r5, r6, r7, pc}

100023ce <dm_1>:
100023ce:	3601      	adds	r6, #1
100023d0:	0531      	lsls	r1, r6, #20
100023d2:	2000      	movs	r0, #0
100023d4:	e7eb      	b.n	100023ae <dm_2>
100023d6:	0000      	.short	0x0000
100023d8:	000003ff 	.word	0x000003ff

100023dc <ddiv_shim>:
100023dc:	b5f0      	push	{r4, r5, r6, r7, lr}

100023de <ddiv0>:
100023de:	0d1c      	lsrs	r4, r3, #20
100023e0:	1e67      	subs	r7, r4, #1
100023e2:	053f      	lsls	r7, r7, #20
100023e4:	1bdb      	subs	r3, r3, r7
100023e6:	0ae7      	lsrs	r7, r4, #11
100023e8:	0564      	lsls	r4, r4, #21
100023ea:	0d64      	lsrs	r4, r4, #21
100023ec:	d002      	beq.n	100023f4 <l20_1>
100023ee:	1c66      	adds	r6, r4, #1
100023f0:	0af6      	lsrs	r6, r6, #11
100023f2:	d004      	beq.n	100023fe <l20_2>

100023f4 <l20_1>:
100023f4:	2200      	movs	r2, #0
100023f6:	2301      	movs	r3, #1
100023f8:	051b      	lsls	r3, r3, #20
100023fa:	3c80      	subs	r4, #128	; 0x80
100023fc:	0324      	lsls	r4, r4, #12

100023fe <l20_2>:
100023fe:	25d0      	movs	r5, #208	; 0xd0
10002400:	062d      	lsls	r5, r5, #24
10002402:	2600      	movs	r6, #0
10002404:	43f6      	mvns	r6, r6
10002406:	662e      	str	r6, [r5, #96]	; 0x60
10002408:	091e      	lsrs	r6, r3, #4
1000240a:	666e      	str	r6, [r5, #100]	; 0x64
1000240c:	0fce      	lsrs	r6, r1, #31
1000240e:	19f6      	adds	r6, r6, r7
10002410:	46b4      	mov	ip, r6
10002412:	0049      	lsls	r1, r1, #1
10002414:	0d4f      	lsrs	r7, r1, #21
10002416:	d002      	beq.n	1000241e <l20_2+0x20>
10002418:	1c7e      	adds	r6, r7, #1
1000241a:	0af6      	lsrs	r6, r6, #11
1000241c:	d003      	beq.n	10002426 <l20_2+0x28>
1000241e:	2000      	movs	r0, #0
10002420:	2100      	movs	r1, #0
10002422:	3f40      	subs	r7, #64	; 0x40
10002424:	033f      	lsls	r7, r7, #12
10002426:	1b3e      	subs	r6, r7, r4
10002428:	00b6      	lsls	r6, r6, #2
1000242a:	44b4      	add	ip, r6
1000242c:	3f01      	subs	r7, #1
1000242e:	057f      	lsls	r7, r7, #21
10002430:	1bc9      	subs	r1, r1, r7
10002432:	0849      	lsrs	r1, r1, #1
10002434:	6f2e      	ldr	r6, [r5, #112]	; 0x70
10002436:	3601      	adds	r6, #1
10002438:	0876      	lsrs	r6, r6, #1
1000243a:	029c      	lsls	r4, r3, #10
1000243c:	0d95      	lsrs	r5, r2, #22
1000243e:	4325      	orrs	r5, r4
10002440:	4375      	muls	r5, r6
10002442:	13ed      	asrs	r5, r5, #15
10002444:	4375      	muls	r5, r6
10002446:	13ad      	asrs	r5, r5, #14
10002448:	3501      	adds	r5, #1
1000244a:	106d      	asrs	r5, r5, #1
1000244c:	03f6      	lsls	r6, r6, #15
1000244e:	1b76      	subs	r6, r6, r5
10002450:	b40c      	push	{r2, r3}
10002452:	02cc      	lsls	r4, r1, #11
10002454:	0d45      	lsrs	r5, r0, #21
10002456:	432c      	orrs	r4, r5
10002458:	b2a2      	uxth	r2, r4
1000245a:	b2b3      	uxth	r3, r6
1000245c:	435a      	muls	r2, r3
1000245e:	0c27      	lsrs	r7, r4, #16
10002460:	437b      	muls	r3, r7
10002462:	0c35      	lsrs	r5, r6, #16
10002464:	436f      	muls	r7, r5
10002466:	b2a4      	uxth	r4, r4
10002468:	436c      	muls	r4, r5
1000246a:	191b      	adds	r3, r3, r4
1000246c:	d302      	bcc.n	10002474 <l21_1>
1000246e:	2401      	movs	r4, #1
10002470:	0424      	lsls	r4, r4, #16
10002472:	193f      	adds	r7, r7, r4

10002474 <l21_1>:
10002474:	041c      	lsls	r4, r3, #16
10002476:	0c1d      	lsrs	r5, r3, #16
10002478:	18a4      	adds	r4, r4, r2
1000247a:	417d      	adcs	r5, r7
1000247c:	1924      	adds	r4, r4, r4
1000247e:	416d      	adcs	r5, r5
10002480:	9a00      	ldr	r2, [sp, #0]
10002482:	b291      	uxth	r1, r2
10002484:	b2ac      	uxth	r4, r5
10002486:	4361      	muls	r1, r4
10002488:	0c17      	lsrs	r7, r2, #16
1000248a:	437c      	muls	r4, r7
1000248c:	0c2b      	lsrs	r3, r5, #16
1000248e:	435f      	muls	r7, r3
10002490:	b292      	uxth	r2, r2
10002492:	435a      	muls	r2, r3
10002494:	18a4      	adds	r4, r4, r2
10002496:	d302      	bcc.n	1000249e <l22_1>
10002498:	2201      	movs	r2, #1
1000249a:	0412      	lsls	r2, r2, #16
1000249c:	18bf      	adds	r7, r7, r2

1000249e <l22_1>:
1000249e:	0422      	lsls	r2, r4, #16
100024a0:	0c23      	lsrs	r3, r4, #16
100024a2:	1852      	adds	r2, r2, r1
100024a4:	417b      	adcs	r3, r7
100024a6:	9c01      	ldr	r4, [sp, #4]
100024a8:	436c      	muls	r4, r5
100024aa:	191b      	adds	r3, r3, r4
100024ac:	0e52      	lsrs	r2, r2, #25
100024ae:	01d9      	lsls	r1, r3, #7
100024b0:	430a      	orrs	r2, r1
100024b2:	0144      	lsls	r4, r0, #5
100024b4:	1aa0      	subs	r0, r4, r2
100024b6:	b281      	uxth	r1, r0
100024b8:	b2b2      	uxth	r2, r6
100024ba:	4351      	muls	r1, r2
100024bc:	1403      	asrs	r3, r0, #16
100024be:	435a      	muls	r2, r3
100024c0:	0c36      	lsrs	r6, r6, #16
100024c2:	4373      	muls	r3, r6
100024c4:	b287      	uxth	r7, r0
100024c6:	4377      	muls	r7, r6
100024c8:	17d6      	asrs	r6, r2, #31
100024ca:	19d2      	adds	r2, r2, r7
100024cc:	2700      	movs	r7, #0
100024ce:	417e      	adcs	r6, r7
100024d0:	0436      	lsls	r6, r6, #16
100024d2:	199b      	adds	r3, r3, r6
100024d4:	0417      	lsls	r7, r2, #16
100024d6:	0c16      	lsrs	r6, r2, #16
100024d8:	187f      	adds	r7, r7, r1
100024da:	415e      	adcs	r6, r3
100024dc:	1673      	asrs	r3, r6, #25
100024de:	18ed      	adds	r5, r5, r3
100024e0:	01f3      	lsls	r3, r6, #7
100024e2:	2600      	movs	r6, #0
100024e4:	3380      	adds	r3, #128	; 0x80
100024e6:	4175      	adcs	r5, r6
100024e8:	0fa9      	lsrs	r1, r5, #30
100024ea:	d106      	bne.n	100024fa <dd_0>
100024ec:	0064      	lsls	r4, r4, #1
100024ee:	0a69      	lsrs	r1, r5, #9
100024f0:	05e8      	lsls	r0, r5, #23
100024f2:	0a5b      	lsrs	r3, r3, #9
100024f4:	4318      	orrs	r0, r3
100024f6:	d209      	bcs.n	1000250c <dd_1>
100024f8:	e02f      	b.n	1000255a <dd_2>

100024fa <dd_0>:
100024fa:	2204      	movs	r2, #4
100024fc:	4494      	add	ip, r2
100024fe:	3380      	adds	r3, #128	; 0x80
10002500:	4175      	adcs	r5, r6
10002502:	0aa9      	lsrs	r1, r5, #10
10002504:	05a8      	lsls	r0, r5, #22
10002506:	0a9b      	lsrs	r3, r3, #10
10002508:	4318      	orrs	r0, r3
1000250a:	d326      	bcc.n	1000255a <dd_2>

1000250c <dd_1>:
1000250c:	4140      	adcs	r0, r0
1000250e:	4149      	adcs	r1, r1
10002510:	0424      	lsls	r4, r4, #16
10002512:	9a00      	ldr	r2, [sp, #0]
10002514:	9b01      	ldr	r3, [sp, #4]
10002516:	000d      	movs	r5, r1
10002518:	4355      	muls	r5, r2
1000251a:	1b64      	subs	r4, r4, r5
1000251c:	4343      	muls	r3, r0
1000251e:	1ae4      	subs	r4, r4, r3
10002520:	b295      	uxth	r5, r2
10002522:	b286      	uxth	r6, r0
10002524:	4375      	muls	r5, r6
10002526:	0c17      	lsrs	r7, r2, #16
10002528:	437e      	muls	r6, r7
1000252a:	0c03      	lsrs	r3, r0, #16
1000252c:	435f      	muls	r7, r3
1000252e:	b292      	uxth	r2, r2
10002530:	435a      	muls	r2, r3
10002532:	18b6      	adds	r6, r6, r2
10002534:	d302      	bcc.n	1000253c <l24_1>
10002536:	2201      	movs	r2, #1
10002538:	0412      	lsls	r2, r2, #16
1000253a:	18bf      	adds	r7, r7, r2

1000253c <l24_1>:
1000253c:	0432      	lsls	r2, r6, #16
1000253e:	0c33      	lsrs	r3, r6, #16
10002540:	1952      	adds	r2, r2, r5
10002542:	417b      	adcs	r3, r7
10002544:	4252      	negs	r2, r2
10002546:	419c      	sbcs	r4, r3
10002548:	2c00      	cmp	r4, #0
1000254a:	d402      	bmi.n	10002552 <l24_1+0x16>
1000254c:	2200      	movs	r2, #0
1000254e:	3001      	adds	r0, #1
10002550:	4151      	adcs	r1, r2
10002552:	0840      	lsrs	r0, r0, #1
10002554:	07ca      	lsls	r2, r1, #31
10002556:	4310      	orrs	r0, r2
10002558:	0849      	lsrs	r1, r1, #1

1000255a <dd_2>:
1000255a:	b002      	add	sp, #8
1000255c:	4662      	mov	r2, ip
1000255e:	07d7      	lsls	r7, r2, #31
10002560:	1092      	asrs	r2, r2, #2
10002562:	4b08      	ldr	r3, [pc, #32]	; (10002584 <dd_4+0x6>)
10002564:	18d2      	adds	r2, r2, r3
10002566:	4b08      	ldr	r3, [pc, #32]	; (10002588 <dd_4+0xa>)
10002568:	429a      	cmp	r2, r3
1000256a:	d203      	bcs.n	10002574 <dd_3>
1000256c:	0512      	lsls	r2, r2, #20
1000256e:	1889      	adds	r1, r1, r2

10002570 <dd_5>:
10002570:	19c9      	adds	r1, r1, r7
10002572:	bdf0      	pop	{r4, r5, r6, r7, pc}

10002574 <dd_3>:
10002574:	2000      	movs	r0, #0
10002576:	2a00      	cmp	r2, #0
10002578:	dc01      	bgt.n	1000257e <dd_4>
1000257a:	0039      	movs	r1, r7
1000257c:	bdf0      	pop	{r4, r5, r6, r7, pc}

1000257e <dd_4>:
1000257e:	3301      	adds	r3, #1
10002580:	0519      	lsls	r1, r3, #20
10002582:	e7f5      	b.n	10002570 <dd_5>
10002584:	000003fd 	.word	0x000003fd
10002588:	000007fe 	.word	0x000007fe

1000258c <double2uint_shim>:
1000258c:	2200      	movs	r2, #0

1000258e <double2ufix_shim>:
1000258e:	b500      	push	{lr}
10002590:	3220      	adds	r2, #32
10002592:	f000 f804 	bl	1000259e <double2ufix64_shim>
10002596:	0008      	movs	r0, r1
10002598:	bd00      	pop	{pc}
	...

1000259c <double2uint64_shim>:
1000259c:	2200      	movs	r2, #0

1000259e <double2ufix64_shim>:
1000259e:	150b      	asrs	r3, r1, #20
100025a0:	d40a      	bmi.n	100025b8 <ret_dzero>

100025a2 <d2fix>:
100025a2:	b510      	push	{r4, lr}
100025a4:	4694      	mov	ip, r2
100025a6:	f000 f85f 	bl	10002668 <dunpacks>
100025aa:	1414      	asrs	r4, r2, #16
100025ac:	3401      	adds	r4, #1
100025ae:	da00      	bge.n	100025b2 <d2fix+0x10>
100025b0:	2100      	movs	r1, #0
100025b2:	17cb      	asrs	r3, r1, #31
100025b4:	4c14      	ldr	r4, [pc, #80]	; (10002608 <d2fix_a+0x4a>)
100025b6:	4720      	bx	r4

100025b8 <ret_dzero>:
100025b8:	2000      	movs	r0, #0
100025ba:	2100      	movs	r1, #0
100025bc:	4770      	bx	lr

100025be <d2fix_a>:
100025be:	4462      	add	r2, ip
100025c0:	3a34      	subs	r2, #52	; 0x34
100025c2:	d40c      	bmi.n	100025de <d2fix_a+0x20>
100025c4:	2a0c      	cmp	r2, #12
100025c6:	da07      	bge.n	100025d8 <d2fix_a+0x1a>
100025c8:	0004      	movs	r4, r0
100025ca:	4091      	lsls	r1, r2
100025cc:	4090      	lsls	r0, r2
100025ce:	4252      	negs	r2, r2
100025d0:	3220      	adds	r2, #32
100025d2:	40d4      	lsrs	r4, r2
100025d4:	4321      	orrs	r1, r4
100025d6:	bd10      	pop	{r4, pc}
100025d8:	43d8      	mvns	r0, r3
100025da:	43d9      	mvns	r1, r3
100025dc:	bd10      	pop	{r4, pc}
100025de:	3220      	adds	r2, #32
100025e0:	d407      	bmi.n	100025f2 <d2fix_a+0x34>
100025e2:	460c      	mov	r4, r1
100025e4:	4094      	lsls	r4, r2
100025e6:	4252      	negs	r2, r2
100025e8:	3220      	adds	r2, #32
100025ea:	4111      	asrs	r1, r2
100025ec:	40d0      	lsrs	r0, r2
100025ee:	4320      	orrs	r0, r4
100025f0:	bd10      	pop	{r4, pc}
100025f2:	0008      	movs	r0, r1
100025f4:	17c9      	asrs	r1, r1, #31
100025f6:	3220      	adds	r2, #32
100025f8:	d403      	bmi.n	10002602 <d2fix_a+0x44>
100025fa:	4252      	negs	r2, r2
100025fc:	3220      	adds	r2, #32
100025fe:	4110      	asrs	r0, r2
10002600:	bd10      	pop	{r4, pc}
10002602:	0018      	movs	r0, r3
10002604:	0019      	movs	r1, r3
10002606:	bd10      	pop	{r4, pc}
10002608:	100025bf 	.word	0x100025bf

1000260c <double2float_shim>:
1000260c:	004a      	lsls	r2, r1, #1
1000260e:	0d52      	lsrs	r2, r2, #21
10002610:	4b14      	ldr	r3, [pc, #80]	; (10002664 <double2float_shim+0x58>)
10002612:	1ad2      	subs	r2, r2, r3
10002614:	dd13      	ble.n	1000263e <double2float_shim+0x32>
10002616:	2aff      	cmp	r2, #255	; 0xff
10002618:	da1e      	bge.n	10002658 <double2float_shim+0x4c>
1000261a:	05d2      	lsls	r2, r2, #23
1000261c:	0fcb      	lsrs	r3, r1, #31
1000261e:	07db      	lsls	r3, r3, #31
10002620:	431a      	orrs	r2, r3
10002622:	00c3      	lsls	r3, r0, #3
10002624:	0f40      	lsrs	r0, r0, #29
10002626:	0309      	lsls	r1, r1, #12
10002628:	0a49      	lsrs	r1, r1, #9
1000262a:	4308      	orrs	r0, r1
1000262c:	4310      	orrs	r0, r2
1000262e:	005b      	lsls	r3, r3, #1
10002630:	d301      	bcc.n	10002636 <double2float_shim+0x2a>
10002632:	d001      	beq.n	10002638 <double2float_shim+0x2c>
10002634:	3001      	adds	r0, #1
10002636:	4770      	bx	lr
10002638:	0843      	lsrs	r3, r0, #1
1000263a:	d2fb      	bcs.n	10002634 <double2float_shim+0x28>
1000263c:	4770      	bx	lr
1000263e:	d002      	beq.n	10002646 <double2float_shim+0x3a>
10002640:	0fc8      	lsrs	r0, r1, #31
10002642:	07c0      	lsls	r0, r0, #31
10002644:	4770      	bx	lr
10002646:	030a      	lsls	r2, r1, #12
10002648:	1312      	asrs	r2, r2, #12
1000264a:	3201      	adds	r2, #1
1000264c:	d1f8      	bne.n	10002640 <double2float_shim+0x34>
1000264e:	0f42      	lsrs	r2, r0, #29
10002650:	2a07      	cmp	r2, #7
10002652:	d1f5      	bne.n	10002640 <double2float_shim+0x34>
10002654:	2201      	movs	r2, #1
10002656:	e000      	b.n	1000265a <double2float_shim+0x4e>
10002658:	22ff      	movs	r2, #255	; 0xff
1000265a:	0fc8      	lsrs	r0, r1, #31
1000265c:	0200      	lsls	r0, r0, #8
1000265e:	1880      	adds	r0, r0, r2
10002660:	05c0      	lsls	r0, r0, #23
10002662:	4770      	bx	lr
10002664:	00000380 	.word	0x00000380

10002668 <dunpacks>:
10002668:	0d0a      	lsrs	r2, r1, #20
1000266a:	0fcc      	lsrs	r4, r1, #31
1000266c:	1e53      	subs	r3, r2, #1
1000266e:	051b      	lsls	r3, r3, #20
10002670:	1ac9      	subs	r1, r1, r3
10002672:	0552      	lsls	r2, r2, #21
10002674:	d303      	bcc.n	1000267e <l60_1>
10002676:	43c9      	mvns	r1, r1
10002678:	4240      	negs	r0, r0
1000267a:	d300      	bcc.n	1000267e <l60_1>
1000267c:	3101      	adds	r1, #1

1000267e <l60_1>:
1000267e:	0d52      	lsrs	r2, r2, #21
10002680:	d003      	beq.n	1000268a <l60_2>
10002682:	1c53      	adds	r3, r2, #1
10002684:	0adb      	lsrs	r3, r3, #11
10002686:	d007      	beq.n	10002698 <l60_3>
10002688:	1b12      	subs	r2, r2, r4

1000268a <l60_2>:
1000268a:	2000      	movs	r0, #0
1000268c:	0064      	lsls	r4, r4, #1
1000268e:	1c61      	adds	r1, r4, #1
10002690:	0789      	lsls	r1, r1, #30
10002692:	1289      	asrs	r1, r1, #10
10002694:	3a80      	subs	r2, #128	; 0x80
10002696:	0312      	lsls	r2, r2, #12

10002698 <l60_3>:
10002698:	4b01      	ldr	r3, [pc, #4]	; (100026a0 <l60_3+0x8>)
1000269a:	1ad2      	subs	r2, r2, r3
1000269c:	4770      	bx	lr
1000269e:	0000      	.short	0x0000
100026a0:	000003ff 	.word	0x000003ff

100026a4 <__wrap___aeabi_lmul>:
100026a4:	4351      	muls	r1, r2
100026a6:	4343      	muls	r3, r0
100026a8:	18c9      	adds	r1, r1, r3
100026aa:	468c      	mov	ip, r1
100026ac:	0c11      	lsrs	r1, r2, #16
100026ae:	b283      	uxth	r3, r0
100026b0:	434b      	muls	r3, r1
100026b2:	b410      	push	{r4}
100026b4:	0c04      	lsrs	r4, r0, #16
100026b6:	4361      	muls	r1, r4
100026b8:	b292      	uxth	r2, r2
100026ba:	b280      	uxth	r0, r0
100026bc:	4350      	muls	r0, r2
100026be:	4362      	muls	r2, r4
100026c0:	041c      	lsls	r4, r3, #16
100026c2:	0c1b      	lsrs	r3, r3, #16
100026c4:	1900      	adds	r0, r0, r4
100026c6:	bc10      	pop	{r4}
100026c8:	4159      	adcs	r1, r3
100026ca:	0413      	lsls	r3, r2, #16
100026cc:	0c12      	lsrs	r2, r2, #16
100026ce:	18c0      	adds	r0, r0, r3
100026d0:	4151      	adcs	r1, r2
100026d2:	4461      	add	r1, ip
100026d4:	4770      	bx	lr
	...

100026d8 <__wrap___aeabi_f2d>:
100026d8:	4b03      	ldr	r3, [pc, #12]	; (100026e8 <__wrap___aeabi_f2d+0x10>)
100026da:	6fdb      	ldr	r3, [r3, #124]	; 0x7c
100026dc:	46fc      	mov	ip, pc
100026de:	4718      	bx	r3
100026e0:	277ddf7c 	.word	0x277ddf7c
100026e4:	00001000 	.word	0x00001000
100026e8:	20001350 	.word	0x20001350

100026ec <__aeabi_float_init>:
100026ec:	2313      	movs	r3, #19
100026ee:	b510      	push	{r4, lr}
100026f0:	4812      	ldr	r0, [pc, #72]	; (1000273c <__aeabi_float_init+0x50>)
100026f2:	781c      	ldrb	r4, [r3, #0]
100026f4:	f7ff f918 	bl	10001928 <rom_data_lookup>
100026f8:	0001      	movs	r1, r0
100026fa:	2c01      	cmp	r4, #1
100026fc:	d00a      	beq.n	10002714 <__aeabi_float_init+0x28>
100026fe:	dd03      	ble.n	10002708 <__aeabi_float_init+0x1c>
10002700:	2280      	movs	r2, #128	; 0x80
10002702:	480f      	ldr	r0, [pc, #60]	; (10002740 <__aeabi_float_init+0x54>)
10002704:	f000 f860 	bl	100027c8 <__wrap___aeabi_memcpy>
10002708:	480e      	ldr	r0, [pc, #56]	; (10002744 <__aeabi_float_init+0x58>)
1000270a:	f7ff f905 	bl	10001918 <rom_func_lookup>
1000270e:	4b0e      	ldr	r3, [pc, #56]	; (10002748 <__aeabi_float_init+0x5c>)
10002710:	6018      	str	r0, [r3, #0]
10002712:	bd10      	pop	{r4, pc}
10002714:	4c0a      	ldr	r4, [pc, #40]	; (10002740 <__aeabi_float_init+0x54>)
10002716:	2254      	movs	r2, #84	; 0x54
10002718:	0020      	movs	r0, r4
1000271a:	f000 f855 	bl	100027c8 <__wrap___aeabi_memcpy>
1000271e:	4b0b      	ldr	r3, [pc, #44]	; (1000274c <__aeabi_float_init+0x60>)
10002720:	6563      	str	r3, [r4, #84]	; 0x54
10002722:	65a3      	str	r3, [r4, #88]	; 0x58
10002724:	65e3      	str	r3, [r4, #92]	; 0x5c
10002726:	6623      	str	r3, [r4, #96]	; 0x60
10002728:	6663      	str	r3, [r4, #100]	; 0x64
1000272a:	66a3      	str	r3, [r4, #104]	; 0x68
1000272c:	66e3      	str	r3, [r4, #108]	; 0x6c
1000272e:	6723      	str	r3, [r4, #112]	; 0x70
10002730:	6763      	str	r3, [r4, #116]	; 0x74
10002732:	67a3      	str	r3, [r4, #120]	; 0x78
10002734:	67e3      	str	r3, [r4, #124]	; 0x7c
10002736:	6223      	str	r3, [r4, #32]
10002738:	61e3      	str	r3, [r4, #28]
1000273a:	e7e5      	b.n	10002708 <__aeabi_float_init+0x1c>
1000273c:	00004653 	.word	0x00004653
10002740:	20001350 	.word	0x20001350
10002744:	0000334c 	.word	0x0000334c
10002748:	20002114 	.word	0x20002114
1000274c:	10002751 	.word	0x10002751

10002750 <float_table_shim_on_use_helper>:
10002750:	b507      	push	{r0, r1, r2, lr}
10002752:	4660      	mov	r0, ip
10002754:	8801      	ldrh	r1, [r0, #0]
10002756:	0a0a      	lsrs	r2, r1, #8
10002758:	3002      	adds	r0, #2
1000275a:	2adf      	cmp	r2, #223	; 0xdf
1000275c:	d1fa      	bne.n	10002754 <float_table_shim_on_use_helper+0x4>
1000275e:	b2c9      	uxtb	r1, r1
10002760:	0882      	lsrs	r2, r0, #2
10002762:	d304      	bcc.n	1000276e <float_table_shim_on_use_helper+0x1e>
10002764:	8802      	ldrh	r2, [r0, #0]
10002766:	8840      	ldrh	r0, [r0, #2]
10002768:	0400      	lsls	r0, r0, #16
1000276a:	4310      	orrs	r0, r2
1000276c:	e000      	b.n	10002770 <float_table_shim_on_use_helper+0x20>
1000276e:	6800      	ldr	r0, [r0, #0]
10002770:	4a01      	ldr	r2, [pc, #4]	; (10002778 <float_table_shim_on_use_helper+0x28>)
10002772:	5050      	str	r0, [r2, r1]
10002774:	9003      	str	r0, [sp, #12]
10002776:	bd07      	pop	{r0, r1, r2, pc}
10002778:	20001350 	.word	0x20001350

1000277c <float2double_shim>:
1000277c:	0fc3      	lsrs	r3, r0, #31
1000277e:	07db      	lsls	r3, r3, #31
10002780:	0041      	lsls	r1, r0, #1
10002782:	0e0a      	lsrs	r2, r1, #24
10002784:	d007      	beq.n	10002796 <float2double_shim+0x1a>
10002786:	2aff      	cmp	r2, #255	; 0xff
10002788:	d008      	beq.n	1000279c <float2double_shim+0x20>
1000278a:	0909      	lsrs	r1, r1, #4
1000278c:	4a05      	ldr	r2, [pc, #20]	; (100027a4 <float2double_shim+0x28>)
1000278e:	1889      	adds	r1, r1, r2
10002790:	4319      	orrs	r1, r3
10002792:	0740      	lsls	r0, r0, #29
10002794:	4770      	bx	lr
10002796:	0019      	movs	r1, r3
10002798:	2000      	movs	r0, #0
1000279a:	4770      	bx	lr
1000279c:	4902      	ldr	r1, [pc, #8]	; (100027a8 <float2double_shim+0x2c>)
1000279e:	18c9      	adds	r1, r1, r3
100027a0:	e7fa      	b.n	10002798 <float2double_shim+0x1c>
100027a2:	0000      	.short	0x0000
100027a4:	38000000 	.word	0x38000000
100027a8:	7ff00000 	.word	0x7ff00000

100027ac <__aeabi_mem_init>:
100027ac:	4801      	ldr	r0, [pc, #4]	; (100027b4 <__aeabi_mem_init+0x8>)
100027ae:	2104      	movs	r1, #4
100027b0:	4b01      	ldr	r3, [pc, #4]	; (100027b8 <__aeabi_mem_init+0xc>)
100027b2:	4718      	bx	r3
100027b4:	20001070 	.word	0x20001070
100027b8:	10001939 	.word	0x10001939

100027bc <__wrap_memset>:
100027bc:	4b01      	ldr	r3, [pc, #4]	; (100027c4 <__wrap_memset+0x8>)
100027be:	681b      	ldr	r3, [r3, #0]
100027c0:	4718      	bx	r3
100027c2:	0000      	.short	0x0000
100027c4:	20001070 	.word	0x20001070

100027c8 <__wrap___aeabi_memcpy>:
100027c8:	4b01      	ldr	r3, [pc, #4]	; (100027d0 <__wrap___aeabi_memcpy+0x8>)
100027ca:	685b      	ldr	r3, [r3, #4]
100027cc:	4718      	bx	r3
100027ce:	0000      	.short	0x0000
100027d0:	20001070 	.word	0x20001070

100027d4 <_out_null>:
100027d4:	4770      	bx	lr
100027d6:	46c0      	nop			; (mov r8, r8)

100027d8 <_out_rev>:
100027d8:	b5f8      	push	{r3, r4, r5, r6, r7, lr}
100027da:	4657      	mov	r7, sl
100027dc:	464e      	mov	r6, r9
100027de:	4645      	mov	r5, r8
100027e0:	46de      	mov	lr, fp
100027e2:	b5e0      	push	{r5, r6, r7, lr}
100027e4:	4699      	mov	r9, r3
100027e6:	9b0a      	ldr	r3, [sp, #40]	; 0x28
100027e8:	0007      	movs	r7, r0
100027ea:	469a      	mov	sl, r3
100027ec:	9b0d      	ldr	r3, [sp, #52]	; 0x34
100027ee:	4688      	mov	r8, r1
100027f0:	4693      	mov	fp, r2
100027f2:	0015      	movs	r5, r2
100027f4:	9e0b      	ldr	r6, [sp, #44]	; 0x2c
100027f6:	079b      	lsls	r3, r3, #30
100027f8:	d110      	bne.n	1000281c <_out_rev+0x44>
100027fa:	9b0c      	ldr	r3, [sp, #48]	; 0x30
100027fc:	429e      	cmp	r6, r3
100027fe:	d20d      	bcs.n	1000281c <_out_rev+0x44>
10002800:	1b9d      	subs	r5, r3, r6
10002802:	0014      	movs	r4, r2
10002804:	000e      	movs	r6, r1
10002806:	445d      	add	r5, fp
10002808:	0022      	movs	r2, r4
1000280a:	464b      	mov	r3, r9
1000280c:	3401      	adds	r4, #1
1000280e:	0031      	movs	r1, r6
10002810:	2020      	movs	r0, #32
10002812:	47b8      	blx	r7
10002814:	42a5      	cmp	r5, r4
10002816:	d1f7      	bne.n	10002808 <_out_rev+0x30>
10002818:	46b0      	mov	r8, r6
1000281a:	9e0b      	ldr	r6, [sp, #44]	; 0x2c
1000281c:	2e00      	cmp	r6, #0
1000281e:	d027      	beq.n	10002870 <_out_rev+0x98>
10002820:	4644      	mov	r4, r8
10002822:	1975      	adds	r5, r6, r5
10002824:	4653      	mov	r3, sl
10002826:	1baa      	subs	r2, r5, r6
10002828:	3e01      	subs	r6, #1
1000282a:	5d98      	ldrb	r0, [r3, r6]
1000282c:	0021      	movs	r1, r4
1000282e:	464b      	mov	r3, r9
10002830:	47b8      	blx	r7
10002832:	2e00      	cmp	r6, #0
10002834:	d1f6      	bne.n	10002824 <_out_rev+0x4c>
10002836:	0023      	movs	r3, r4
10002838:	002c      	movs	r4, r5
1000283a:	4698      	mov	r8, r3
1000283c:	9b0d      	ldr	r3, [sp, #52]	; 0x34
1000283e:	079b      	lsls	r3, r3, #30
10002840:	d50f      	bpl.n	10002862 <_out_rev+0x8a>
10002842:	465b      	mov	r3, fp
10002844:	1ae5      	subs	r5, r4, r3
10002846:	9b0c      	ldr	r3, [sp, #48]	; 0x30
10002848:	42ab      	cmp	r3, r5
1000284a:	d90a      	bls.n	10002862 <_out_rev+0x8a>
1000284c:	4646      	mov	r6, r8
1000284e:	4698      	mov	r8, r3
10002850:	0022      	movs	r2, r4
10002852:	464b      	mov	r3, r9
10002854:	0031      	movs	r1, r6
10002856:	2020      	movs	r0, #32
10002858:	3501      	adds	r5, #1
1000285a:	47b8      	blx	r7
1000285c:	3401      	adds	r4, #1
1000285e:	45a8      	cmp	r8, r5
10002860:	d8f6      	bhi.n	10002850 <_out_rev+0x78>
10002862:	0020      	movs	r0, r4
10002864:	bcf0      	pop	{r4, r5, r6, r7}
10002866:	46bb      	mov	fp, r7
10002868:	46b2      	mov	sl, r6
1000286a:	46a9      	mov	r9, r5
1000286c:	46a0      	mov	r8, r4
1000286e:	bdf8      	pop	{r3, r4, r5, r6, r7, pc}
10002870:	002c      	movs	r4, r5
10002872:	e7e3      	b.n	1000283c <_out_rev+0x64>

10002874 <_ntoa_format>:
10002874:	b5f0      	push	{r4, r5, r6, r7, lr}
10002876:	464f      	mov	r7, r9
10002878:	4646      	mov	r6, r8
1000287a:	46d6      	mov	lr, sl
1000287c:	b5c0      	push	{r6, r7, lr}
1000287e:	b084      	sub	sp, #16
10002880:	4698      	mov	r8, r3
10002882:	ab0e      	add	r3, sp, #56	; 0x38
10002884:	781b      	ldrb	r3, [r3, #0]
10002886:	9f12      	ldr	r7, [sp, #72]	; 0x48
10002888:	4699      	mov	r9, r3
1000288a:	4694      	mov	ip, r2
1000288c:	9c0d      	ldr	r4, [sp, #52]	; 0x34
1000288e:	9b10      	ldr	r3, [sp, #64]	; 0x40
10002890:	9e11      	ldr	r6, [sp, #68]	; 0x44
10002892:	07ba      	lsls	r2, r7, #30
10002894:	d425      	bmi.n	100028e2 <_ntoa_format+0x6e>
10002896:	2e00      	cmp	r6, #0
10002898:	d14b      	bne.n	10002932 <_ntoa_format+0xbe>
1000289a:	429c      	cmp	r4, r3
1000289c:	d300      	bcc.n	100028a0 <_ntoa_format+0x2c>
1000289e:	e0bf      	b.n	10002a20 <_ntoa_format+0x1ac>
100028a0:	2201      	movs	r2, #1
100028a2:	403a      	ands	r2, r7
100028a4:	4692      	mov	sl, r2
100028a6:	2c1f      	cmp	r4, #31
100028a8:	d900      	bls.n	100028ac <_ntoa_format+0x38>
100028aa:	e0b8      	b.n	10002a1e <_ntoa_format+0x1aa>
100028ac:	9a0c      	ldr	r2, [sp, #48]	; 0x30
100028ae:	1e55      	subs	r5, r2, #1
100028b0:	2230      	movs	r2, #48	; 0x30
100028b2:	e001      	b.n	100028b8 <_ntoa_format+0x44>
100028b4:	2c20      	cmp	r4, #32
100028b6:	d003      	beq.n	100028c0 <_ntoa_format+0x4c>
100028b8:	3401      	adds	r4, #1
100028ba:	552a      	strb	r2, [r5, r4]
100028bc:	42a3      	cmp	r3, r4
100028be:	d8f9      	bhi.n	100028b4 <_ntoa_format+0x40>
100028c0:	4652      	mov	r2, sl
100028c2:	2a00      	cmp	r2, #0
100028c4:	d00d      	beq.n	100028e2 <_ntoa_format+0x6e>
100028c6:	42a6      	cmp	r6, r4
100028c8:	d90b      	bls.n	100028e2 <_ntoa_format+0x6e>
100028ca:	2c20      	cmp	r4, #32
100028cc:	d044      	beq.n	10002958 <_ntoa_format+0xe4>
100028ce:	9a0c      	ldr	r2, [sp, #48]	; 0x30
100028d0:	1e55      	subs	r5, r2, #1
100028d2:	2230      	movs	r2, #48	; 0x30
100028d4:	e001      	b.n	100028da <_ntoa_format+0x66>
100028d6:	2c20      	cmp	r4, #32
100028d8:	d03e      	beq.n	10002958 <_ntoa_format+0xe4>
100028da:	3401      	adds	r4, #1
100028dc:	552a      	strb	r2, [r5, r4]
100028de:	42b4      	cmp	r4, r6
100028e0:	d1f9      	bne.n	100028d6 <_ntoa_format+0x62>
100028e2:	06fa      	lsls	r2, r7, #27
100028e4:	d54d      	bpl.n	10002982 <_ntoa_format+0x10e>
100028e6:	057a      	lsls	r2, r7, #21
100028e8:	d43f      	bmi.n	1000296a <_ntoa_format+0xf6>
100028ea:	2c00      	cmp	r4, #0
100028ec:	d139      	bne.n	10002962 <_ntoa_format+0xee>
100028ee:	9b0f      	ldr	r3, [sp, #60]	; 0x3c
100028f0:	2b10      	cmp	r3, #16
100028f2:	d100      	bne.n	100028f6 <_ntoa_format+0x82>
100028f4:	e079      	b.n	100029ea <_ntoa_format+0x176>
100028f6:	9b0f      	ldr	r3, [sp, #60]	; 0x3c
100028f8:	2b02      	cmp	r3, #2
100028fa:	d100      	bne.n	100028fe <_ntoa_format+0x8a>
100028fc:	e08a      	b.n	10002a14 <_ntoa_format+0x1a0>
100028fe:	2330      	movs	r3, #48	; 0x30
10002900:	9a0c      	ldr	r2, [sp, #48]	; 0x30
10002902:	2401      	movs	r4, #1
10002904:	7013      	strb	r3, [r2, #0]
10002906:	464b      	mov	r3, r9
10002908:	2b00      	cmp	r3, #0
1000290a:	d03f      	beq.n	1000298c <_ntoa_format+0x118>
1000290c:	232d      	movs	r3, #45	; 0x2d
1000290e:	9a0c      	ldr	r2, [sp, #48]	; 0x30
10002910:	5513      	strb	r3, [r2, r4]
10002912:	3401      	adds	r4, #1
10002914:	9b0c      	ldr	r3, [sp, #48]	; 0x30
10002916:	4662      	mov	r2, ip
10002918:	9300      	str	r3, [sp, #0]
1000291a:	9703      	str	r7, [sp, #12]
1000291c:	4643      	mov	r3, r8
1000291e:	9602      	str	r6, [sp, #8]
10002920:	9401      	str	r4, [sp, #4]
10002922:	f7ff ff59 	bl	100027d8 <_out_rev>
10002926:	b004      	add	sp, #16
10002928:	bce0      	pop	{r5, r6, r7}
1000292a:	46ba      	mov	sl, r7
1000292c:	46b1      	mov	r9, r6
1000292e:	46a8      	mov	r8, r5
10002930:	bdf0      	pop	{r4, r5, r6, r7, pc}
10002932:	2201      	movs	r2, #1
10002934:	0015      	movs	r5, r2
10002936:	403d      	ands	r5, r7
10002938:	46aa      	mov	sl, r5
1000293a:	423a      	tst	r2, r7
1000293c:	d02f      	beq.n	1000299e <_ntoa_format+0x12a>
1000293e:	464a      	mov	r2, r9
10002940:	2a00      	cmp	r2, #0
10002942:	d102      	bne.n	1000294a <_ntoa_format+0xd6>
10002944:	320c      	adds	r2, #12
10002946:	423a      	tst	r2, r7
10002948:	d000      	beq.n	1000294c <_ntoa_format+0xd8>
1000294a:	3e01      	subs	r6, #1
1000294c:	429c      	cmp	r4, r3
1000294e:	d2ba      	bcs.n	100028c6 <_ntoa_format+0x52>
10002950:	2c1f      	cmp	r4, #31
10002952:	d9ab      	bls.n	100028ac <_ntoa_format+0x38>
10002954:	2e20      	cmp	r6, #32
10002956:	d927      	bls.n	100029a8 <_ntoa_format+0x134>
10002958:	2420      	movs	r4, #32
1000295a:	06fa      	lsls	r2, r7, #27
1000295c:	d5da      	bpl.n	10002914 <_ntoa_format+0xa0>
1000295e:	057a      	lsls	r2, r7, #21
10002960:	d403      	bmi.n	1000296a <_ntoa_format+0xf6>
10002962:	42a3      	cmp	r3, r4
10002964:	d02d      	beq.n	100029c2 <_ntoa_format+0x14e>
10002966:	42a6      	cmp	r6, r4
10002968:	d02b      	beq.n	100029c2 <_ntoa_format+0x14e>
1000296a:	9b0f      	ldr	r3, [sp, #60]	; 0x3c
1000296c:	2b10      	cmp	r3, #16
1000296e:	d032      	beq.n	100029d6 <_ntoa_format+0x162>
10002970:	2b02      	cmp	r3, #2
10002972:	d020      	beq.n	100029b6 <_ntoa_format+0x142>
10002974:	2c20      	cmp	r4, #32
10002976:	d0cd      	beq.n	10002914 <_ntoa_format+0xa0>
10002978:	2230      	movs	r2, #48	; 0x30
1000297a:	9b0c      	ldr	r3, [sp, #48]	; 0x30
1000297c:	191b      	adds	r3, r3, r4
1000297e:	701a      	strb	r2, [r3, #0]
10002980:	3401      	adds	r4, #1
10002982:	2c20      	cmp	r4, #32
10002984:	d0c6      	beq.n	10002914 <_ntoa_format+0xa0>
10002986:	464b      	mov	r3, r9
10002988:	2b00      	cmp	r3, #0
1000298a:	d1bf      	bne.n	1000290c <_ntoa_format+0x98>
1000298c:	077b      	lsls	r3, r7, #29
1000298e:	d40d      	bmi.n	100029ac <_ntoa_format+0x138>
10002990:	073b      	lsls	r3, r7, #28
10002992:	d5bf      	bpl.n	10002914 <_ntoa_format+0xa0>
10002994:	2320      	movs	r3, #32
10002996:	9a0c      	ldr	r2, [sp, #48]	; 0x30
10002998:	5513      	strb	r3, [r2, r4]
1000299a:	3401      	adds	r4, #1
1000299c:	e7ba      	b.n	10002914 <_ntoa_format+0xa0>
1000299e:	429c      	cmp	r4, r3
100029a0:	d29f      	bcs.n	100028e2 <_ntoa_format+0x6e>
100029a2:	2c1f      	cmp	r4, #31
100029a4:	d800      	bhi.n	100029a8 <_ntoa_format+0x134>
100029a6:	e781      	b.n	100028ac <_ntoa_format+0x38>
100029a8:	2420      	movs	r4, #32
100029aa:	e79a      	b.n	100028e2 <_ntoa_format+0x6e>
100029ac:	232b      	movs	r3, #43	; 0x2b
100029ae:	9a0c      	ldr	r2, [sp, #48]	; 0x30
100029b0:	5513      	strb	r3, [r2, r4]
100029b2:	3401      	adds	r4, #1
100029b4:	e7ae      	b.n	10002914 <_ntoa_format+0xa0>
100029b6:	2c20      	cmp	r4, #32
100029b8:	d0ac      	beq.n	10002914 <_ntoa_format+0xa0>
100029ba:	9b0c      	ldr	r3, [sp, #48]	; 0x30
100029bc:	191b      	adds	r3, r3, r4
100029be:	3401      	adds	r4, #1
100029c0:	e03a      	b.n	10002a38 <_ntoa_format+0x1c4>
100029c2:	1e63      	subs	r3, r4, #1
100029c4:	2c01      	cmp	r4, #1
100029c6:	d092      	beq.n	100028ee <_ntoa_format+0x7a>
100029c8:	9a0f      	ldr	r2, [sp, #60]	; 0x3c
100029ca:	2a10      	cmp	r2, #16
100029cc:	d02a      	beq.n	10002a24 <_ntoa_format+0x1b0>
100029ce:	2a02      	cmp	r2, #2
100029d0:	d02f      	beq.n	10002a32 <_ntoa_format+0x1be>
100029d2:	001c      	movs	r4, r3
100029d4:	e7d0      	b.n	10002978 <_ntoa_format+0x104>
100029d6:	06bb      	lsls	r3, r7, #26
100029d8:	d40e      	bmi.n	100029f8 <_ntoa_format+0x184>
100029da:	2c20      	cmp	r4, #32
100029dc:	d09a      	beq.n	10002914 <_ntoa_format+0xa0>
100029de:	9b0c      	ldr	r3, [sp, #48]	; 0x30
100029e0:	191a      	adds	r2, r3, r4
100029e2:	3401      	adds	r4, #1
100029e4:	2378      	movs	r3, #120	; 0x78
100029e6:	7013      	strb	r3, [r2, #0]
100029e8:	e7c4      	b.n	10002974 <_ntoa_format+0x100>
100029ea:	06bb      	lsls	r3, r7, #26
100029ec:	d40d      	bmi.n	10002a0a <_ntoa_format+0x196>
100029ee:	2378      	movs	r3, #120	; 0x78
100029f0:	9a0c      	ldr	r2, [sp, #48]	; 0x30
100029f2:	2401      	movs	r4, #1
100029f4:	7013      	strb	r3, [r2, #0]
100029f6:	e7bf      	b.n	10002978 <_ntoa_format+0x104>
100029f8:	2c20      	cmp	r4, #32
100029fa:	d100      	bne.n	100029fe <_ntoa_format+0x18a>
100029fc:	e78a      	b.n	10002914 <_ntoa_format+0xa0>
100029fe:	2258      	movs	r2, #88	; 0x58
10002a00:	9b0c      	ldr	r3, [sp, #48]	; 0x30
10002a02:	191b      	adds	r3, r3, r4
10002a04:	701a      	strb	r2, [r3, #0]
10002a06:	3401      	adds	r4, #1
10002a08:	e7b4      	b.n	10002974 <_ntoa_format+0x100>
10002a0a:	2358      	movs	r3, #88	; 0x58
10002a0c:	9a0c      	ldr	r2, [sp, #48]	; 0x30
10002a0e:	2401      	movs	r4, #1
10002a10:	7013      	strb	r3, [r2, #0]
10002a12:	e7b1      	b.n	10002978 <_ntoa_format+0x104>
10002a14:	9a0c      	ldr	r2, [sp, #48]	; 0x30
10002a16:	3360      	adds	r3, #96	; 0x60
10002a18:	2401      	movs	r4, #1
10002a1a:	7013      	strb	r3, [r2, #0]
10002a1c:	e7ac      	b.n	10002978 <_ntoa_format+0x104>
10002a1e:	2420      	movs	r4, #32
10002a20:	2600      	movs	r6, #0
10002a22:	e75e      	b.n	100028e2 <_ntoa_format+0x6e>
10002a24:	3c02      	subs	r4, #2
10002a26:	06ba      	lsls	r2, r7, #26
10002a28:	d4e9      	bmi.n	100029fe <_ntoa_format+0x18a>
10002a2a:	9a0c      	ldr	r2, [sp, #48]	; 0x30
10002a2c:	1912      	adds	r2, r2, r4
10002a2e:	001c      	movs	r4, r3
10002a30:	e7d8      	b.n	100029e4 <_ntoa_format+0x170>
10002a32:	9a0c      	ldr	r2, [sp, #48]	; 0x30
10002a34:	4692      	mov	sl, r2
10002a36:	4453      	add	r3, sl
10002a38:	2262      	movs	r2, #98	; 0x62
10002a3a:	701a      	strb	r2, [r3, #0]
10002a3c:	e79a      	b.n	10002974 <_ntoa_format+0x100>
10002a3e:	46c0      	nop			; (mov r8, r8)

10002a40 <_out_char>:
10002a40:	b510      	push	{r4, lr}
10002a42:	2800      	cmp	r0, #0
10002a44:	d100      	bne.n	10002a48 <_out_char+0x8>
10002a46:	bd10      	pop	{r4, pc}
10002a48:	f001 faf2 	bl	10004030 <__wrap_putchar>
10002a4c:	e7fb      	b.n	10002a46 <_out_char+0x6>
10002a4e:	46c0      	nop			; (mov r8, r8)

10002a50 <_out_fct>:
10002a50:	000b      	movs	r3, r1
10002a52:	b510      	push	{r4, lr}
10002a54:	2800      	cmp	r0, #0
10002a56:	d002      	beq.n	10002a5e <_out_fct+0xe>
10002a58:	6849      	ldr	r1, [r1, #4]
10002a5a:	681b      	ldr	r3, [r3, #0]
10002a5c:	4798      	blx	r3
10002a5e:	bd10      	pop	{r4, pc}

10002a60 <_etoa>:
10002a60:	b5f0      	push	{r4, r5, r6, r7, lr}
10002a62:	46de      	mov	lr, fp
10002a64:	4657      	mov	r7, sl
10002a66:	464e      	mov	r6, r9
10002a68:	4645      	mov	r5, r8
10002a6a:	b5e0      	push	{r5, r6, r7, lr}
10002a6c:	b09b      	sub	sp, #108	; 0x6c
10002a6e:	469b      	mov	fp, r3
10002a70:	9b24      	ldr	r3, [sp, #144]	; 0x90
10002a72:	4689      	mov	r9, r1
10002a74:	4698      	mov	r8, r3
10002a76:	9b25      	ldr	r3, [sp, #148]	; 0x94
10002a78:	900b      	str	r0, [sp, #44]	; 0x2c
10002a7a:	920c      	str	r2, [sp, #48]	; 0x30
10002a7c:	4640      	mov	r0, r8
10002a7e:	4642      	mov	r2, r8
10002a80:	0019      	movs	r1, r3
10002a82:	469a      	mov	sl, r3
10002a84:	f7ff fa7b 	bl	10001f7e <__wrap___aeabi_dcmpun>
10002a88:	2800      	cmp	r0, #0
10002a8a:	d000      	beq.n	10002a8e <_etoa+0x2e>
10002a8c:	e0d9      	b.n	10002c42 <_etoa+0x1e2>
10002a8e:	2201      	movs	r2, #1
10002a90:	4640      	mov	r0, r8
10002a92:	4651      	mov	r1, sl
10002a94:	4b77      	ldr	r3, [pc, #476]	; (10002c74 <_etoa+0x214>)
10002a96:	4252      	negs	r2, r2
10002a98:	f7ff fa6c 	bl	10001f74 <__wrap___aeabi_dcmpgt>
10002a9c:	2800      	cmp	r0, #0
10002a9e:	d000      	beq.n	10002aa2 <_etoa+0x42>
10002aa0:	e0cf      	b.n	10002c42 <_etoa+0x1e2>
10002aa2:	2201      	movs	r2, #1
10002aa4:	4640      	mov	r0, r8
10002aa6:	4651      	mov	r1, sl
10002aa8:	4b73      	ldr	r3, [pc, #460]	; (10002c78 <_etoa+0x218>)
10002aaa:	4252      	negs	r2, r2
10002aac:	f7ff fa4c 	bl	10001f48 <__wrap___aeabi_dcmplt>
10002ab0:	2800      	cmp	r0, #0
10002ab2:	d000      	beq.n	10002ab6 <_etoa+0x56>
10002ab4:	e0c5      	b.n	10002c42 <_etoa+0x1e2>
10002ab6:	2200      	movs	r2, #0
10002ab8:	2300      	movs	r3, #0
10002aba:	4640      	mov	r0, r8
10002abc:	4651      	mov	r1, sl
10002abe:	f7ff fa43 	bl	10001f48 <__wrap___aeabi_dcmplt>
10002ac2:	2800      	cmp	r0, #0
10002ac4:	d000      	beq.n	10002ac8 <_etoa+0x68>
10002ac6:	e1b9      	b.n	10002e3c <_etoa+0x3dc>
10002ac8:	4642      	mov	r2, r8
10002aca:	4653      	mov	r3, sl
10002acc:	920a      	str	r2, [sp, #40]	; 0x28
10002ace:	9309      	str	r3, [sp, #36]	; 0x24
10002ad0:	2380      	movs	r3, #128	; 0x80
10002ad2:	9a28      	ldr	r2, [sp, #160]	; 0xa0
10002ad4:	00db      	lsls	r3, r3, #3
10002ad6:	401a      	ands	r2, r3
10002ad8:	920e      	str	r2, [sp, #56]	; 0x38
10002ada:	9a28      	ldr	r2, [sp, #160]	; 0xa0
10002adc:	421a      	tst	r2, r3
10002ade:	d101      	bne.n	10002ae4 <_etoa+0x84>
10002ae0:	2306      	movs	r3, #6
10002ae2:	9326      	str	r3, [sp, #152]	; 0x98
10002ae4:	9a0a      	ldr	r2, [sp, #40]	; 0x28
10002ae6:	9b09      	ldr	r3, [sp, #36]	; 0x24
10002ae8:	0016      	movs	r6, r2
10002aea:	4313      	orrs	r3, r2
10002aec:	d000      	beq.n	10002af0 <_etoa+0x90>
10002aee:	e0c7      	b.n	10002c80 <_etoa+0x220>
10002af0:	9b28      	ldr	r3, [sp, #160]	; 0xa0
10002af2:	2500      	movs	r5, #0
10002af4:	2600      	movs	r6, #0
10002af6:	051b      	lsls	r3, r3, #20
10002af8:	d400      	bmi.n	10002afc <_etoa+0x9c>
10002afa:	e19b      	b.n	10002e34 <_etoa+0x3d4>
10002afc:	2300      	movs	r3, #0
10002afe:	930d      	str	r3, [sp, #52]	; 0x34
10002b00:	9b26      	ldr	r3, [sp, #152]	; 0x98
10002b02:	0019      	movs	r1, r3
10002b04:	9b0d      	ldr	r3, [sp, #52]	; 0x34
10002b06:	4299      	cmp	r1, r3
10002b08:	dc00      	bgt.n	10002b0c <_etoa+0xac>
10002b0a:	e19e      	b.n	10002e4a <_etoa+0x3ea>
10002b0c:	1ac8      	subs	r0, r1, r3
10002b0e:	1e43      	subs	r3, r0, #1
10002b10:	9326      	str	r3, [sp, #152]	; 0x98
10002b12:	2380      	movs	r3, #128	; 0x80
10002b14:	9a28      	ldr	r2, [sp, #160]	; 0xa0
10002b16:	00db      	lsls	r3, r3, #3
10002b18:	431a      	orrs	r2, r3
10002b1a:	2300      	movs	r3, #0
10002b1c:	2700      	movs	r7, #0
10002b1e:	9228      	str	r2, [sp, #160]	; 0xa0
10002b20:	930d      	str	r3, [sp, #52]	; 0x34
10002b22:	9b27      	ldr	r3, [sp, #156]	; 0x9c
10002b24:	2400      	movs	r4, #0
10002b26:	42bb      	cmp	r3, r7
10002b28:	d900      	bls.n	10002b2c <_etoa+0xcc>
10002b2a:	1bdc      	subs	r4, r3, r7
10002b2c:	2302      	movs	r3, #2
10002b2e:	9a28      	ldr	r2, [sp, #160]	; 0xa0
10002b30:	401a      	ands	r2, r3
10002b32:	920e      	str	r2, [sp, #56]	; 0x38
10002b34:	9a28      	ldr	r2, [sp, #160]	; 0xa0
10002b36:	4213      	tst	r3, r2
10002b38:	d003      	beq.n	10002b42 <_etoa+0xe2>
10002b3a:	427b      	negs	r3, r7
10002b3c:	417b      	adcs	r3, r7
10002b3e:	425b      	negs	r3, r3
10002b40:	401c      	ands	r4, r3
10002b42:	9b0d      	ldr	r3, [sp, #52]	; 0x34
10002b44:	2b00      	cmp	r3, #0
10002b46:	d007      	beq.n	10002b58 <_etoa+0xf8>
10002b48:	980a      	ldr	r0, [sp, #40]	; 0x28
10002b4a:	9909      	ldr	r1, [sp, #36]	; 0x24
10002b4c:	002a      	movs	r2, r5
10002b4e:	0033      	movs	r3, r6
10002b50:	f7ff f999 	bl	10001e86 <__wrap___aeabi_ddiv>
10002b54:	900a      	str	r0, [sp, #40]	; 0x28
10002b56:	9109      	str	r1, [sp, #36]	; 0x24
10002b58:	2200      	movs	r2, #0
10002b5a:	2300      	movs	r3, #0
10002b5c:	4640      	mov	r0, r8
10002b5e:	4651      	mov	r1, sl
10002b60:	f7ff f9f2 	bl	10001f48 <__wrap___aeabi_dcmplt>
10002b64:	2800      	cmp	r0, #0
10002b66:	d005      	beq.n	10002b74 <_etoa+0x114>
10002b68:	2080      	movs	r0, #128	; 0x80
10002b6a:	0600      	lsls	r0, r0, #24
10002b6c:	4684      	mov	ip, r0
10002b6e:	9909      	ldr	r1, [sp, #36]	; 0x24
10002b70:	4461      	add	r1, ip
10002b72:	9109      	str	r1, [sp, #36]	; 0x24
10002b74:	9a28      	ldr	r2, [sp, #160]	; 0xa0
10002b76:	4b41      	ldr	r3, [pc, #260]	; (10002c7c <_etoa+0x21c>)
10002b78:	9d0b      	ldr	r5, [sp, #44]	; 0x2c
10002b7a:	4013      	ands	r3, r2
10002b7c:	9304      	str	r3, [sp, #16]
10002b7e:	9b26      	ldr	r3, [sp, #152]	; 0x98
10002b80:	9a0a      	ldr	r2, [sp, #40]	; 0x28
10002b82:	9302      	str	r3, [sp, #8]
10002b84:	9b09      	ldr	r3, [sp, #36]	; 0x24
10002b86:	9403      	str	r4, [sp, #12]
10002b88:	9200      	str	r2, [sp, #0]
10002b8a:	9301      	str	r3, [sp, #4]
10002b8c:	4649      	mov	r1, r9
10002b8e:	465b      	mov	r3, fp
10002b90:	0028      	movs	r0, r5
10002b92:	9a0c      	ldr	r2, [sp, #48]	; 0x30
10002b94:	f000 f98a 	bl	10002eac <_ftoa>
10002b98:	0004      	movs	r4, r0
10002b9a:	2f00      	cmp	r7, #0
10002b9c:	d062      	beq.n	10002c64 <_etoa+0x204>
10002b9e:	9b28      	ldr	r3, [sp, #160]	; 0xa0
10002ba0:	0022      	movs	r2, r4
10002ba2:	0698      	lsls	r0, r3, #26
10002ba4:	231f      	movs	r3, #31
10002ba6:	17c0      	asrs	r0, r0, #31
10002ba8:	4398      	bics	r0, r3
10002baa:	1c63      	adds	r3, r4, #1
10002bac:	4698      	mov	r8, r3
10002bae:	4649      	mov	r1, r9
10002bb0:	465b      	mov	r3, fp
10002bb2:	3065      	adds	r0, #101	; 0x65
10002bb4:	47a8      	blx	r5
10002bb6:	9b0d      	ldr	r3, [sp, #52]	; 0x34
10002bb8:	2500      	movs	r5, #0
10002bba:	17da      	asrs	r2, r3, #31
10002bbc:	189c      	adds	r4, r3, r2
10002bbe:	0fdb      	lsrs	r3, r3, #31
10002bc0:	469a      	mov	sl, r3
10002bc2:	4054      	eors	r4, r2
10002bc4:	3f01      	subs	r7, #1
10002bc6:	e001      	b.n	10002bcc <_etoa+0x16c>
10002bc8:	2d20      	cmp	r5, #32
10002bca:	d013      	beq.n	10002bf4 <_etoa+0x194>
10002bcc:	aa0a      	add	r2, sp, #40	; 0x28
10002bce:	4694      	mov	ip, r2
10002bd0:	231f      	movs	r3, #31
10002bd2:	0020      	movs	r0, r4
10002bd4:	4463      	add	r3, ip
10002bd6:	210a      	movs	r1, #10
10002bd8:	3501      	adds	r5, #1
10002bda:	195e      	adds	r6, r3, r5
10002bdc:	f7fe ff06 	bl	100019ec <__wrap___aeabi_uidiv>
10002be0:	3130      	adds	r1, #48	; 0x30
10002be2:	7031      	strb	r1, [r6, #0]
10002be4:	0020      	movs	r0, r4
10002be6:	210a      	movs	r1, #10
10002be8:	f7fe ff00 	bl	100019ec <__wrap___aeabi_uidiv>
10002bec:	0026      	movs	r6, r4
10002bee:	0004      	movs	r4, r0
10002bf0:	2e09      	cmp	r6, #9
10002bf2:	d8e9      	bhi.n	10002bc8 <_etoa+0x168>
10002bf4:	2305      	movs	r3, #5
10002bf6:	9306      	str	r3, [sp, #24]
10002bf8:	2300      	movs	r3, #0
10002bfa:	9304      	str	r3, [sp, #16]
10002bfc:	330a      	adds	r3, #10
10002bfe:	9303      	str	r3, [sp, #12]
10002c00:	4653      	mov	r3, sl
10002c02:	9705      	str	r7, [sp, #20]
10002c04:	9f0b      	ldr	r7, [sp, #44]	; 0x2c
10002c06:	9302      	str	r3, [sp, #8]
10002c08:	ab12      	add	r3, sp, #72	; 0x48
10002c0a:	9300      	str	r3, [sp, #0]
10002c0c:	4642      	mov	r2, r8
10002c0e:	465b      	mov	r3, fp
10002c10:	4649      	mov	r1, r9
10002c12:	0038      	movs	r0, r7
10002c14:	9501      	str	r5, [sp, #4]
10002c16:	f7ff fe2d 	bl	10002874 <_ntoa_format>
10002c1a:	9b0e      	ldr	r3, [sp, #56]	; 0x38
10002c1c:	0004      	movs	r4, r0
10002c1e:	2b00      	cmp	r3, #0
10002c20:	d020      	beq.n	10002c64 <_etoa+0x204>
10002c22:	9b0c      	ldr	r3, [sp, #48]	; 0x30
10002c24:	1ac5      	subs	r5, r0, r3
10002c26:	9b27      	ldr	r3, [sp, #156]	; 0x9c
10002c28:	42ab      	cmp	r3, r5
10002c2a:	d91b      	bls.n	10002c64 <_etoa+0x204>
10002c2c:	001e      	movs	r6, r3
10002c2e:	0022      	movs	r2, r4
10002c30:	465b      	mov	r3, fp
10002c32:	4649      	mov	r1, r9
10002c34:	2020      	movs	r0, #32
10002c36:	3501      	adds	r5, #1
10002c38:	47b8      	blx	r7
10002c3a:	3401      	adds	r4, #1
10002c3c:	42ae      	cmp	r6, r5
10002c3e:	d8f6      	bhi.n	10002c2e <_etoa+0x1ce>
10002c40:	e010      	b.n	10002c64 <_etoa+0x204>
10002c42:	9b28      	ldr	r3, [sp, #160]	; 0xa0
10002c44:	4642      	mov	r2, r8
10002c46:	9304      	str	r3, [sp, #16]
10002c48:	9b27      	ldr	r3, [sp, #156]	; 0x9c
10002c4a:	4649      	mov	r1, r9
10002c4c:	9303      	str	r3, [sp, #12]
10002c4e:	9b26      	ldr	r3, [sp, #152]	; 0x98
10002c50:	980b      	ldr	r0, [sp, #44]	; 0x2c
10002c52:	9302      	str	r3, [sp, #8]
10002c54:	4653      	mov	r3, sl
10002c56:	9200      	str	r2, [sp, #0]
10002c58:	9301      	str	r3, [sp, #4]
10002c5a:	465b      	mov	r3, fp
10002c5c:	9a0c      	ldr	r2, [sp, #48]	; 0x30
10002c5e:	f000 f925 	bl	10002eac <_ftoa>
10002c62:	0004      	movs	r4, r0
10002c64:	0020      	movs	r0, r4
10002c66:	b01b      	add	sp, #108	; 0x6c
10002c68:	bcf0      	pop	{r4, r5, r6, r7}
10002c6a:	46bb      	mov	fp, r7
10002c6c:	46b2      	mov	sl, r6
10002c6e:	46a9      	mov	r9, r5
10002c70:	46a0      	mov	r8, r4
10002c72:	bdf0      	pop	{r4, r5, r6, r7, pc}
10002c74:	7fefffff 	.word	0x7fefffff
10002c78:	ffefffff 	.word	0xffefffff
10002c7c:	fffff7ff 	.word	0xfffff7ff
10002c80:	4b73      	ldr	r3, [pc, #460]	; (10002e50 <_etoa+0x3f0>)
10002c82:	9f09      	ldr	r7, [sp, #36]	; 0x24
10002c84:	469c      	mov	ip, r3
10002c86:	0078      	lsls	r0, r7, #1
10002c88:	0d40      	lsrs	r0, r0, #21
10002c8a:	4460      	add	r0, ip
10002c8c:	f7ff f988 	bl	10001fa0 <__wrap___aeabi_i2d>
10002c90:	4a70      	ldr	r2, [pc, #448]	; (10002e54 <_etoa+0x3f4>)
10002c92:	4b71      	ldr	r3, [pc, #452]	; (10002e58 <_etoa+0x3f8>)
10002c94:	f7ff f915 	bl	10001ec2 <__wrap___aeabi_dmul>
10002c98:	4a70      	ldr	r2, [pc, #448]	; (10002e5c <_etoa+0x3fc>)
10002c9a:	4b71      	ldr	r3, [pc, #452]	; (10002e60 <_etoa+0x400>)
10002c9c:	f7ff f8ea 	bl	10001e74 <__wrap___aeabi_dadd>
10002ca0:	033b      	lsls	r3, r7, #12
10002ca2:	4a70      	ldr	r2, [pc, #448]	; (10002e64 <_etoa+0x404>)
10002ca4:	0b1b      	lsrs	r3, r3, #12
10002ca6:	431a      	orrs	r2, r3
10002ca8:	0004      	movs	r4, r0
10002caa:	000d      	movs	r5, r1
10002cac:	0030      	movs	r0, r6
10002cae:	0011      	movs	r1, r2
10002cb0:	4b6d      	ldr	r3, [pc, #436]	; (10002e68 <_etoa+0x408>)
10002cb2:	2200      	movs	r2, #0
10002cb4:	f7ff f8d5 	bl	10001e62 <__wrap___aeabi_dsub>
10002cb8:	4a6c      	ldr	r2, [pc, #432]	; (10002e6c <_etoa+0x40c>)
10002cba:	4b6d      	ldr	r3, [pc, #436]	; (10002e70 <_etoa+0x410>)
10002cbc:	f7ff f901 	bl	10001ec2 <__wrap___aeabi_dmul>
10002cc0:	0002      	movs	r2, r0
10002cc2:	000b      	movs	r3, r1
10002cc4:	0020      	movs	r0, r4
10002cc6:	0029      	movs	r1, r5
10002cc8:	f7ff f8d4 	bl	10001e74 <__wrap___aeabi_dadd>
10002ccc:	f7ff f980 	bl	10001fd0 <__wrap___aeabi_d2iz>
10002cd0:	900d      	str	r0, [sp, #52]	; 0x34
10002cd2:	f7ff f965 	bl	10001fa0 <__wrap___aeabi_i2d>
10002cd6:	4a67      	ldr	r2, [pc, #412]	; (10002e74 <_etoa+0x414>)
10002cd8:	4b67      	ldr	r3, [pc, #412]	; (10002e78 <_etoa+0x418>)
10002cda:	0004      	movs	r4, r0
10002cdc:	000d      	movs	r5, r1
10002cde:	f7ff f8f0 	bl	10001ec2 <__wrap___aeabi_dmul>
10002ce2:	2200      	movs	r2, #0
10002ce4:	4b65      	ldr	r3, [pc, #404]	; (10002e7c <_etoa+0x41c>)
10002ce6:	f7ff f8c5 	bl	10001e74 <__wrap___aeabi_dadd>
10002cea:	f7ff f971 	bl	10001fd0 <__wrap___aeabi_d2iz>
10002cee:	4a64      	ldr	r2, [pc, #400]	; (10002e80 <_etoa+0x420>)
10002cf0:	0006      	movs	r6, r0
10002cf2:	4b64      	ldr	r3, [pc, #400]	; (10002e84 <_etoa+0x424>)
10002cf4:	0020      	movs	r0, r4
10002cf6:	0029      	movs	r1, r5
10002cf8:	f7ff f8e3 	bl	10001ec2 <__wrap___aeabi_dmul>
10002cfc:	0004      	movs	r4, r0
10002cfe:	0030      	movs	r0, r6
10002d00:	000d      	movs	r5, r1
10002d02:	960f      	str	r6, [sp, #60]	; 0x3c
10002d04:	f7ff f94c 	bl	10001fa0 <__wrap___aeabi_i2d>
10002d08:	4a5f      	ldr	r2, [pc, #380]	; (10002e88 <_etoa+0x428>)
10002d0a:	4b60      	ldr	r3, [pc, #384]	; (10002e8c <_etoa+0x42c>)
10002d0c:	f7ff f8d9 	bl	10001ec2 <__wrap___aeabi_dmul>
10002d10:	0002      	movs	r2, r0
10002d12:	000b      	movs	r3, r1
10002d14:	0020      	movs	r0, r4
10002d16:	0029      	movs	r1, r5
10002d18:	f7ff f8a3 	bl	10001e62 <__wrap___aeabi_dsub>
10002d1c:	0002      	movs	r2, r0
10002d1e:	000b      	movs	r3, r1
10002d20:	0006      	movs	r6, r0
10002d22:	000f      	movs	r7, r1
10002d24:	f7ff f8cd 	bl	10001ec2 <__wrap___aeabi_dmul>
10002d28:	0032      	movs	r2, r6
10002d2a:	0004      	movs	r4, r0
10002d2c:	000d      	movs	r5, r1
10002d2e:	003b      	movs	r3, r7
10002d30:	0030      	movs	r0, r6
10002d32:	0039      	movs	r1, r7
10002d34:	f7ff f89e 	bl	10001e74 <__wrap___aeabi_dadd>
10002d38:	2200      	movs	r2, #0
10002d3a:	9010      	str	r0, [sp, #64]	; 0x40
10002d3c:	9111      	str	r1, [sp, #68]	; 0x44
10002d3e:	4b54      	ldr	r3, [pc, #336]	; (10002e90 <_etoa+0x430>)
10002d40:	0020      	movs	r0, r4
10002d42:	0029      	movs	r1, r5
10002d44:	f7ff f89f 	bl	10001e86 <__wrap___aeabi_ddiv>
10002d48:	2200      	movs	r2, #0
10002d4a:	4b52      	ldr	r3, [pc, #328]	; (10002e94 <_etoa+0x434>)
10002d4c:	f7ff f892 	bl	10001e74 <__wrap___aeabi_dadd>
10002d50:	0002      	movs	r2, r0
10002d52:	000b      	movs	r3, r1
10002d54:	0020      	movs	r0, r4
10002d56:	0029      	movs	r1, r5
10002d58:	f7ff f895 	bl	10001e86 <__wrap___aeabi_ddiv>
10002d5c:	2200      	movs	r2, #0
10002d5e:	4b4e      	ldr	r3, [pc, #312]	; (10002e98 <_etoa+0x438>)
10002d60:	f7ff f888 	bl	10001e74 <__wrap___aeabi_dadd>
10002d64:	0002      	movs	r2, r0
10002d66:	000b      	movs	r3, r1
10002d68:	0020      	movs	r0, r4
10002d6a:	0029      	movs	r1, r5
10002d6c:	f7ff f88b 	bl	10001e86 <__wrap___aeabi_ddiv>
10002d70:	000d      	movs	r5, r1
10002d72:	2180      	movs	r1, #128	; 0x80
10002d74:	0032      	movs	r2, r6
10002d76:	0004      	movs	r4, r0
10002d78:	003b      	movs	r3, r7
10002d7a:	2000      	movs	r0, #0
10002d7c:	05c9      	lsls	r1, r1, #23
10002d7e:	f7ff f870 	bl	10001e62 <__wrap___aeabi_dsub>
10002d82:	0002      	movs	r2, r0
10002d84:	000b      	movs	r3, r1
10002d86:	0020      	movs	r0, r4
10002d88:	0029      	movs	r1, r5
10002d8a:	f7ff f873 	bl	10001e74 <__wrap___aeabi_dadd>
10002d8e:	0002      	movs	r2, r0
10002d90:	000b      	movs	r3, r1
10002d92:	9810      	ldr	r0, [sp, #64]	; 0x40
10002d94:	9911      	ldr	r1, [sp, #68]	; 0x44
10002d96:	f7ff f876 	bl	10001e86 <__wrap___aeabi_ddiv>
10002d9a:	2200      	movs	r2, #0
10002d9c:	4b31      	ldr	r3, [pc, #196]	; (10002e64 <_etoa+0x404>)
10002d9e:	f7ff f869 	bl	10001e74 <__wrap___aeabi_dadd>
10002da2:	4a3e      	ldr	r2, [pc, #248]	; (10002e9c <_etoa+0x43c>)
10002da4:	9b0f      	ldr	r3, [sp, #60]	; 0x3c
10002da6:	4694      	mov	ip, r2
10002da8:	4463      	add	r3, ip
10002daa:	2200      	movs	r2, #0
10002dac:	051b      	lsls	r3, r3, #20
10002dae:	f7ff f888 	bl	10001ec2 <__wrap___aeabi_dmul>
10002db2:	0005      	movs	r5, r0
10002db4:	000e      	movs	r6, r1
10002db6:	0002      	movs	r2, r0
10002db8:	000b      	movs	r3, r1
10002dba:	980a      	ldr	r0, [sp, #40]	; 0x28
10002dbc:	9909      	ldr	r1, [sp, #36]	; 0x24
10002dbe:	f7ff f8c3 	bl	10001f48 <__wrap___aeabi_dcmplt>
10002dc2:	2800      	cmp	r0, #0
10002dc4:	d00a      	beq.n	10002ddc <_etoa+0x37c>
10002dc6:	9b0d      	ldr	r3, [sp, #52]	; 0x34
10002dc8:	0028      	movs	r0, r5
10002dca:	3b01      	subs	r3, #1
10002dcc:	0031      	movs	r1, r6
10002dce:	930d      	str	r3, [sp, #52]	; 0x34
10002dd0:	2200      	movs	r2, #0
10002dd2:	4b30      	ldr	r3, [pc, #192]	; (10002e94 <_etoa+0x434>)
10002dd4:	f7ff f857 	bl	10001e86 <__wrap___aeabi_ddiv>
10002dd8:	0005      	movs	r5, r0
10002dda:	000e      	movs	r6, r1
10002ddc:	27c6      	movs	r7, #198	; 0xc6
10002dde:	990d      	ldr	r1, [sp, #52]	; 0x34
10002de0:	002b      	movs	r3, r5
10002de2:	3163      	adds	r1, #99	; 0x63
10002de4:	428f      	cmp	r7, r1
10002de6:	41bf      	sbcs	r7, r7
10002de8:	9928      	ldr	r1, [sp, #160]	; 0xa0
10002dea:	427f      	negs	r7, r7
10002dec:	3704      	adds	r7, #4
10002dee:	0509      	lsls	r1, r1, #20
10002df0:	d400      	bmi.n	10002df4 <_etoa+0x394>
10002df2:	e696      	b.n	10002b22 <_etoa+0xc2>
10002df4:	4333      	orrs	r3, r6
10002df6:	d100      	bne.n	10002dfa <_etoa+0x39a>
10002df8:	e682      	b.n	10002b00 <_etoa+0xa0>
10002dfa:	9c09      	ldr	r4, [sp, #36]	; 0x24
10002dfc:	4a28      	ldr	r2, [pc, #160]	; (10002ea0 <_etoa+0x440>)
10002dfe:	0021      	movs	r1, r4
10002e00:	4b28      	ldr	r3, [pc, #160]	; (10002ea4 <_etoa+0x444>)
10002e02:	980a      	ldr	r0, [sp, #40]	; 0x28
10002e04:	f7ff f8ae 	bl	10001f64 <__wrap___aeabi_dcmpge>
10002e08:	2800      	cmp	r0, #0
10002e0a:	d008      	beq.n	10002e1e <_etoa+0x3be>
10002e0c:	2200      	movs	r2, #0
10002e0e:	0021      	movs	r1, r4
10002e10:	4b25      	ldr	r3, [pc, #148]	; (10002ea8 <_etoa+0x448>)
10002e12:	980a      	ldr	r0, [sp, #40]	; 0x28
10002e14:	f7ff f898 	bl	10001f48 <__wrap___aeabi_dcmplt>
10002e18:	2800      	cmp	r0, #0
10002e1a:	d000      	beq.n	10002e1e <_etoa+0x3be>
10002e1c:	e670      	b.n	10002b00 <_etoa+0xa0>
10002e1e:	9b26      	ldr	r3, [sp, #152]	; 0x98
10002e20:	2b00      	cmp	r3, #0
10002e22:	d100      	bne.n	10002e26 <_etoa+0x3c6>
10002e24:	e67d      	b.n	10002b22 <_etoa+0xc2>
10002e26:	9b0e      	ldr	r3, [sp, #56]	; 0x38
10002e28:	1e5a      	subs	r2, r3, #1
10002e2a:	4193      	sbcs	r3, r2
10002e2c:	9a26      	ldr	r2, [sp, #152]	; 0x98
10002e2e:	1ad3      	subs	r3, r2, r3
10002e30:	9326      	str	r3, [sp, #152]	; 0x98
10002e32:	e676      	b.n	10002b22 <_etoa+0xc2>
10002e34:	2300      	movs	r3, #0
10002e36:	2704      	movs	r7, #4
10002e38:	930d      	str	r3, [sp, #52]	; 0x34
10002e3a:	e672      	b.n	10002b22 <_etoa+0xc2>
10002e3c:	4643      	mov	r3, r8
10002e3e:	930a      	str	r3, [sp, #40]	; 0x28
10002e40:	2380      	movs	r3, #128	; 0x80
10002e42:	061b      	lsls	r3, r3, #24
10002e44:	4453      	add	r3, sl
10002e46:	9309      	str	r3, [sp, #36]	; 0x24
10002e48:	e642      	b.n	10002ad0 <_etoa+0x70>
10002e4a:	2300      	movs	r3, #0
10002e4c:	9326      	str	r3, [sp, #152]	; 0x98
10002e4e:	e660      	b.n	10002b12 <_etoa+0xb2>
10002e50:	fffffc01 	.word	0xfffffc01
10002e54:	509f79fb 	.word	0x509f79fb
10002e58:	3fd34413 	.word	0x3fd34413
10002e5c:	8b60c8b3 	.word	0x8b60c8b3
10002e60:	3fc68a28 	.word	0x3fc68a28
10002e64:	3ff00000 	.word	0x3ff00000
10002e68:	3ff80000 	.word	0x3ff80000
10002e6c:	636f4361 	.word	0x636f4361
10002e70:	3fd287a7 	.word	0x3fd287a7
10002e74:	0979a371 	.word	0x0979a371
10002e78:	400a934f 	.word	0x400a934f
10002e7c:	3fe00000 	.word	0x3fe00000
10002e80:	bbb55516 	.word	0xbbb55516
10002e84:	40026bb1 	.word	0x40026bb1
10002e88:	fefa39ef 	.word	0xfefa39ef
10002e8c:	3fe62e42 	.word	0x3fe62e42
10002e90:	402c0000 	.word	0x402c0000
10002e94:	40240000 	.word	0x40240000
10002e98:	40180000 	.word	0x40180000
10002e9c:	000003ff 	.word	0x000003ff
10002ea0:	eb1c432d 	.word	0xeb1c432d
10002ea4:	3f1a36e2 	.word	0x3f1a36e2
10002ea8:	412e8480 	.word	0x412e8480

10002eac <_ftoa>:
10002eac:	b5f0      	push	{r4, r5, r6, r7, lr}
10002eae:	464e      	mov	r6, r9
10002eb0:	46de      	mov	lr, fp
10002eb2:	4657      	mov	r7, sl
10002eb4:	4645      	mov	r5, r8
10002eb6:	b5e0      	push	{r5, r6, r7, lr}
10002eb8:	b097      	sub	sp, #92	; 0x5c
10002eba:	4699      	mov	r9, r3
10002ebc:	9e20      	ldr	r6, [sp, #128]	; 0x80
10002ebe:	9f21      	ldr	r7, [sp, #132]	; 0x84
10002ec0:	9b22      	ldr	r3, [sp, #136]	; 0x88
10002ec2:	4683      	mov	fp, r0
10002ec4:	4698      	mov	r8, r3
10002ec6:	9107      	str	r1, [sp, #28]
10002ec8:	920c      	str	r2, [sp, #48]	; 0x30
10002eca:	003b      	movs	r3, r7
10002ecc:	0032      	movs	r2, r6
10002ece:	0030      	movs	r0, r6
10002ed0:	0039      	movs	r1, r7
10002ed2:	f7ff f854 	bl	10001f7e <__wrap___aeabi_dcmpun>
10002ed6:	2800      	cmp	r0, #0
10002ed8:	d000      	beq.n	10002edc <_ftoa+0x30>
10002eda:	e1a9      	b.n	10003230 <_ftoa+0x384>
10002edc:	2201      	movs	r2, #1
10002ede:	0030      	movs	r0, r6
10002ee0:	0039      	movs	r1, r7
10002ee2:	4bca      	ldr	r3, [pc, #808]	; (1000320c <_ftoa+0x360>)
10002ee4:	4252      	negs	r2, r2
10002ee6:	f7ff f82f 	bl	10001f48 <__wrap___aeabi_dcmplt>
10002eea:	2800      	cmp	r0, #0
10002eec:	d000      	beq.n	10002ef0 <_ftoa+0x44>
10002eee:	e0e1      	b.n	100030b4 <_ftoa+0x208>
10002ef0:	2201      	movs	r2, #1
10002ef2:	0030      	movs	r0, r6
10002ef4:	0039      	movs	r1, r7
10002ef6:	4bc6      	ldr	r3, [pc, #792]	; (10003210 <_ftoa+0x364>)
10002ef8:	4252      	negs	r2, r2
10002efa:	f7ff f83b 	bl	10001f74 <__wrap___aeabi_dcmpgt>
10002efe:	2800      	cmp	r0, #0
10002f00:	d000      	beq.n	10002f04 <_ftoa+0x58>
10002f02:	e0b7      	b.n	10003074 <_ftoa+0x1c8>
10002f04:	2200      	movs	r2, #0
10002f06:	0030      	movs	r0, r6
10002f08:	0039      	movs	r1, r7
10002f0a:	4bc2      	ldr	r3, [pc, #776]	; (10003214 <_ftoa+0x368>)
10002f0c:	f7ff f832 	bl	10001f74 <__wrap___aeabi_dcmpgt>
10002f10:	2800      	cmp	r0, #0
10002f12:	d000      	beq.n	10002f16 <_ftoa+0x6a>
10002f14:	e099      	b.n	1000304a <_ftoa+0x19e>
10002f16:	2200      	movs	r2, #0
10002f18:	0030      	movs	r0, r6
10002f1a:	0039      	movs	r1, r7
10002f1c:	4bbe      	ldr	r3, [pc, #760]	; (10003218 <_ftoa+0x36c>)
10002f1e:	f7ff f813 	bl	10001f48 <__wrap___aeabi_dcmplt>
10002f22:	2800      	cmp	r0, #0
10002f24:	d000      	beq.n	10002f28 <_ftoa+0x7c>
10002f26:	e090      	b.n	1000304a <_ftoa+0x19e>
10002f28:	2200      	movs	r2, #0
10002f2a:	2300      	movs	r3, #0
10002f2c:	0030      	movs	r0, r6
10002f2e:	0039      	movs	r1, r7
10002f30:	f7ff f80a 	bl	10001f48 <__wrap___aeabi_dcmplt>
10002f34:	2800      	cmp	r0, #0
10002f36:	d000      	beq.n	10002f3a <_ftoa+0x8e>
10002f38:	e0b1      	b.n	1000309e <_ftoa+0x1f2>
10002f3a:	2300      	movs	r3, #0
10002f3c:	930d      	str	r3, [sp, #52]	; 0x34
10002f3e:	9b24      	ldr	r3, [sp, #144]	; 0x90
10002f40:	055b      	lsls	r3, r3, #21
10002f42:	d401      	bmi.n	10002f48 <_ftoa+0x9c>
10002f44:	2306      	movs	r3, #6
10002f46:	4698      	mov	r8, r3
10002f48:	ab08      	add	r3, sp, #32
10002f4a:	469c      	mov	ip, r3
10002f4c:	2217      	movs	r2, #23
10002f4e:	2400      	movs	r4, #0
10002f50:	2330      	movs	r3, #48	; 0x30
10002f52:	4641      	mov	r1, r8
10002f54:	4462      	add	r2, ip
10002f56:	e004      	b.n	10002f62 <_ftoa+0xb6>
10002f58:	3401      	adds	r4, #1
10002f5a:	5513      	strb	r3, [r2, r4]
10002f5c:	3901      	subs	r1, #1
10002f5e:	2c20      	cmp	r4, #32
10002f60:	d001      	beq.n	10002f66 <_ftoa+0xba>
10002f62:	2909      	cmp	r1, #9
10002f64:	d8f8      	bhi.n	10002f58 <_ftoa+0xac>
10002f66:	4688      	mov	r8, r1
10002f68:	0030      	movs	r0, r6
10002f6a:	0039      	movs	r1, r7
10002f6c:	f7ff f830 	bl	10001fd0 <__wrap___aeabi_d2iz>
10002f70:	4643      	mov	r3, r8
10002f72:	00da      	lsls	r2, r3, #3
10002f74:	4ba9      	ldr	r3, [pc, #676]	; (1000321c <_ftoa+0x370>)
10002f76:	0005      	movs	r5, r0
10002f78:	189b      	adds	r3, r3, r2
10002f7a:	681a      	ldr	r2, [r3, #0]
10002f7c:	685b      	ldr	r3, [r3, #4]
10002f7e:	9208      	str	r2, [sp, #32]
10002f80:	9309      	str	r3, [sp, #36]	; 0x24
10002f82:	f7ff f80d 	bl	10001fa0 <__wrap___aeabi_i2d>
10002f86:	0002      	movs	r2, r0
10002f88:	000b      	movs	r3, r1
10002f8a:	0030      	movs	r0, r6
10002f8c:	0039      	movs	r1, r7
10002f8e:	f7fe ff68 	bl	10001e62 <__wrap___aeabi_dsub>
10002f92:	9a08      	ldr	r2, [sp, #32]
10002f94:	9b09      	ldr	r3, [sp, #36]	; 0x24
10002f96:	f7fe ff94 	bl	10001ec2 <__wrap___aeabi_dmul>
10002f9a:	900a      	str	r0, [sp, #40]	; 0x28
10002f9c:	910b      	str	r1, [sp, #44]	; 0x2c
10002f9e:	f7ff f83b 	bl	10002018 <__wrap___aeabi_d2uiz>
10002fa2:	4682      	mov	sl, r0
10002fa4:	f7fe fff8 	bl	10001f98 <__wrap___aeabi_ui2d>
10002fa8:	0002      	movs	r2, r0
10002faa:	000b      	movs	r3, r1
10002fac:	980a      	ldr	r0, [sp, #40]	; 0x28
10002fae:	990b      	ldr	r1, [sp, #44]	; 0x2c
10002fb0:	f7fe ff57 	bl	10001e62 <__wrap___aeabi_dsub>
10002fb4:	2200      	movs	r2, #0
10002fb6:	4b9a      	ldr	r3, [pc, #616]	; (10003220 <_ftoa+0x374>)
10002fb8:	900a      	str	r0, [sp, #40]	; 0x28
10002fba:	910b      	str	r1, [sp, #44]	; 0x2c
10002fbc:	f7fe ffda 	bl	10001f74 <__wrap___aeabi_dcmpgt>
10002fc0:	2800      	cmp	r0, #0
10002fc2:	d100      	bne.n	10002fc6 <_ftoa+0x11a>
10002fc4:	e0c0      	b.n	10003148 <_ftoa+0x29c>
10002fc6:	2301      	movs	r3, #1
10002fc8:	469c      	mov	ip, r3
10002fca:	44e2      	add	sl, ip
10002fcc:	4650      	mov	r0, sl
10002fce:	f7fe ffe3 	bl	10001f98 <__wrap___aeabi_ui2d>
10002fd2:	0002      	movs	r2, r0
10002fd4:	000b      	movs	r3, r1
10002fd6:	9808      	ldr	r0, [sp, #32]
10002fd8:	9909      	ldr	r1, [sp, #36]	; 0x24
10002fda:	f7fe ffbb 	bl	10001f54 <__wrap___aeabi_dcmple>
10002fde:	2800      	cmp	r0, #0
10002fe0:	d002      	beq.n	10002fe8 <_ftoa+0x13c>
10002fe2:	2300      	movs	r3, #0
10002fe4:	469a      	mov	sl, r3
10002fe6:	3501      	adds	r5, #1
10002fe8:	4643      	mov	r3, r8
10002fea:	2b00      	cmp	r3, #0
10002fec:	d06a      	beq.n	100030c4 <_ftoa+0x218>
10002fee:	ab08      	add	r3, sp, #32
10002ff0:	2617      	movs	r6, #23
10002ff2:	469c      	mov	ip, r3
10002ff4:	9508      	str	r5, [sp, #32]
10002ff6:	4466      	add	r6, ip
10002ff8:	4655      	mov	r5, sl
10002ffa:	e014      	b.n	10003026 <_ftoa+0x17a>
10002ffc:	2301      	movs	r3, #1
10002ffe:	425b      	negs	r3, r3
10003000:	4443      	add	r3, r8
10003002:	210a      	movs	r1, #10
10003004:	0028      	movs	r0, r5
10003006:	469a      	mov	sl, r3
10003008:	f7fe fcf0 	bl	100019ec <__wrap___aeabi_uidiv>
1000300c:	3401      	adds	r4, #1
1000300e:	3130      	adds	r1, #48	; 0x30
10003010:	1937      	adds	r7, r6, r4
10003012:	7039      	strb	r1, [r7, #0]
10003014:	0028      	movs	r0, r5
10003016:	210a      	movs	r1, #10
10003018:	f7fe fce8 	bl	100019ec <__wrap___aeabi_uidiv>
1000301c:	2d09      	cmp	r5, #9
1000301e:	d800      	bhi.n	10003022 <_ftoa+0x176>
10003020:	e0d0      	b.n	100031c4 <_ftoa+0x318>
10003022:	46d0      	mov	r8, sl
10003024:	0005      	movs	r5, r0
10003026:	2c20      	cmp	r4, #32
10003028:	d1e8      	bne.n	10002ffc <_ftoa+0x150>
1000302a:	ab0e      	add	r3, sp, #56	; 0x38
1000302c:	4698      	mov	r8, r3
1000302e:	2303      	movs	r3, #3
10003030:	9a24      	ldr	r2, [sp, #144]	; 0x90
10003032:	4013      	ands	r3, r2
10003034:	2b01      	cmp	r3, #1
10003036:	d100      	bne.n	1000303a <_ftoa+0x18e>
10003038:	e096      	b.n	10003168 <_ftoa+0x2bc>
1000303a:	2320      	movs	r3, #32
1000303c:	9a24      	ldr	r2, [sp, #144]	; 0x90
1000303e:	9301      	str	r3, [sp, #4]
10003040:	9203      	str	r2, [sp, #12]
10003042:	9a23      	ldr	r2, [sp, #140]	; 0x8c
10003044:	4643      	mov	r3, r8
10003046:	9202      	str	r2, [sp, #8]
10003048:	e01e      	b.n	10003088 <_ftoa+0x1dc>
1000304a:	9b24      	ldr	r3, [sp, #144]	; 0x90
1000304c:	4658      	mov	r0, fp
1000304e:	9304      	str	r3, [sp, #16]
10003050:	9b23      	ldr	r3, [sp, #140]	; 0x8c
10003052:	9600      	str	r6, [sp, #0]
10003054:	9701      	str	r7, [sp, #4]
10003056:	9303      	str	r3, [sp, #12]
10003058:	4643      	mov	r3, r8
1000305a:	9a0c      	ldr	r2, [sp, #48]	; 0x30
1000305c:	9302      	str	r3, [sp, #8]
1000305e:	9907      	ldr	r1, [sp, #28]
10003060:	464b      	mov	r3, r9
10003062:	f7ff fcfd 	bl	10002a60 <_etoa>
10003066:	b017      	add	sp, #92	; 0x5c
10003068:	bcf0      	pop	{r4, r5, r6, r7}
1000306a:	46bb      	mov	fp, r7
1000306c:	46b2      	mov	sl, r6
1000306e:	46a9      	mov	r9, r5
10003070:	46a0      	mov	r8, r4
10003072:	bdf0      	pop	{r4, r5, r6, r7, pc}
10003074:	9b24      	ldr	r3, [sp, #144]	; 0x90
10003076:	075b      	lsls	r3, r3, #29
10003078:	d40e      	bmi.n	10003098 <_ftoa+0x1ec>
1000307a:	2203      	movs	r2, #3
1000307c:	4b69      	ldr	r3, [pc, #420]	; (10003224 <_ftoa+0x378>)
1000307e:	9924      	ldr	r1, [sp, #144]	; 0x90
10003080:	9201      	str	r2, [sp, #4]
10003082:	9103      	str	r1, [sp, #12]
10003084:	9923      	ldr	r1, [sp, #140]	; 0x8c
10003086:	9102      	str	r1, [sp, #8]
10003088:	9300      	str	r3, [sp, #0]
1000308a:	4658      	mov	r0, fp
1000308c:	464b      	mov	r3, r9
1000308e:	9a0c      	ldr	r2, [sp, #48]	; 0x30
10003090:	9907      	ldr	r1, [sp, #28]
10003092:	f7ff fba1 	bl	100027d8 <_out_rev>
10003096:	e7e6      	b.n	10003066 <_ftoa+0x1ba>
10003098:	2204      	movs	r2, #4
1000309a:	4b63      	ldr	r3, [pc, #396]	; (10003228 <_ftoa+0x37c>)
1000309c:	e7ef      	b.n	1000307e <_ftoa+0x1d2>
1000309e:	003b      	movs	r3, r7
100030a0:	0032      	movs	r2, r6
100030a2:	2000      	movs	r0, #0
100030a4:	2100      	movs	r1, #0
100030a6:	f7fe fedc 	bl	10001e62 <__wrap___aeabi_dsub>
100030aa:	2301      	movs	r3, #1
100030ac:	0006      	movs	r6, r0
100030ae:	000f      	movs	r7, r1
100030b0:	930d      	str	r3, [sp, #52]	; 0x34
100030b2:	e744      	b.n	10002f3e <_ftoa+0x92>
100030b4:	9b24      	ldr	r3, [sp, #144]	; 0x90
100030b6:	9303      	str	r3, [sp, #12]
100030b8:	9b23      	ldr	r3, [sp, #140]	; 0x8c
100030ba:	9302      	str	r3, [sp, #8]
100030bc:	2304      	movs	r3, #4
100030be:	9301      	str	r3, [sp, #4]
100030c0:	4b5a      	ldr	r3, [pc, #360]	; (1000322c <_ftoa+0x380>)
100030c2:	e7e1      	b.n	10003088 <_ftoa+0x1dc>
100030c4:	0028      	movs	r0, r5
100030c6:	f7fe ff6b 	bl	10001fa0 <__wrap___aeabi_i2d>
100030ca:	0002      	movs	r2, r0
100030cc:	000b      	movs	r3, r1
100030ce:	0030      	movs	r0, r6
100030d0:	0039      	movs	r1, r7
100030d2:	f7fe fec6 	bl	10001e62 <__wrap___aeabi_dsub>
100030d6:	4b52      	ldr	r3, [pc, #328]	; (10003220 <_ftoa+0x374>)
100030d8:	2200      	movs	r2, #0
100030da:	0006      	movs	r6, r0
100030dc:	000f      	movs	r7, r1
100030de:	f7fe ff33 	bl	10001f48 <__wrap___aeabi_dcmplt>
100030e2:	ab0e      	add	r3, sp, #56	; 0x38
100030e4:	4698      	mov	r8, r3
100030e6:	2800      	cmp	r0, #0
100030e8:	d10a      	bne.n	10003100 <_ftoa+0x254>
100030ea:	2200      	movs	r2, #0
100030ec:	0030      	movs	r0, r6
100030ee:	0039      	movs	r1, r7
100030f0:	4b4b      	ldr	r3, [pc, #300]	; (10003220 <_ftoa+0x374>)
100030f2:	f7fe ff3f 	bl	10001f74 <__wrap___aeabi_dcmpgt>
100030f6:	2800      	cmp	r0, #0
100030f8:	d102      	bne.n	10003100 <_ftoa+0x254>
100030fa:	07eb      	lsls	r3, r5, #31
100030fc:	d500      	bpl.n	10003100 <_ftoa+0x254>
100030fe:	3501      	adds	r5, #1
10003100:	2c20      	cmp	r4, #32
10003102:	d094      	beq.n	1000302e <_ftoa+0x182>
10003104:	aa08      	add	r2, sp, #32
10003106:	4694      	mov	ip, r2
10003108:	2317      	movs	r3, #23
1000310a:	0028      	movs	r0, r5
1000310c:	4463      	add	r3, ip
1000310e:	210a      	movs	r1, #10
10003110:	3401      	adds	r4, #1
10003112:	191e      	adds	r6, r3, r4
10003114:	f7fe fc42 	bl	1000199c <__wrap___aeabi_idiv>
10003118:	3130      	adds	r1, #48	; 0x30
1000311a:	0028      	movs	r0, r5
1000311c:	7031      	strb	r1, [r6, #0]
1000311e:	210a      	movs	r1, #10
10003120:	f7fe fc3c 	bl	1000199c <__wrap___aeabi_idiv>
10003124:	1e05      	subs	r5, r0, #0
10003126:	d1eb      	bne.n	10003100 <_ftoa+0x254>
10003128:	2303      	movs	r3, #3
1000312a:	9a24      	ldr	r2, [sp, #144]	; 0x90
1000312c:	4013      	ands	r3, r2
1000312e:	2b01      	cmp	r3, #1
10003130:	d01b      	beq.n	1000316a <_ftoa+0x2be>
10003132:	2c20      	cmp	r4, #32
10003134:	d100      	bne.n	10003138 <_ftoa+0x28c>
10003136:	e780      	b.n	1000303a <_ftoa+0x18e>
10003138:	9b0d      	ldr	r3, [sp, #52]	; 0x34
1000313a:	2b00      	cmp	r3, #0
1000313c:	d035      	beq.n	100031aa <_ftoa+0x2fe>
1000313e:	222d      	movs	r2, #45	; 0x2d
10003140:	4641      	mov	r1, r8
10003142:	1c63      	adds	r3, r4, #1
10003144:	550a      	strb	r2, [r1, r4]
10003146:	e779      	b.n	1000303c <_ftoa+0x190>
10003148:	2200      	movs	r2, #0
1000314a:	980a      	ldr	r0, [sp, #40]	; 0x28
1000314c:	990b      	ldr	r1, [sp, #44]	; 0x2c
1000314e:	4b34      	ldr	r3, [pc, #208]	; (10003220 <_ftoa+0x374>)
10003150:	f7fe fefa 	bl	10001f48 <__wrap___aeabi_dcmplt>
10003154:	2800      	cmp	r0, #0
10003156:	d000      	beq.n	1000315a <_ftoa+0x2ae>
10003158:	e746      	b.n	10002fe8 <_ftoa+0x13c>
1000315a:	4653      	mov	r3, sl
1000315c:	2b00      	cmp	r3, #0
1000315e:	d151      	bne.n	10003204 <_ftoa+0x358>
10003160:	2301      	movs	r3, #1
10003162:	469c      	mov	ip, r3
10003164:	44e2      	add	sl, ip
10003166:	e73f      	b.n	10002fe8 <_ftoa+0x13c>
10003168:	2420      	movs	r4, #32
1000316a:	9b23      	ldr	r3, [sp, #140]	; 0x8c
1000316c:	2b00      	cmp	r3, #0
1000316e:	d0e0      	beq.n	10003132 <_ftoa+0x286>
10003170:	9b0d      	ldr	r3, [sp, #52]	; 0x34
10003172:	2b00      	cmp	r3, #0
10003174:	d103      	bne.n	1000317e <_ftoa+0x2d2>
10003176:	9a24      	ldr	r2, [sp, #144]	; 0x90
10003178:	330c      	adds	r3, #12
1000317a:	4213      	tst	r3, r2
1000317c:	d002      	beq.n	10003184 <_ftoa+0x2d8>
1000317e:	9b23      	ldr	r3, [sp, #140]	; 0x8c
10003180:	3b01      	subs	r3, #1
10003182:	9323      	str	r3, [sp, #140]	; 0x8c
10003184:	9b23      	ldr	r3, [sp, #140]	; 0x8c
10003186:	42a3      	cmp	r3, r4
10003188:	d9d3      	bls.n	10003132 <_ftoa+0x286>
1000318a:	ab08      	add	r3, sp, #32
1000318c:	469c      	mov	ip, r3
1000318e:	2217      	movs	r2, #23
10003190:	2330      	movs	r3, #48	; 0x30
10003192:	4462      	add	r2, ip
10003194:	2c20      	cmp	r4, #32
10003196:	d100      	bne.n	1000319a <_ftoa+0x2ee>
10003198:	e74f      	b.n	1000303a <_ftoa+0x18e>
1000319a:	9923      	ldr	r1, [sp, #140]	; 0x8c
1000319c:	3401      	adds	r4, #1
1000319e:	5513      	strb	r3, [r2, r4]
100031a0:	428c      	cmp	r4, r1
100031a2:	d0c6      	beq.n	10003132 <_ftoa+0x286>
100031a4:	2c20      	cmp	r4, #32
100031a6:	d1f8      	bne.n	1000319a <_ftoa+0x2ee>
100031a8:	e747      	b.n	1000303a <_ftoa+0x18e>
100031aa:	9b24      	ldr	r3, [sp, #144]	; 0x90
100031ac:	075b      	lsls	r3, r3, #29
100031ae:	d424      	bmi.n	100031fa <_ftoa+0x34e>
100031b0:	9a24      	ldr	r2, [sp, #144]	; 0x90
100031b2:	0023      	movs	r3, r4
100031b4:	0712      	lsls	r2, r2, #28
100031b6:	d400      	bmi.n	100031ba <_ftoa+0x30e>
100031b8:	e740      	b.n	1000303c <_ftoa+0x190>
100031ba:	2220      	movs	r2, #32
100031bc:	4641      	mov	r1, r8
100031be:	3301      	adds	r3, #1
100031c0:	550a      	strb	r2, [r1, r4]
100031c2:	e73b      	b.n	1000303c <_ftoa+0x190>
100031c4:	4657      	mov	r7, sl
100031c6:	9d08      	ldr	r5, [sp, #32]
100031c8:	2c20      	cmp	r4, #32
100031ca:	d100      	bne.n	100031ce <_ftoa+0x322>
100031cc:	e72d      	b.n	1000302a <_ftoa+0x17e>
100031ce:	0022      	movs	r2, r4
100031d0:	2130      	movs	r1, #48	; 0x30
100031d2:	4640      	mov	r0, r8
100031d4:	2f00      	cmp	r7, #0
100031d6:	d009      	beq.n	100031ec <_ftoa+0x340>
100031d8:	3201      	adds	r2, #1
100031da:	54b1      	strb	r1, [r6, r2]
100031dc:	2a20      	cmp	r2, #32
100031de:	d100      	bne.n	100031e2 <_ftoa+0x336>
100031e0:	e723      	b.n	1000302a <_ftoa+0x17e>
100031e2:	43d3      	mvns	r3, r2
100031e4:	191b      	adds	r3, r3, r4
100031e6:	181b      	adds	r3, r3, r0
100031e8:	2b00      	cmp	r3, #0
100031ea:	d1f5      	bne.n	100031d8 <_ftoa+0x32c>
100031ec:	ab0e      	add	r3, sp, #56	; 0x38
100031ee:	4698      	mov	r8, r3
100031f0:	232e      	movs	r3, #46	; 0x2e
100031f2:	4641      	mov	r1, r8
100031f4:	1c54      	adds	r4, r2, #1
100031f6:	548b      	strb	r3, [r1, r2]
100031f8:	e782      	b.n	10003100 <_ftoa+0x254>
100031fa:	222b      	movs	r2, #43	; 0x2b
100031fc:	4641      	mov	r1, r8
100031fe:	1c63      	adds	r3, r4, #1
10003200:	550a      	strb	r2, [r1, r4]
10003202:	e71b      	b.n	1000303c <_ftoa+0x190>
10003204:	07db      	lsls	r3, r3, #31
10003206:	d400      	bmi.n	1000320a <_ftoa+0x35e>
10003208:	e6ee      	b.n	10002fe8 <_ftoa+0x13c>
1000320a:	e7a9      	b.n	10003160 <_ftoa+0x2b4>
1000320c:	ffefffff 	.word	0xffefffff
10003210:	7fefffff 	.word	0x7fefffff
10003214:	41cdcd65 	.word	0x41cdcd65
10003218:	c1cdcd65 	.word	0xc1cdcd65
1000321c:	10006f20 	.word	0x10006f20
10003220:	3fe00000 	.word	0x3fe00000
10003224:	10006d28 	.word	0x10006d28
10003228:	10006d2c 	.word	0x10006d2c
1000322c:	10006d38 	.word	0x10006d38
10003230:	9b24      	ldr	r3, [sp, #144]	; 0x90
10003232:	9303      	str	r3, [sp, #12]
10003234:	9b23      	ldr	r3, [sp, #140]	; 0x8c
10003236:	9302      	str	r3, [sp, #8]
10003238:	2303      	movs	r3, #3
1000323a:	9301      	str	r3, [sp, #4]
1000323c:	4b00      	ldr	r3, [pc, #0]	; (10003240 <_ftoa+0x394>)
1000323e:	e723      	b.n	10003088 <_ftoa+0x1dc>
10003240:	10006d34 	.word	0x10006d34

10003244 <_vsnprintf>:
10003244:	b5f0      	push	{r4, r5, r6, r7, lr}
10003246:	46de      	mov	lr, fp
10003248:	464e      	mov	r6, r9
1000324a:	4657      	mov	r7, sl
1000324c:	4645      	mov	r5, r8
1000324e:	b5e0      	push	{r5, r6, r7, lr}
10003250:	b09f      	sub	sp, #124	; 0x7c
10003252:	001c      	movs	r4, r3
10003254:	9b28      	ldr	r3, [sp, #160]	; 0xa0
10003256:	4691      	mov	r9, r2
10003258:	9309      	str	r3, [sp, #36]	; 0x24
1000325a:	4ac9      	ldr	r2, [pc, #804]	; (10003580 <_vsnprintf+0x33c>)
1000325c:	4bc9      	ldr	r3, [pc, #804]	; (10003584 <_vsnprintf+0x340>)
1000325e:	468b      	mov	fp, r1
10003260:	9008      	str	r0, [sp, #32]
10003262:	601a      	str	r2, [r3, #0]
10003264:	2900      	cmp	r1, #0
10003266:	d100      	bne.n	1000326a <_vsnprintf+0x26>
10003268:	e218      	b.n	1000369c <_vsnprintf+0x458>
1000326a:	2300      	movs	r3, #0
1000326c:	7820      	ldrb	r0, [r4, #0]
1000326e:	469a      	mov	sl, r3
10003270:	2800      	cmp	r0, #0
10003272:	d100      	bne.n	10003276 <_vsnprintf+0x32>
10003274:	e21a      	b.n	100036ac <_vsnprintf+0x468>
10003276:	0026      	movs	r6, r4
10003278:	001d      	movs	r5, r3
1000327a:	465c      	mov	r4, fp
1000327c:	e00a      	b.n	10003294 <_vsnprintf+0x50>
1000327e:	002a      	movs	r2, r5
10003280:	1c6f      	adds	r7, r5, #1
10003282:	464b      	mov	r3, r9
10003284:	9d08      	ldr	r5, [sp, #32]
10003286:	0021      	movs	r1, r4
10003288:	47a8      	blx	r5
1000328a:	003d      	movs	r5, r7
1000328c:	3601      	adds	r6, #1
1000328e:	7830      	ldrb	r0, [r6, #0]
10003290:	2800      	cmp	r0, #0
10003292:	d070      	beq.n	10003376 <_vsnprintf+0x132>
10003294:	2825      	cmp	r0, #37	; 0x25
10003296:	d1f2      	bne.n	1000327e <_vsnprintf+0x3a>
10003298:	2310      	movs	r3, #16
1000329a:	469b      	mov	fp, r3
1000329c:	3b08      	subs	r3, #8
1000329e:	469a      	mov	sl, r3
100032a0:	3b04      	subs	r3, #4
100032a2:	4698      	mov	r8, r3
100032a4:	3b02      	subs	r3, #2
100032a6:	2100      	movs	r1, #0
100032a8:	469c      	mov	ip, r3
100032aa:	1c72      	adds	r2, r6, #1
100032ac:	7810      	ldrb	r0, [r2, #0]
100032ae:	0016      	movs	r6, r2
100032b0:	0003      	movs	r3, r0
100032b2:	3b20      	subs	r3, #32
100032b4:	b2db      	uxtb	r3, r3
100032b6:	2b10      	cmp	r3, #16
100032b8:	d803      	bhi.n	100032c2 <_vsnprintf+0x7e>
100032ba:	4fb3      	ldr	r7, [pc, #716]	; (10003588 <_vsnprintf+0x344>)
100032bc:	009b      	lsls	r3, r3, #2
100032be:	58fb      	ldr	r3, [r7, r3]
100032c0:	469f      	mov	pc, r3
100032c2:	0003      	movs	r3, r0
100032c4:	3b30      	subs	r3, #48	; 0x30
100032c6:	2b09      	cmp	r3, #9
100032c8:	d932      	bls.n	10003330 <_vsnprintf+0xec>
100032ca:	2300      	movs	r3, #0
100032cc:	930a      	str	r3, [sp, #40]	; 0x28
100032ce:	282a      	cmp	r0, #42	; 0x2a
100032d0:	d068      	beq.n	100033a4 <_vsnprintf+0x160>
100032d2:	2300      	movs	r3, #0
100032d4:	4698      	mov	r8, r3
100032d6:	282e      	cmp	r0, #46	; 0x2e
100032d8:	d03e      	beq.n	10003358 <_vsnprintf+0x114>
100032da:	0003      	movs	r3, r0
100032dc:	3b68      	subs	r3, #104	; 0x68
100032de:	b2db      	uxtb	r3, r3
100032e0:	2b12      	cmp	r3, #18
100032e2:	d81c      	bhi.n	1000331e <_vsnprintf+0xda>
100032e4:	4aa9      	ldr	r2, [pc, #676]	; (1000358c <_vsnprintf+0x348>)
100032e6:	009b      	lsls	r3, r3, #2
100032e8:	58d3      	ldr	r3, [r2, r3]
100032ea:	469f      	mov	pc, r3
100032ec:	2301      	movs	r3, #1
100032ee:	3201      	adds	r2, #1
100032f0:	4319      	orrs	r1, r3
100032f2:	e7db      	b.n	100032ac <_vsnprintf+0x68>
100032f4:	4663      	mov	r3, ip
100032f6:	3201      	adds	r2, #1
100032f8:	4319      	orrs	r1, r3
100032fa:	e7d7      	b.n	100032ac <_vsnprintf+0x68>
100032fc:	4643      	mov	r3, r8
100032fe:	3201      	adds	r2, #1
10003300:	4319      	orrs	r1, r3
10003302:	e7d3      	b.n	100032ac <_vsnprintf+0x68>
10003304:	465b      	mov	r3, fp
10003306:	3201      	adds	r2, #1
10003308:	4319      	orrs	r1, r3
1000330a:	e7cf      	b.n	100032ac <_vsnprintf+0x68>
1000330c:	4653      	mov	r3, sl
1000330e:	3201      	adds	r2, #1
10003310:	4319      	orrs	r1, r3
10003312:	e7cb      	b.n	100032ac <_vsnprintf+0x68>
10003314:	2380      	movs	r3, #128	; 0x80
10003316:	005b      	lsls	r3, r3, #1
10003318:	7870      	ldrb	r0, [r6, #1]
1000331a:	4319      	orrs	r1, r3
1000331c:	3601      	adds	r6, #1
1000331e:	0003      	movs	r3, r0
10003320:	3b25      	subs	r3, #37	; 0x25
10003322:	b2db      	uxtb	r3, r3
10003324:	2b53      	cmp	r3, #83	; 0x53
10003326:	d8aa      	bhi.n	1000327e <_vsnprintf+0x3a>
10003328:	4a99      	ldr	r2, [pc, #612]	; (10003590 <_vsnprintf+0x34c>)
1000332a:	009b      	lsls	r3, r3, #2
1000332c:	58d3      	ldr	r3, [r2, r3]
1000332e:	469f      	mov	pc, r3
10003330:	2700      	movs	r7, #0
10003332:	0003      	movs	r3, r0
10003334:	00b8      	lsls	r0, r7, #2
10003336:	19c0      	adds	r0, r0, r7
10003338:	3601      	adds	r6, #1
1000333a:	0040      	lsls	r0, r0, #1
1000333c:	18c0      	adds	r0, r0, r3
1000333e:	7833      	ldrb	r3, [r6, #0]
10003340:	3830      	subs	r0, #48	; 0x30
10003342:	001a      	movs	r2, r3
10003344:	3a30      	subs	r2, #48	; 0x30
10003346:	0007      	movs	r7, r0
10003348:	2a09      	cmp	r2, #9
1000334a:	d9f3      	bls.n	10003334 <_vsnprintf+0xf0>
1000334c:	900a      	str	r0, [sp, #40]	; 0x28
1000334e:	0018      	movs	r0, r3
10003350:	2300      	movs	r3, #0
10003352:	4698      	mov	r8, r3
10003354:	282e      	cmp	r0, #46	; 0x2e
10003356:	d1c0      	bne.n	100032da <_vsnprintf+0x96>
10003358:	2380      	movs	r3, #128	; 0x80
1000335a:	7870      	ldrb	r0, [r6, #1]
1000335c:	00db      	lsls	r3, r3, #3
1000335e:	4319      	orrs	r1, r3
10003360:	0003      	movs	r3, r0
10003362:	3b30      	subs	r3, #48	; 0x30
10003364:	1c72      	adds	r2, r6, #1
10003366:	2b09      	cmp	r3, #9
10003368:	d800      	bhi.n	1000336c <_vsnprintf+0x128>
1000336a:	e1a1      	b.n	100036b0 <_vsnprintf+0x46c>
1000336c:	282a      	cmp	r0, #42	; 0x2a
1000336e:	d100      	bne.n	10003372 <_vsnprintf+0x12e>
10003370:	e1b2      	b.n	100036d8 <_vsnprintf+0x494>
10003372:	0016      	movs	r6, r2
10003374:	e7b1      	b.n	100032da <_vsnprintf+0x96>
10003376:	46a3      	mov	fp, r4
10003378:	46aa      	mov	sl, r5
1000337a:	002c      	movs	r4, r5
1000337c:	45d1      	cmp	r9, sl
1000337e:	d803      	bhi.n	10003388 <_vsnprintf+0x144>
10003380:	2301      	movs	r3, #1
10003382:	425b      	negs	r3, r3
10003384:	444b      	add	r3, r9
10003386:	469a      	mov	sl, r3
10003388:	464b      	mov	r3, r9
1000338a:	4652      	mov	r2, sl
1000338c:	4659      	mov	r1, fp
1000338e:	2000      	movs	r0, #0
10003390:	9d08      	ldr	r5, [sp, #32]
10003392:	47a8      	blx	r5
10003394:	0020      	movs	r0, r4
10003396:	b01f      	add	sp, #124	; 0x7c
10003398:	bcf0      	pop	{r4, r5, r6, r7}
1000339a:	46bb      	mov	fp, r7
1000339c:	46b2      	mov	sl, r6
1000339e:	46a9      	mov	r9, r5
100033a0:	46a0      	mov	r8, r4
100033a2:	bdf0      	pop	{r4, r5, r6, r7, pc}
100033a4:	9b09      	ldr	r3, [sp, #36]	; 0x24
100033a6:	cb40      	ldmia	r3!, {r6}
100033a8:	960a      	str	r6, [sp, #40]	; 0x28
100033aa:	2e00      	cmp	r6, #0
100033ac:	db03      	blt.n	100033b6 <_vsnprintf+0x172>
100033ae:	7850      	ldrb	r0, [r2, #1]
100033b0:	9309      	str	r3, [sp, #36]	; 0x24
100033b2:	1c56      	adds	r6, r2, #1
100033b4:	e78d      	b.n	100032d2 <_vsnprintf+0x8e>
100033b6:	3828      	subs	r0, #40	; 0x28
100033b8:	4301      	orrs	r1, r0
100033ba:	4270      	negs	r0, r6
100033bc:	900a      	str	r0, [sp, #40]	; 0x28
100033be:	9309      	str	r3, [sp, #36]	; 0x24
100033c0:	7850      	ldrb	r0, [r2, #1]
100033c2:	1c56      	adds	r6, r2, #1
100033c4:	e785      	b.n	100032d2 <_vsnprintf+0x8e>
100033c6:	2878      	cmp	r0, #120	; 0x78
100033c8:	d100      	bne.n	100033cc <_vsnprintf+0x188>
100033ca:	e1df      	b.n	1000378c <_vsnprintf+0x548>
100033cc:	2858      	cmp	r0, #88	; 0x58
100033ce:	d100      	bne.n	100033d2 <_vsnprintf+0x18e>
100033d0:	e24c      	b.n	1000386c <_vsnprintf+0x628>
100033d2:	286f      	cmp	r0, #111	; 0x6f
100033d4:	d100      	bne.n	100033d8 <_vsnprintf+0x194>
100033d6:	e34f      	b.n	10003a78 <_vsnprintf+0x834>
100033d8:	2862      	cmp	r0, #98	; 0x62
100033da:	d101      	bne.n	100033e0 <_vsnprintf+0x19c>
100033dc:	f000 fc30 	bl	10003c40 <_vsnprintf+0x9fc>
100033e0:	2310      	movs	r3, #16
100033e2:	000a      	movs	r2, r1
100033e4:	439a      	bics	r2, r3
100033e6:	920b      	str	r2, [sp, #44]	; 0x2c
100033e8:	2869      	cmp	r0, #105	; 0x69
100033ea:	d001      	beq.n	100033f0 <_vsnprintf+0x1ac>
100033ec:	f000 fca9 	bl	10003d42 <_vsnprintf+0xafe>
100033f0:	230a      	movs	r3, #10
100033f2:	930c      	str	r3, [sp, #48]	; 0x30
100033f4:	054b      	lsls	r3, r1, #21
100033f6:	d500      	bpl.n	100033fa <_vsnprintf+0x1b6>
100033f8:	e1d0      	b.n	1000379c <_vsnprintf+0x558>
100033fa:	9a0b      	ldr	r2, [sp, #44]	; 0x2c
100033fc:	2380      	movs	r3, #128	; 0x80
100033fe:	0011      	movs	r1, r2
10003400:	009b      	lsls	r3, r3, #2
10003402:	4019      	ands	r1, r3
10003404:	468b      	mov	fp, r1
10003406:	421a      	tst	r2, r3
10003408:	d000      	beq.n	1000340c <_vsnprintf+0x1c8>
1000340a:	e2a1      	b.n	10003950 <_vsnprintf+0x70c>
1000340c:	2380      	movs	r3, #128	; 0x80
1000340e:	0011      	movs	r1, r2
10003410:	005b      	lsls	r3, r3, #1
10003412:	4019      	ands	r1, r3
10003414:	468a      	mov	sl, r1
10003416:	421a      	tst	r2, r3
10003418:	d000      	beq.n	1000341c <_vsnprintf+0x1d8>
1000341a:	e3b6      	b.n	10003b8a <_vsnprintf+0x946>
1000341c:	0013      	movs	r3, r2
1000341e:	065b      	lsls	r3, r3, #25
10003420:	d500      	bpl.n	10003424 <_vsnprintf+0x1e0>
10003422:	e2ed      	b.n	10003a00 <_vsnprintf+0x7bc>
10003424:	0013      	movs	r3, r2
10003426:	9909      	ldr	r1, [sp, #36]	; 0x24
10003428:	061b      	lsls	r3, r3, #24
1000342a:	d401      	bmi.n	10003430 <_vsnprintf+0x1ec>
1000342c:	f000 fc76 	bl	10003d1c <_vsnprintf+0xad8>
10003430:	c908      	ldmia	r1!, {r3}
10003432:	b21b      	sxth	r3, r3
10003434:	17d8      	asrs	r0, r3, #31
10003436:	181a      	adds	r2, r3, r0
10003438:	4042      	eors	r2, r0
1000343a:	b292      	uxth	r2, r2
1000343c:	9109      	str	r1, [sp, #36]	; 0x24
1000343e:	4693      	mov	fp, r2
10003440:	0fda      	lsrs	r2, r3, #31
10003442:	9212      	str	r2, [sp, #72]	; 0x48
10003444:	2b00      	cmp	r3, #0
10003446:	d109      	bne.n	1000345c <_vsnprintf+0x218>
10003448:	2380      	movs	r3, #128	; 0x80
1000344a:	2210      	movs	r2, #16
1000344c:	990b      	ldr	r1, [sp, #44]	; 0x2c
1000344e:	00db      	lsls	r3, r3, #3
10003450:	400b      	ands	r3, r1
10003452:	4391      	bics	r1, r2
10003454:	910b      	str	r1, [sp, #44]	; 0x2c
10003456:	2b00      	cmp	r3, #0
10003458:	d000      	beq.n	1000345c <_vsnprintf+0x218>
1000345a:	e2e4      	b.n	10003a26 <_vsnprintf+0x7e2>
1000345c:	9a0b      	ldr	r2, [sp, #44]	; 0x2c
1000345e:	2361      	movs	r3, #97	; 0x61
10003460:	0692      	lsls	r2, r2, #26
10003462:	d500      	bpl.n	10003466 <_vsnprintf+0x222>
10003464:	2341      	movs	r3, #65	; 0x41
10003466:	a90e      	add	r1, sp, #56	; 0x38
10003468:	221f      	movs	r2, #31
1000346a:	468c      	mov	ip, r1
1000346c:	b2db      	uxtb	r3, r3
1000346e:	4462      	add	r2, ip
10003470:	3b0a      	subs	r3, #10
10003472:	465f      	mov	r7, fp
10003474:	9513      	str	r5, [sp, #76]	; 0x4c
10003476:	46a3      	mov	fp, r4
10003478:	4655      	mov	r5, sl
1000347a:	9c0c      	ldr	r4, [sp, #48]	; 0x30
1000347c:	46b2      	mov	sl, r6
1000347e:	930d      	str	r3, [sp, #52]	; 0x34
10003480:	0016      	movs	r6, r2
10003482:	e00a      	b.n	1000349a <_vsnprintf+0x256>
10003484:	3330      	adds	r3, #48	; 0x30
10003486:	b2db      	uxtb	r3, r3
10003488:	3501      	adds	r5, #1
1000348a:	5573      	strb	r3, [r6, r5]
1000348c:	42a7      	cmp	r7, r4
1000348e:	d200      	bcs.n	10003492 <_vsnprintf+0x24e>
10003490:	e2ed      	b.n	10003a6e <_vsnprintf+0x82a>
10003492:	2d20      	cmp	r5, #32
10003494:	d100      	bne.n	10003498 <_vsnprintf+0x254>
10003496:	e2ea      	b.n	10003a6e <_vsnprintf+0x82a>
10003498:	0007      	movs	r7, r0
1000349a:	0021      	movs	r1, r4
1000349c:	0038      	movs	r0, r7
1000349e:	f7fe faa5 	bl	100019ec <__wrap___aeabi_uidiv>
100034a2:	b2cb      	uxtb	r3, r1
100034a4:	2909      	cmp	r1, #9
100034a6:	d9ed      	bls.n	10003484 <_vsnprintf+0x240>
100034a8:	9a0d      	ldr	r2, [sp, #52]	; 0x34
100034aa:	4694      	mov	ip, r2
100034ac:	4463      	add	r3, ip
100034ae:	b2db      	uxtb	r3, r3
100034b0:	e7ea      	b.n	10003488 <_vsnprintf+0x244>
100034b2:	2380      	movs	r3, #128	; 0x80
100034b4:	009b      	lsls	r3, r3, #2
100034b6:	7870      	ldrb	r0, [r6, #1]
100034b8:	4319      	orrs	r1, r3
100034ba:	3601      	adds	r6, #1
100034bc:	e72f      	b.n	1000331e <_vsnprintf+0xda>
100034be:	7870      	ldrb	r0, [r6, #1]
100034c0:	2868      	cmp	r0, #104	; 0x68
100034c2:	d100      	bne.n	100034c6 <_vsnprintf+0x282>
100034c4:	e1cd      	b.n	10003862 <_vsnprintf+0x61e>
100034c6:	2380      	movs	r3, #128	; 0x80
100034c8:	3601      	adds	r6, #1
100034ca:	4319      	orrs	r1, r3
100034cc:	e727      	b.n	1000331e <_vsnprintf+0xda>
100034ce:	7870      	ldrb	r0, [r6, #1]
100034d0:	286c      	cmp	r0, #108	; 0x6c
100034d2:	d100      	bne.n	100034d6 <_vsnprintf+0x292>
100034d4:	e1bf      	b.n	10003856 <_vsnprintf+0x612>
100034d6:	2380      	movs	r3, #128	; 0x80
100034d8:	005b      	lsls	r3, r3, #1
100034da:	4319      	orrs	r1, r3
100034dc:	3601      	adds	r6, #1
100034de:	e71e      	b.n	1000331e <_vsnprintf+0xda>
100034e0:	2846      	cmp	r0, #70	; 0x46
100034e2:	d100      	bne.n	100034e6 <_vsnprintf+0x2a2>
100034e4:	e19b      	b.n	1000381e <_vsnprintf+0x5da>
100034e6:	2207      	movs	r2, #7
100034e8:	9b09      	ldr	r3, [sp, #36]	; 0x24
100034ea:	9104      	str	r1, [sp, #16]
100034ec:	3307      	adds	r3, #7
100034ee:	4393      	bics	r3, r2
100034f0:	9a0a      	ldr	r2, [sp, #40]	; 0x28
100034f2:	0019      	movs	r1, r3
100034f4:	9203      	str	r2, [sp, #12]
100034f6:	4642      	mov	r2, r8
100034f8:	9202      	str	r2, [sp, #8]
100034fa:	c90c      	ldmia	r1!, {r2, r3}
100034fc:	9808      	ldr	r0, [sp, #32]
100034fe:	9200      	str	r2, [sp, #0]
10003500:	9301      	str	r3, [sp, #4]
10003502:	9109      	str	r1, [sp, #36]	; 0x24
10003504:	002a      	movs	r2, r5
10003506:	464b      	mov	r3, r9
10003508:	0021      	movs	r1, r4
1000350a:	f7ff fccf 	bl	10002eac <_ftoa>
1000350e:	3601      	adds	r6, #1
10003510:	0005      	movs	r5, r0
10003512:	e6bc      	b.n	1000328e <_vsnprintf+0x4a>
10003514:	002a      	movs	r2, r5
10003516:	1c6f      	adds	r7, r5, #1
10003518:	464b      	mov	r3, r9
1000351a:	9d08      	ldr	r5, [sp, #32]
1000351c:	0021      	movs	r1, r4
1000351e:	2025      	movs	r0, #37	; 0x25
10003520:	47a8      	blx	r5
10003522:	3601      	adds	r6, #1
10003524:	003d      	movs	r5, r7
10003526:	e6b2      	b.n	1000328e <_vsnprintf+0x4a>
10003528:	078b      	lsls	r3, r1, #30
1000352a:	d400      	bmi.n	1000352e <_vsnprintf+0x2ea>
1000352c:	e1ad      	b.n	1000388a <_vsnprintf+0x646>
1000352e:	9b09      	ldr	r3, [sp, #36]	; 0x24
10003530:	002a      	movs	r2, r5
10003532:	469a      	mov	sl, r3
10003534:	1c6b      	adds	r3, r5, #1
10003536:	4698      	mov	r8, r3
10003538:	4653      	mov	r3, sl
1000353a:	cb01      	ldmia	r3!, {r0}
1000353c:	0021      	movs	r1, r4
1000353e:	469a      	mov	sl, r3
10003540:	9f08      	ldr	r7, [sp, #32]
10003542:	464b      	mov	r3, r9
10003544:	b2c0      	uxtb	r0, r0
10003546:	47b8      	blx	r7
10003548:	9b0a      	ldr	r3, [sp, #40]	; 0x28
1000354a:	469c      	mov	ip, r3
1000354c:	4465      	add	r5, ip
1000354e:	2b01      	cmp	r3, #1
10003550:	d800      	bhi.n	10003554 <_vsnprintf+0x310>
10003552:	e286      	b.n	10003a62 <_vsnprintf+0x81e>
10003554:	9b08      	ldr	r3, [sp, #32]
10003556:	4647      	mov	r7, r8
10003558:	46b0      	mov	r8, r6
1000355a:	0026      	movs	r6, r4
1000355c:	464c      	mov	r4, r9
1000355e:	4699      	mov	r9, r3
10003560:	003a      	movs	r2, r7
10003562:	0023      	movs	r3, r4
10003564:	3701      	adds	r7, #1
10003566:	0031      	movs	r1, r6
10003568:	2020      	movs	r0, #32
1000356a:	47c8      	blx	r9
1000356c:	42af      	cmp	r7, r5
1000356e:	d1f7      	bne.n	10003560 <_vsnprintf+0x31c>
10003570:	46a1      	mov	r9, r4
10003572:	4653      	mov	r3, sl
10003574:	0034      	movs	r4, r6
10003576:	4646      	mov	r6, r8
10003578:	9309      	str	r3, [sp, #36]	; 0x24
1000357a:	3601      	adds	r6, #1
1000357c:	e687      	b.n	1000328e <_vsnprintf+0x4a>
1000357e:	46c0      	nop			; (mov r8, r8)
10003580:	10003245 	.word	0x10003245
10003584:	200020e8 	.word	0x200020e8
10003588:	10006d40 	.word	0x10006d40
1000358c:	10006d84 	.word	0x10006d84
10003590:	10006dd0 	.word	0x10006dd0
10003594:	9b09      	ldr	r3, [sp, #36]	; 0x24
10003596:	cb04      	ldmia	r3!, {r2}
10003598:	469b      	mov	fp, r3
1000359a:	4643      	mov	r3, r8
1000359c:	9209      	str	r2, [sp, #36]	; 0x24
1000359e:	2b00      	cmp	r3, #0
100035a0:	d100      	bne.n	100035a4 <_vsnprintf+0x360>
100035a2:	e0c6      	b.n	10003732 <_vsnprintf+0x4ee>
100035a4:	7813      	ldrb	r3, [r2, #0]
100035a6:	469c      	mov	ip, r3
100035a8:	2b00      	cmp	r3, #0
100035aa:	d100      	bne.n	100035ae <_vsnprintf+0x36a>
100035ac:	e3bd      	b.n	10003d2a <_vsnprintf+0xae6>
100035ae:	4643      	mov	r3, r8
100035b0:	3b01      	subs	r3, #1
100035b2:	9a09      	ldr	r2, [sp, #36]	; 0x24
100035b4:	3301      	adds	r3, #1
100035b6:	18d0      	adds	r0, r2, r3
100035b8:	9f0a      	ldr	r7, [sp, #40]	; 0x28
100035ba:	0013      	movs	r3, r2
100035bc:	e001      	b.n	100035c2 <_vsnprintf+0x37e>
100035be:	4283      	cmp	r3, r0
100035c0:	d003      	beq.n	100035ca <_vsnprintf+0x386>
100035c2:	785a      	ldrb	r2, [r3, #1]
100035c4:	3301      	adds	r3, #1
100035c6:	2a00      	cmp	r2, #0
100035c8:	d1f9      	bne.n	100035be <_vsnprintf+0x37a>
100035ca:	9a09      	ldr	r2, [sp, #36]	; 0x24
100035cc:	970a      	str	r7, [sp, #40]	; 0x28
100035ce:	1a9b      	subs	r3, r3, r2
100035d0:	930b      	str	r3, [sp, #44]	; 0x2c
100035d2:	2380      	movs	r3, #128	; 0x80
100035d4:	000a      	movs	r2, r1
100035d6:	00db      	lsls	r3, r3, #3
100035d8:	401a      	ands	r2, r3
100035da:	920c      	str	r2, [sp, #48]	; 0x30
100035dc:	4219      	tst	r1, r3
100035de:	d004      	beq.n	100035ea <_vsnprintf+0x3a6>
100035e0:	9b0b      	ldr	r3, [sp, #44]	; 0x2c
100035e2:	4543      	cmp	r3, r8
100035e4:	d901      	bls.n	100035ea <_vsnprintf+0x3a6>
100035e6:	4643      	mov	r3, r8
100035e8:	930b      	str	r3, [sp, #44]	; 0x2c
100035ea:	2302      	movs	r3, #2
100035ec:	001a      	movs	r2, r3
100035ee:	400a      	ands	r2, r1
100035f0:	920d      	str	r2, [sp, #52]	; 0x34
100035f2:	420b      	tst	r3, r1
100035f4:	d100      	bne.n	100035f8 <_vsnprintf+0x3b4>
100035f6:	e187      	b.n	10003908 <_vsnprintf+0x6c4>
100035f8:	4660      	mov	r0, ip
100035fa:	2800      	cmp	r0, #0
100035fc:	d100      	bne.n	10003600 <_vsnprintf+0x3bc>
100035fe:	e168      	b.n	100038d2 <_vsnprintf+0x68e>
10003600:	9b0c      	ldr	r3, [sp, #48]	; 0x30
10003602:	2b00      	cmp	r3, #0
10003604:	d100      	bne.n	10003608 <_vsnprintf+0x3c4>
10003606:	e10d      	b.n	10003824 <_vsnprintf+0x5e0>
10003608:	44a8      	add	r8, r5
1000360a:	46c2      	mov	sl, r8
1000360c:	9b09      	ldr	r3, [sp, #36]	; 0x24
1000360e:	4657      	mov	r7, sl
10003610:	1b5b      	subs	r3, r3, r5
10003612:	4698      	mov	r8, r3
10003614:	9b08      	ldr	r3, [sp, #32]
10003616:	46b2      	mov	sl, r6
10003618:	002a      	movs	r2, r5
1000361a:	0026      	movs	r6, r4
1000361c:	464c      	mov	r4, r9
1000361e:	4699      	mov	r9, r3
10003620:	e009      	b.n	10003636 <_vsnprintf+0x3f2>
10003622:	0023      	movs	r3, r4
10003624:	0031      	movs	r1, r6
10003626:	1c55      	adds	r5, r2, #1
10003628:	47c8      	blx	r9
1000362a:	4643      	mov	r3, r8
1000362c:	5d58      	ldrb	r0, [r3, r5]
1000362e:	2800      	cmp	r0, #0
10003630:	d100      	bne.n	10003634 <_vsnprintf+0x3f0>
10003632:	e126      	b.n	10003882 <_vsnprintf+0x63e>
10003634:	002a      	movs	r2, r5
10003636:	4297      	cmp	r7, r2
10003638:	d1f3      	bne.n	10003622 <_vsnprintf+0x3de>
1000363a:	46a1      	mov	r9, r4
1000363c:	003d      	movs	r5, r7
1000363e:	0034      	movs	r4, r6
10003640:	4656      	mov	r6, sl
10003642:	9b0d      	ldr	r3, [sp, #52]	; 0x34
10003644:	2b00      	cmp	r3, #0
10003646:	d000      	beq.n	1000364a <_vsnprintf+0x406>
10003648:	e143      	b.n	100038d2 <_vsnprintf+0x68e>
1000364a:	465b      	mov	r3, fp
1000364c:	3601      	adds	r6, #1
1000364e:	9309      	str	r3, [sp, #36]	; 0x24
10003650:	e61d      	b.n	1000328e <_vsnprintf+0x4a>
10003652:	9b09      	ldr	r3, [sp, #36]	; 0x24
10003654:	001a      	movs	r2, r3
10003656:	ca08      	ldmia	r2!, {r3}
10003658:	4692      	mov	sl, r2
1000365a:	2b00      	cmp	r3, #0
1000365c:	d048      	beq.n	100036f0 <_vsnprintf+0x4ac>
1000365e:	2221      	movs	r2, #33	; 0x21
10003660:	4311      	orrs	r1, r2
10003662:	468b      	mov	fp, r1
10003664:	a80e      	add	r0, sp, #56	; 0x38
10003666:	4684      	mov	ip, r0
10003668:	211f      	movs	r1, #31
1000366a:	4461      	add	r1, ip
1000366c:	9509      	str	r5, [sp, #36]	; 0x24
1000366e:	2200      	movs	r2, #0
10003670:	270f      	movs	r7, #15
10003672:	46a4      	mov	ip, r4
10003674:	000d      	movs	r5, r1
10003676:	e002      	b.n	1000367e <_vsnprintf+0x43a>
10003678:	2a20      	cmp	r2, #32
1000367a:	d00c      	beq.n	10003696 <_vsnprintf+0x452>
1000367c:	000b      	movs	r3, r1
1000367e:	003c      	movs	r4, r7
10003680:	401c      	ands	r4, r3
10003682:	0020      	movs	r0, r4
10003684:	3037      	adds	r0, #55	; 0x37
10003686:	2c09      	cmp	r4, #9
10003688:	d800      	bhi.n	1000368c <_vsnprintf+0x448>
1000368a:	3807      	subs	r0, #7
1000368c:	3201      	adds	r2, #1
1000368e:	54a8      	strb	r0, [r5, r2]
10003690:	0919      	lsrs	r1, r3, #4
10003692:	2b0f      	cmp	r3, #15
10003694:	d8f0      	bhi.n	10003678 <_vsnprintf+0x434>
10003696:	4664      	mov	r4, ip
10003698:	9d09      	ldr	r5, [sp, #36]	; 0x24
1000369a:	e032      	b.n	10003702 <_vsnprintf+0x4be>
1000369c:	4bdc      	ldr	r3, [pc, #880]	; (10003a10 <_vsnprintf+0x7cc>)
1000369e:	7820      	ldrb	r0, [r4, #0]
100036a0:	9308      	str	r3, [sp, #32]
100036a2:	2300      	movs	r3, #0
100036a4:	469a      	mov	sl, r3
100036a6:	2800      	cmp	r0, #0
100036a8:	d000      	beq.n	100036ac <_vsnprintf+0x468>
100036aa:	e5e4      	b.n	10003276 <_vsnprintf+0x32>
100036ac:	2400      	movs	r4, #0
100036ae:	e665      	b.n	1000337c <_vsnprintf+0x138>
100036b0:	4643      	mov	r3, r8
100036b2:	0006      	movs	r6, r0
100036b4:	9f0a      	ldr	r7, [sp, #40]	; 0x28
100036b6:	0098      	lsls	r0, r3, #2
100036b8:	18c0      	adds	r0, r0, r3
100036ba:	3201      	adds	r2, #1
100036bc:	0040      	lsls	r0, r0, #1
100036be:	1980      	adds	r0, r0, r6
100036c0:	7816      	ldrb	r6, [r2, #0]
100036c2:	0003      	movs	r3, r0
100036c4:	0030      	movs	r0, r6
100036c6:	3830      	subs	r0, #48	; 0x30
100036c8:	3b30      	subs	r3, #48	; 0x30
100036ca:	2809      	cmp	r0, #9
100036cc:	d9f3      	bls.n	100036b6 <_vsnprintf+0x472>
100036ce:	0030      	movs	r0, r6
100036d0:	4698      	mov	r8, r3
100036d2:	0016      	movs	r6, r2
100036d4:	970a      	str	r7, [sp, #40]	; 0x28
100036d6:	e600      	b.n	100032da <_vsnprintf+0x96>
100036d8:	9b09      	ldr	r3, [sp, #36]	; 0x24
100036da:	3602      	adds	r6, #2
100036dc:	cb04      	ldmia	r3!, {r2}
100036de:	4690      	mov	r8, r2
100036e0:	43d2      	mvns	r2, r2
100036e2:	4640      	mov	r0, r8
100036e4:	17d2      	asrs	r2, r2, #31
100036e6:	4010      	ands	r0, r2
100036e8:	4680      	mov	r8, r0
100036ea:	9309      	str	r3, [sp, #36]	; 0x24
100036ec:	7830      	ldrb	r0, [r6, #0]
100036ee:	e5f4      	b.n	100032da <_vsnprintf+0x96>
100036f0:	2210      	movs	r2, #16
100036f2:	0008      	movs	r0, r1
100036f4:	4390      	bics	r0, r2
100036f6:	3211      	adds	r2, #17
100036f8:	4310      	orrs	r0, r2
100036fa:	4683      	mov	fp, r0
100036fc:	2200      	movs	r2, #0
100036fe:	0549      	lsls	r1, r1, #21
10003700:	d5b0      	bpl.n	10003664 <_vsnprintf+0x420>
10003702:	465b      	mov	r3, fp
10003704:	9306      	str	r3, [sp, #24]
10003706:	2308      	movs	r3, #8
10003708:	9305      	str	r3, [sp, #20]
1000370a:	4643      	mov	r3, r8
1000370c:	9304      	str	r3, [sp, #16]
1000370e:	2310      	movs	r3, #16
10003710:	9303      	str	r3, [sp, #12]
10003712:	2300      	movs	r3, #0
10003714:	9302      	str	r3, [sp, #8]
10003716:	ab16      	add	r3, sp, #88	; 0x58
10003718:	9201      	str	r2, [sp, #4]
1000371a:	9300      	str	r3, [sp, #0]
1000371c:	002a      	movs	r2, r5
1000371e:	464b      	mov	r3, r9
10003720:	0021      	movs	r1, r4
10003722:	9808      	ldr	r0, [sp, #32]
10003724:	f7ff f8a6 	bl	10002874 <_ntoa_format>
10003728:	4653      	mov	r3, sl
1000372a:	0005      	movs	r5, r0
1000372c:	3601      	adds	r6, #1
1000372e:	9309      	str	r3, [sp, #36]	; 0x24
10003730:	e5ad      	b.n	1000328e <_vsnprintf+0x4a>
10003732:	7813      	ldrb	r3, [r2, #0]
10003734:	469c      	mov	ip, r3
10003736:	2b00      	cmp	r3, #0
10003738:	d100      	bne.n	1000373c <_vsnprintf+0x4f8>
1000373a:	e2f7      	b.n	10003d2c <_vsnprintf+0xae8>
1000373c:	2302      	movs	r3, #2
1000373e:	425b      	negs	r3, r3
10003740:	e737      	b.n	100035b2 <_vsnprintf+0x36e>
10003742:	2320      	movs	r3, #32
10003744:	0002      	movs	r2, r0
10003746:	439a      	bics	r2, r3
10003748:	2a47      	cmp	r2, #71	; 0x47
1000374a:	d104      	bne.n	10003756 <_vsnprintf+0x512>
1000374c:	2380      	movs	r3, #128	; 0x80
1000374e:	011b      	lsls	r3, r3, #4
10003750:	4319      	orrs	r1, r3
10003752:	2302      	movs	r3, #2
10003754:	4398      	bics	r0, r3
10003756:	2845      	cmp	r0, #69	; 0x45
10003758:	d101      	bne.n	1000375e <_vsnprintf+0x51a>
1000375a:	2320      	movs	r3, #32
1000375c:	4319      	orrs	r1, r3
1000375e:	2207      	movs	r2, #7
10003760:	9b09      	ldr	r3, [sp, #36]	; 0x24
10003762:	9104      	str	r1, [sp, #16]
10003764:	3307      	adds	r3, #7
10003766:	4393      	bics	r3, r2
10003768:	9a0a      	ldr	r2, [sp, #40]	; 0x28
1000376a:	0019      	movs	r1, r3
1000376c:	9203      	str	r2, [sp, #12]
1000376e:	4642      	mov	r2, r8
10003770:	9202      	str	r2, [sp, #8]
10003772:	c90c      	ldmia	r1!, {r2, r3}
10003774:	9808      	ldr	r0, [sp, #32]
10003776:	9200      	str	r2, [sp, #0]
10003778:	9301      	str	r3, [sp, #4]
1000377a:	9109      	str	r1, [sp, #36]	; 0x24
1000377c:	002a      	movs	r2, r5
1000377e:	464b      	mov	r3, r9
10003780:	0021      	movs	r1, r4
10003782:	f7ff f96d 	bl	10002a60 <_etoa>
10003786:	3601      	adds	r6, #1
10003788:	0005      	movs	r5, r0
1000378a:	e580      	b.n	1000328e <_vsnprintf+0x4a>
1000378c:	2310      	movs	r3, #16
1000378e:	930c      	str	r3, [sp, #48]	; 0x30
10003790:	230c      	movs	r3, #12
10003792:	000a      	movs	r2, r1
10003794:	439a      	bics	r2, r3
10003796:	920b      	str	r2, [sp, #44]	; 0x2c
10003798:	054b      	lsls	r3, r1, #21
1000379a:	d503      	bpl.n	100037a4 <_vsnprintf+0x560>
1000379c:	2301      	movs	r3, #1
1000379e:	9a0b      	ldr	r2, [sp, #44]	; 0x2c
100037a0:	439a      	bics	r2, r3
100037a2:	920b      	str	r2, [sp, #44]	; 0x2c
100037a4:	2869      	cmp	r0, #105	; 0x69
100037a6:	d100      	bne.n	100037aa <_vsnprintf+0x566>
100037a8:	e627      	b.n	100033fa <_vsnprintf+0x1b6>
100037aa:	2864      	cmp	r0, #100	; 0x64
100037ac:	d100      	bne.n	100037b0 <_vsnprintf+0x56c>
100037ae:	e624      	b.n	100033fa <_vsnprintf+0x1b6>
100037b0:	9a0b      	ldr	r2, [sp, #44]	; 0x2c
100037b2:	2380      	movs	r3, #128	; 0x80
100037b4:	0011      	movs	r1, r2
100037b6:	009b      	lsls	r3, r3, #2
100037b8:	4019      	ands	r1, r3
100037ba:	468b      	mov	fp, r1
100037bc:	421a      	tst	r2, r3
100037be:	d000      	beq.n	100037c2 <_vsnprintf+0x57e>
100037c0:	e166      	b.n	10003a90 <_vsnprintf+0x84c>
100037c2:	2380      	movs	r3, #128	; 0x80
100037c4:	0011      	movs	r1, r2
100037c6:	005b      	lsls	r3, r3, #1
100037c8:	4019      	ands	r1, r3
100037ca:	468a      	mov	sl, r1
100037cc:	421a      	tst	r2, r3
100037ce:	d000      	beq.n	100037d2 <_vsnprintf+0x58e>
100037d0:	e239      	b.n	10003c46 <_vsnprintf+0xa02>
100037d2:	0013      	movs	r3, r2
100037d4:	065b      	lsls	r3, r3, #25
100037d6:	d500      	bpl.n	100037da <_vsnprintf+0x596>
100037d8:	e13c      	b.n	10003a54 <_vsnprintf+0x810>
100037da:	0013      	movs	r3, r2
100037dc:	061b      	lsls	r3, r3, #24
100037de:	d400      	bmi.n	100037e2 <_vsnprintf+0x59e>
100037e0:	e2a6      	b.n	10003d30 <_vsnprintf+0xaec>
100037e2:	9b09      	ldr	r3, [sp, #36]	; 0x24
100037e4:	cb04      	ldmia	r3!, {r2}
100037e6:	0412      	lsls	r2, r2, #16
100037e8:	0c12      	lsrs	r2, r2, #16
100037ea:	4693      	mov	fp, r2
100037ec:	9309      	str	r3, [sp, #36]	; 0x24
100037ee:	465b      	mov	r3, fp
100037f0:	2b00      	cmp	r3, #0
100037f2:	d000      	beq.n	100037f6 <_vsnprintf+0x5b2>
100037f4:	e19a      	b.n	10003b2c <_vsnprintf+0x8e8>
100037f6:	9a0b      	ldr	r2, [sp, #44]	; 0x2c
100037f8:	3310      	adds	r3, #16
100037fa:	0011      	movs	r1, r2
100037fc:	4399      	bics	r1, r3
100037fe:	910b      	str	r1, [sp, #44]	; 0x2c
10003800:	0552      	lsls	r2, r2, #21
10003802:	d400      	bmi.n	10003806 <_vsnprintf+0x5c2>
10003804:	e192      	b.n	10003b2c <_vsnprintf+0x8e8>
10003806:	2300      	movs	r3, #0
10003808:	469a      	mov	sl, r3
1000380a:	9b0b      	ldr	r3, [sp, #44]	; 0x2c
1000380c:	9306      	str	r3, [sp, #24]
1000380e:	9b0a      	ldr	r3, [sp, #40]	; 0x28
10003810:	9305      	str	r3, [sp, #20]
10003812:	4643      	mov	r3, r8
10003814:	9304      	str	r3, [sp, #16]
10003816:	9b0c      	ldr	r3, [sp, #48]	; 0x30
10003818:	9303      	str	r3, [sp, #12]
1000381a:	2300      	movs	r3, #0
1000381c:	e10c      	b.n	10003a38 <_vsnprintf+0x7f4>
1000381e:	2320      	movs	r3, #32
10003820:	4319      	orrs	r1, r3
10003822:	e660      	b.n	100034e6 <_vsnprintf+0x2a2>
10003824:	9b09      	ldr	r3, [sp, #36]	; 0x24
10003826:	9a0a      	ldr	r2, [sp, #40]	; 0x28
10003828:	1b5b      	subs	r3, r3, r5
1000382a:	4698      	mov	r8, r3
1000382c:	464b      	mov	r3, r9
1000382e:	4691      	mov	r9, r2
10003830:	001f      	movs	r7, r3
10003832:	46b2      	mov	sl, r6
10003834:	0026      	movs	r6, r4
10003836:	9c08      	ldr	r4, [sp, #32]
10003838:	002a      	movs	r2, r5
1000383a:	003b      	movs	r3, r7
1000383c:	0031      	movs	r1, r6
1000383e:	47a0      	blx	r4
10003840:	4643      	mov	r3, r8
10003842:	3501      	adds	r5, #1
10003844:	5d58      	ldrb	r0, [r3, r5]
10003846:	2800      	cmp	r0, #0
10003848:	d1f6      	bne.n	10003838 <_vsnprintf+0x5f4>
1000384a:	464a      	mov	r2, r9
1000384c:	0034      	movs	r4, r6
1000384e:	46b9      	mov	r9, r7
10003850:	4656      	mov	r6, sl
10003852:	920a      	str	r2, [sp, #40]	; 0x28
10003854:	e6f5      	b.n	10003642 <_vsnprintf+0x3fe>
10003856:	23c0      	movs	r3, #192	; 0xc0
10003858:	009b      	lsls	r3, r3, #2
1000385a:	78b0      	ldrb	r0, [r6, #2]
1000385c:	4319      	orrs	r1, r3
1000385e:	3602      	adds	r6, #2
10003860:	e55d      	b.n	1000331e <_vsnprintf+0xda>
10003862:	23c0      	movs	r3, #192	; 0xc0
10003864:	78b0      	ldrb	r0, [r6, #2]
10003866:	4319      	orrs	r1, r3
10003868:	3602      	adds	r6, #2
1000386a:	e558      	b.n	1000331e <_vsnprintf+0xda>
1000386c:	230c      	movs	r3, #12
1000386e:	000a      	movs	r2, r1
10003870:	439a      	bics	r2, r3
10003872:	3314      	adds	r3, #20
10003874:	431a      	orrs	r2, r3
10003876:	3b10      	subs	r3, #16
10003878:	920b      	str	r2, [sp, #44]	; 0x2c
1000387a:	930c      	str	r3, [sp, #48]	; 0x30
1000387c:	054b      	lsls	r3, r1, #21
1000387e:	d48d      	bmi.n	1000379c <_vsnprintf+0x558>
10003880:	e796      	b.n	100037b0 <_vsnprintf+0x56c>
10003882:	46a1      	mov	r9, r4
10003884:	0034      	movs	r4, r6
10003886:	4656      	mov	r6, sl
10003888:	e6db      	b.n	10003642 <_vsnprintf+0x3fe>
1000388a:	9a0a      	ldr	r2, [sp, #40]	; 0x28
1000388c:	2a01      	cmp	r2, #1
1000388e:	d800      	bhi.n	10003892 <_vsnprintf+0x64e>
10003890:	e253      	b.n	10003d3a <_vsnprintf+0xaf6>
10003892:	1e6b      	subs	r3, r5, #1
10003894:	189f      	adds	r7, r3, r2
10003896:	9b08      	ldr	r3, [sp, #32]
10003898:	46b0      	mov	r8, r6
1000389a:	0026      	movs	r6, r4
1000389c:	464c      	mov	r4, r9
1000389e:	4699      	mov	r9, r3
100038a0:	002a      	movs	r2, r5
100038a2:	0023      	movs	r3, r4
100038a4:	3501      	adds	r5, #1
100038a6:	0031      	movs	r1, r6
100038a8:	2020      	movs	r0, #32
100038aa:	47c8      	blx	r9
100038ac:	42bd      	cmp	r5, r7
100038ae:	d1f7      	bne.n	100038a0 <_vsnprintf+0x65c>
100038b0:	46a1      	mov	r9, r4
100038b2:	0034      	movs	r4, r6
100038b4:	4646      	mov	r6, r8
100038b6:	9b09      	ldr	r3, [sp, #36]	; 0x24
100038b8:	003a      	movs	r2, r7
100038ba:	cb01      	ldmia	r3!, {r0}
100038bc:	0021      	movs	r1, r4
100038be:	4698      	mov	r8, r3
100038c0:	1c7d      	adds	r5, r7, #1
100038c2:	464b      	mov	r3, r9
100038c4:	9f08      	ldr	r7, [sp, #32]
100038c6:	b2c0      	uxtb	r0, r0
100038c8:	47b8      	blx	r7
100038ca:	4643      	mov	r3, r8
100038cc:	3601      	adds	r6, #1
100038ce:	9309      	str	r3, [sp, #36]	; 0x24
100038d0:	e4dd      	b.n	1000328e <_vsnprintf+0x4a>
100038d2:	9b0b      	ldr	r3, [sp, #44]	; 0x2c
100038d4:	990a      	ldr	r1, [sp, #40]	; 0x28
100038d6:	46a8      	mov	r8, r5
100038d8:	4299      	cmp	r1, r3
100038da:	d800      	bhi.n	100038de <_vsnprintf+0x69a>
100038dc:	e6b5      	b.n	1000364a <_vsnprintf+0x406>
100038de:	468c      	mov	ip, r1
100038e0:	4465      	add	r5, ip
100038e2:	1aed      	subs	r5, r5, r3
100038e4:	9b08      	ldr	r3, [sp, #32]
100038e6:	4647      	mov	r7, r8
100038e8:	46b0      	mov	r8, r6
100038ea:	0026      	movs	r6, r4
100038ec:	464c      	mov	r4, r9
100038ee:	4699      	mov	r9, r3
100038f0:	003a      	movs	r2, r7
100038f2:	0023      	movs	r3, r4
100038f4:	3701      	adds	r7, #1
100038f6:	0031      	movs	r1, r6
100038f8:	2020      	movs	r0, #32
100038fa:	47c8      	blx	r9
100038fc:	42af      	cmp	r7, r5
100038fe:	d1f7      	bne.n	100038f0 <_vsnprintf+0x6ac>
10003900:	46a1      	mov	r9, r4
10003902:	0034      	movs	r4, r6
10003904:	4646      	mov	r6, r8
10003906:	e6a0      	b.n	1000364a <_vsnprintf+0x406>
10003908:	9a0b      	ldr	r2, [sp, #44]	; 0x2c
1000390a:	980a      	ldr	r0, [sp, #40]	; 0x28
1000390c:	1c53      	adds	r3, r2, #1
1000390e:	4290      	cmp	r0, r2
10003910:	d800      	bhi.n	10003914 <_vsnprintf+0x6d0>
10003912:	e214      	b.n	10003d3e <_vsnprintf+0xafa>
10003914:	1943      	adds	r3, r0, r5
10003916:	1a9b      	subs	r3, r3, r2
10003918:	001f      	movs	r7, r3
1000391a:	9b08      	ldr	r3, [sp, #32]
1000391c:	46b2      	mov	sl, r6
1000391e:	0026      	movs	r6, r4
10003920:	464c      	mov	r4, r9
10003922:	4699      	mov	r9, r3
10003924:	002a      	movs	r2, r5
10003926:	0023      	movs	r3, r4
10003928:	3501      	adds	r5, #1
1000392a:	0031      	movs	r1, r6
1000392c:	2020      	movs	r0, #32
1000392e:	47c8      	blx	r9
10003930:	42bd      	cmp	r5, r7
10003932:	d1f7      	bne.n	10003924 <_vsnprintf+0x6e0>
10003934:	9b0a      	ldr	r3, [sp, #40]	; 0x28
10003936:	46a1      	mov	r9, r4
10003938:	3301      	adds	r3, #1
1000393a:	930b      	str	r3, [sp, #44]	; 0x2c
1000393c:	9b09      	ldr	r3, [sp, #36]	; 0x24
1000393e:	0034      	movs	r4, r6
10003940:	781b      	ldrb	r3, [r3, #0]
10003942:	4656      	mov	r6, sl
10003944:	469c      	mov	ip, r3
10003946:	4660      	mov	r0, ip
10003948:	2800      	cmp	r0, #0
1000394a:	d000      	beq.n	1000394e <_vsnprintf+0x70a>
1000394c:	e658      	b.n	10003600 <_vsnprintf+0x3bc>
1000394e:	e67c      	b.n	1000364a <_vsnprintf+0x406>
10003950:	2207      	movs	r2, #7
10003952:	9b09      	ldr	r3, [sp, #36]	; 0x24
10003954:	3307      	adds	r3, #7
10003956:	4393      	bics	r3, r2
10003958:	3201      	adds	r2, #1
1000395a:	4694      	mov	ip, r2
1000395c:	449c      	add	ip, r3
1000395e:	4662      	mov	r2, ip
10003960:	685f      	ldr	r7, [r3, #4]
10003962:	9209      	str	r2, [sp, #36]	; 0x24
10003964:	681a      	ldr	r2, [r3, #0]
10003966:	17fb      	asrs	r3, r7, #31
10003968:	9310      	str	r3, [sp, #64]	; 0x40
1000396a:	9311      	str	r3, [sp, #68]	; 0x44
1000396c:	9810      	ldr	r0, [sp, #64]	; 0x40
1000396e:	9911      	ldr	r1, [sp, #68]	; 0x44
10003970:	0003      	movs	r3, r0
10003972:	4053      	eors	r3, r2
10003974:	930e      	str	r3, [sp, #56]	; 0x38
10003976:	000b      	movs	r3, r1
10003978:	407b      	eors	r3, r7
1000397a:	930f      	str	r3, [sp, #60]	; 0x3c
1000397c:	4694      	mov	ip, r2
1000397e:	9a0e      	ldr	r2, [sp, #56]	; 0x38
10003980:	9b0f      	ldr	r3, [sp, #60]	; 0x3c
10003982:	1a12      	subs	r2, r2, r0
10003984:	418b      	sbcs	r3, r1
10003986:	920e      	str	r2, [sp, #56]	; 0x38
10003988:	930f      	str	r3, [sp, #60]	; 0x3c
1000398a:	0ffb      	lsrs	r3, r7, #31
1000398c:	4662      	mov	r2, ip
1000398e:	9312      	str	r3, [sp, #72]	; 0x48
10003990:	2300      	movs	r3, #0
10003992:	433a      	orrs	r2, r7
10003994:	469b      	mov	fp, r3
10003996:	d03d      	beq.n	10003a14 <_vsnprintf+0x7d0>
10003998:	9a0b      	ldr	r2, [sp, #44]	; 0x2c
1000399a:	2361      	movs	r3, #97	; 0x61
1000399c:	0692      	lsls	r2, r2, #26
1000399e:	d500      	bpl.n	100039a2 <_vsnprintf+0x75e>
100039a0:	2341      	movs	r3, #65	; 0x41
100039a2:	2200      	movs	r2, #0
100039a4:	b2db      	uxtb	r3, r3
100039a6:	a90e      	add	r1, sp, #56	; 0x38
100039a8:	3b0a      	subs	r3, #10
100039aa:	468c      	mov	ip, r1
100039ac:	4692      	mov	sl, r2
100039ae:	930d      	str	r3, [sp, #52]	; 0x34
100039b0:	4643      	mov	r3, r8
100039b2:	321f      	adds	r2, #31
100039b4:	4462      	add	r2, ip
100039b6:	9513      	str	r5, [sp, #76]	; 0x4c
100039b8:	9615      	str	r6, [sp, #84]	; 0x54
100039ba:	4655      	mov	r5, sl
100039bc:	9e0e      	ldr	r6, [sp, #56]	; 0x38
100039be:	9f0f      	ldr	r7, [sp, #60]	; 0x3c
100039c0:	46a2      	mov	sl, r4
100039c2:	4690      	mov	r8, r2
100039c4:	9c0c      	ldr	r4, [sp, #48]	; 0x30
100039c6:	9314      	str	r3, [sp, #80]	; 0x50
100039c8:	e00c      	b.n	100039e4 <_vsnprintf+0x7a0>
100039ca:	3230      	adds	r2, #48	; 0x30
100039cc:	b2d2      	uxtb	r2, r2
100039ce:	4643      	mov	r3, r8
100039d0:	3501      	adds	r5, #1
100039d2:	555a      	strb	r2, [r3, r5]
100039d4:	45bb      	cmp	fp, r7
100039d6:	d100      	bne.n	100039da <_vsnprintf+0x796>
100039d8:	e18a      	b.n	10003cf0 <_vsnprintf+0xaac>
100039da:	2d20      	cmp	r5, #32
100039dc:	d100      	bne.n	100039e0 <_vsnprintf+0x79c>
100039de:	e18a      	b.n	10003cf6 <_vsnprintf+0xab2>
100039e0:	0006      	movs	r6, r0
100039e2:	000f      	movs	r7, r1
100039e4:	0022      	movs	r2, r4
100039e6:	2300      	movs	r3, #0
100039e8:	0030      	movs	r0, r6
100039ea:	0039      	movs	r1, r7
100039ec:	f7fe f83c 	bl	10001a68 <__wrap___aeabi_uldivmod>
100039f0:	b2d2      	uxtb	r2, r2
100039f2:	2a09      	cmp	r2, #9
100039f4:	d9e9      	bls.n	100039ca <_vsnprintf+0x786>
100039f6:	9b0d      	ldr	r3, [sp, #52]	; 0x34
100039f8:	469c      	mov	ip, r3
100039fa:	4462      	add	r2, ip
100039fc:	b2d2      	uxtb	r2, r2
100039fe:	e7e6      	b.n	100039ce <_vsnprintf+0x78a>
10003a00:	23ff      	movs	r3, #255	; 0xff
10003a02:	9909      	ldr	r1, [sp, #36]	; 0x24
10003a04:	c904      	ldmia	r1!, {r2}
10003a06:	4013      	ands	r3, r2
10003a08:	001a      	movs	r2, r3
10003a0a:	9109      	str	r1, [sp, #36]	; 0x24
10003a0c:	e517      	b.n	1000343e <_vsnprintf+0x1fa>
10003a0e:	46c0      	nop			; (mov r8, r8)
10003a10:	100027d5 	.word	0x100027d5
10003a14:	9a0b      	ldr	r2, [sp, #44]	; 0x2c
10003a16:	3310      	adds	r3, #16
10003a18:	0011      	movs	r1, r2
10003a1a:	4399      	bics	r1, r3
10003a1c:	910b      	str	r1, [sp, #44]	; 0x2c
10003a1e:	0552      	lsls	r2, r2, #21
10003a20:	d5ba      	bpl.n	10003998 <_vsnprintf+0x754>
10003a22:	2300      	movs	r3, #0
10003a24:	469a      	mov	sl, r3
10003a26:	9b0b      	ldr	r3, [sp, #44]	; 0x2c
10003a28:	9306      	str	r3, [sp, #24]
10003a2a:	9b0a      	ldr	r3, [sp, #40]	; 0x28
10003a2c:	9305      	str	r3, [sp, #20]
10003a2e:	4643      	mov	r3, r8
10003a30:	9304      	str	r3, [sp, #16]
10003a32:	9b0c      	ldr	r3, [sp, #48]	; 0x30
10003a34:	9303      	str	r3, [sp, #12]
10003a36:	9b12      	ldr	r3, [sp, #72]	; 0x48
10003a38:	9302      	str	r3, [sp, #8]
10003a3a:	4653      	mov	r3, sl
10003a3c:	9301      	str	r3, [sp, #4]
10003a3e:	ab16      	add	r3, sp, #88	; 0x58
10003a40:	002a      	movs	r2, r5
10003a42:	9300      	str	r3, [sp, #0]
10003a44:	0021      	movs	r1, r4
10003a46:	464b      	mov	r3, r9
10003a48:	9808      	ldr	r0, [sp, #32]
10003a4a:	f7fe ff13 	bl	10002874 <_ntoa_format>
10003a4e:	3601      	adds	r6, #1
10003a50:	0005      	movs	r5, r0
10003a52:	e41c      	b.n	1000328e <_vsnprintf+0x4a>
10003a54:	22ff      	movs	r2, #255	; 0xff
10003a56:	9b09      	ldr	r3, [sp, #36]	; 0x24
10003a58:	cb02      	ldmia	r3!, {r1}
10003a5a:	4011      	ands	r1, r2
10003a5c:	468b      	mov	fp, r1
10003a5e:	9309      	str	r3, [sp, #36]	; 0x24
10003a60:	e6c5      	b.n	100037ee <_vsnprintf+0x5aa>
10003a62:	4653      	mov	r3, sl
10003a64:	4645      	mov	r5, r8
10003a66:	9309      	str	r3, [sp, #36]	; 0x24
10003a68:	3601      	adds	r6, #1
10003a6a:	f7ff fc10 	bl	1000328e <_vsnprintf+0x4a>
10003a6e:	4656      	mov	r6, sl
10003a70:	465c      	mov	r4, fp
10003a72:	46aa      	mov	sl, r5
10003a74:	9d13      	ldr	r5, [sp, #76]	; 0x4c
10003a76:	e7d6      	b.n	10003a26 <_vsnprintf+0x7e2>
10003a78:	2308      	movs	r3, #8
10003a7a:	930c      	str	r3, [sp, #48]	; 0x30
10003a7c:	910b      	str	r1, [sp, #44]	; 0x2c
10003a7e:	990b      	ldr	r1, [sp, #44]	; 0x2c
10003a80:	2864      	cmp	r0, #100	; 0x64
10003a82:	d000      	beq.n	10003a86 <_vsnprintf+0x842>
10003a84:	e684      	b.n	10003790 <_vsnprintf+0x54c>
10003a86:	9b0b      	ldr	r3, [sp, #44]	; 0x2c
10003a88:	055b      	lsls	r3, r3, #21
10003a8a:	d500      	bpl.n	10003a8e <_vsnprintf+0x84a>
10003a8c:	e686      	b.n	1000379c <_vsnprintf+0x558>
10003a8e:	e4b4      	b.n	100033fa <_vsnprintf+0x1b6>
10003a90:	2207      	movs	r2, #7
10003a92:	9b09      	ldr	r3, [sp, #36]	; 0x24
10003a94:	3307      	adds	r3, #7
10003a96:	4393      	bics	r3, r2
10003a98:	3201      	adds	r2, #1
10003a9a:	4694      	mov	ip, r2
10003a9c:	449c      	add	ip, r3
10003a9e:	4662      	mov	r2, ip
10003aa0:	9209      	str	r2, [sp, #36]	; 0x24
10003aa2:	681a      	ldr	r2, [r3, #0]
10003aa4:	685b      	ldr	r3, [r3, #4]
10003aa6:	0010      	movs	r0, r2
10003aa8:	469b      	mov	fp, r3
10003aaa:	0013      	movs	r3, r2
10003aac:	465a      	mov	r2, fp
10003aae:	4313      	orrs	r3, r2
10003ab0:	d107      	bne.n	10003ac2 <_vsnprintf+0x87e>
10003ab2:	9a0b      	ldr	r2, [sp, #44]	; 0x2c
10003ab4:	3310      	adds	r3, #16
10003ab6:	0011      	movs	r1, r2
10003ab8:	4399      	bics	r1, r3
10003aba:	910b      	str	r1, [sp, #44]	; 0x2c
10003abc:	0552      	lsls	r2, r2, #21
10003abe:	d500      	bpl.n	10003ac2 <_vsnprintf+0x87e>
10003ac0:	e6a1      	b.n	10003806 <_vsnprintf+0x5c2>
10003ac2:	9a0b      	ldr	r2, [sp, #44]	; 0x2c
10003ac4:	2361      	movs	r3, #97	; 0x61
10003ac6:	0692      	lsls	r2, r2, #26
10003ac8:	d500      	bpl.n	10003acc <_vsnprintf+0x888>
10003aca:	2341      	movs	r3, #65	; 0x41
10003acc:	2200      	movs	r2, #0
10003ace:	b2db      	uxtb	r3, r3
10003ad0:	a90e      	add	r1, sp, #56	; 0x38
10003ad2:	3b0a      	subs	r3, #10
10003ad4:	468c      	mov	ip, r1
10003ad6:	4692      	mov	sl, r2
10003ad8:	930d      	str	r3, [sp, #52]	; 0x34
10003ada:	4643      	mov	r3, r8
10003adc:	321f      	adds	r2, #31
10003ade:	4462      	add	r2, ip
10003ae0:	465f      	mov	r7, fp
10003ae2:	9512      	str	r5, [sp, #72]	; 0x48
10003ae4:	46a3      	mov	fp, r4
10003ae6:	4655      	mov	r5, sl
10003ae8:	0004      	movs	r4, r0
10003aea:	46b2      	mov	sl, r6
10003aec:	4690      	mov	r8, r2
10003aee:	9e0c      	ldr	r6, [sp, #48]	; 0x30
10003af0:	9313      	str	r3, [sp, #76]	; 0x4c
10003af2:	e00d      	b.n	10003b10 <_vsnprintf+0x8cc>
10003af4:	3230      	adds	r2, #48	; 0x30
10003af6:	b2d2      	uxtb	r2, r2
10003af8:	4643      	mov	r3, r8
10003afa:	3501      	adds	r5, #1
10003afc:	555a      	strb	r2, [r3, r5]
10003afe:	2300      	movs	r3, #0
10003b00:	42bb      	cmp	r3, r7
10003b02:	d100      	bne.n	10003b06 <_vsnprintf+0x8c2>
10003b04:	e100      	b.n	10003d08 <_vsnprintf+0xac4>
10003b06:	2d20      	cmp	r5, #32
10003b08:	d100      	bne.n	10003b0c <_vsnprintf+0x8c8>
10003b0a:	e100      	b.n	10003d0e <_vsnprintf+0xaca>
10003b0c:	0004      	movs	r4, r0
10003b0e:	000f      	movs	r7, r1
10003b10:	0032      	movs	r2, r6
10003b12:	2300      	movs	r3, #0
10003b14:	0020      	movs	r0, r4
10003b16:	0039      	movs	r1, r7
10003b18:	f7fd ffa6 	bl	10001a68 <__wrap___aeabi_uldivmod>
10003b1c:	b2d2      	uxtb	r2, r2
10003b1e:	2a09      	cmp	r2, #9
10003b20:	d9e8      	bls.n	10003af4 <_vsnprintf+0x8b0>
10003b22:	9b0d      	ldr	r3, [sp, #52]	; 0x34
10003b24:	469c      	mov	ip, r3
10003b26:	4462      	add	r2, ip
10003b28:	b2d2      	uxtb	r2, r2
10003b2a:	e7e5      	b.n	10003af8 <_vsnprintf+0x8b4>
10003b2c:	9a0b      	ldr	r2, [sp, #44]	; 0x2c
10003b2e:	2361      	movs	r3, #97	; 0x61
10003b30:	0692      	lsls	r2, r2, #26
10003b32:	d500      	bpl.n	10003b36 <_vsnprintf+0x8f2>
10003b34:	2341      	movs	r3, #65	; 0x41
10003b36:	b2db      	uxtb	r3, r3
10003b38:	a90e      	add	r1, sp, #56	; 0x38
10003b3a:	3b0a      	subs	r3, #10
10003b3c:	221f      	movs	r2, #31
10003b3e:	468c      	mov	ip, r1
10003b40:	930d      	str	r3, [sp, #52]	; 0x34
10003b42:	0023      	movs	r3, r4
10003b44:	4462      	add	r2, ip
10003b46:	465c      	mov	r4, fp
10003b48:	9512      	str	r5, [sp, #72]	; 0x48
10003b4a:	0017      	movs	r7, r2
10003b4c:	4655      	mov	r5, sl
10003b4e:	469b      	mov	fp, r3
10003b50:	46b2      	mov	sl, r6
10003b52:	9e0c      	ldr	r6, [sp, #48]	; 0x30
10003b54:	e008      	b.n	10003b68 <_vsnprintf+0x924>
10003b56:	3330      	adds	r3, #48	; 0x30
10003b58:	b2db      	uxtb	r3, r3
10003b5a:	3501      	adds	r5, #1
10003b5c:	557b      	strb	r3, [r7, r5]
10003b5e:	42b4      	cmp	r4, r6
10003b60:	d30e      	bcc.n	10003b80 <_vsnprintf+0x93c>
10003b62:	2d20      	cmp	r5, #32
10003b64:	d00c      	beq.n	10003b80 <_vsnprintf+0x93c>
10003b66:	0004      	movs	r4, r0
10003b68:	0031      	movs	r1, r6
10003b6a:	0020      	movs	r0, r4
10003b6c:	f7fd ff3e 	bl	100019ec <__wrap___aeabi_uidiv>
10003b70:	b2cb      	uxtb	r3, r1
10003b72:	2909      	cmp	r1, #9
10003b74:	d9ef      	bls.n	10003b56 <_vsnprintf+0x912>
10003b76:	9a0d      	ldr	r2, [sp, #52]	; 0x34
10003b78:	4694      	mov	ip, r2
10003b7a:	4463      	add	r3, ip
10003b7c:	b2db      	uxtb	r3, r3
10003b7e:	e7ec      	b.n	10003b5a <_vsnprintf+0x916>
10003b80:	4656      	mov	r6, sl
10003b82:	465c      	mov	r4, fp
10003b84:	46aa      	mov	sl, r5
10003b86:	9d12      	ldr	r5, [sp, #72]	; 0x48
10003b88:	e63f      	b.n	1000380a <_vsnprintf+0x5c6>
10003b8a:	9b09      	ldr	r3, [sp, #36]	; 0x24
10003b8c:	001a      	movs	r2, r3
10003b8e:	ca08      	ldmia	r2!, {r3}
10003b90:	17d9      	asrs	r1, r3, #31
10003b92:	9213      	str	r2, [sp, #76]	; 0x4c
10003b94:	185a      	adds	r2, r3, r1
10003b96:	404a      	eors	r2, r1
10003b98:	4692      	mov	sl, r2
10003b9a:	0fda      	lsrs	r2, r3, #31
10003b9c:	9212      	str	r2, [sp, #72]	; 0x48
10003b9e:	2b00      	cmp	r3, #0
10003ba0:	d108      	bne.n	10003bb4 <_vsnprintf+0x970>
10003ba2:	2380      	movs	r3, #128	; 0x80
10003ba4:	2210      	movs	r2, #16
10003ba6:	990b      	ldr	r1, [sp, #44]	; 0x2c
10003ba8:	00db      	lsls	r3, r3, #3
10003baa:	400b      	ands	r3, r1
10003bac:	4391      	bics	r1, r2
10003bae:	910b      	str	r1, [sp, #44]	; 0x2c
10003bb0:	2b00      	cmp	r3, #0
10003bb2:	d12b      	bne.n	10003c0c <_vsnprintf+0x9c8>
10003bb4:	9a0b      	ldr	r2, [sp, #44]	; 0x2c
10003bb6:	2361      	movs	r3, #97	; 0x61
10003bb8:	0692      	lsls	r2, r2, #26
10003bba:	d500      	bpl.n	10003bbe <_vsnprintf+0x97a>
10003bbc:	2341      	movs	r3, #65	; 0x41
10003bbe:	aa0e      	add	r2, sp, #56	; 0x38
10003bc0:	271f      	movs	r7, #31
10003bc2:	4694      	mov	ip, r2
10003bc4:	b2db      	uxtb	r3, r3
10003bc6:	3b0a      	subs	r3, #10
10003bc8:	950d      	str	r5, [sp, #52]	; 0x34
10003bca:	4467      	add	r7, ip
10003bcc:	465d      	mov	r5, fp
10003bce:	9309      	str	r3, [sp, #36]	; 0x24
10003bd0:	46a3      	mov	fp, r4
10003bd2:	4654      	mov	r4, sl
10003bd4:	46b2      	mov	sl, r6
10003bd6:	9e0c      	ldr	r6, [sp, #48]	; 0x30
10003bd8:	e008      	b.n	10003bec <_vsnprintf+0x9a8>
10003bda:	3330      	adds	r3, #48	; 0x30
10003bdc:	b2db      	uxtb	r3, r3
10003bde:	3501      	adds	r5, #1
10003be0:	557b      	strb	r3, [r7, r5]
10003be2:	42b4      	cmp	r4, r6
10003be4:	d30e      	bcc.n	10003c04 <_vsnprintf+0x9c0>
10003be6:	2d20      	cmp	r5, #32
10003be8:	d00c      	beq.n	10003c04 <_vsnprintf+0x9c0>
10003bea:	0004      	movs	r4, r0
10003bec:	0031      	movs	r1, r6
10003bee:	0020      	movs	r0, r4
10003bf0:	f7fd fefc 	bl	100019ec <__wrap___aeabi_uidiv>
10003bf4:	b2cb      	uxtb	r3, r1
10003bf6:	2909      	cmp	r1, #9
10003bf8:	d9ef      	bls.n	10003bda <_vsnprintf+0x996>
10003bfa:	9a09      	ldr	r2, [sp, #36]	; 0x24
10003bfc:	4694      	mov	ip, r2
10003bfe:	4463      	add	r3, ip
10003c00:	b2db      	uxtb	r3, r3
10003c02:	e7ec      	b.n	10003bde <_vsnprintf+0x99a>
10003c04:	4656      	mov	r6, sl
10003c06:	465c      	mov	r4, fp
10003c08:	46ab      	mov	fp, r5
10003c0a:	9d0d      	ldr	r5, [sp, #52]	; 0x34
10003c0c:	9b0b      	ldr	r3, [sp, #44]	; 0x2c
10003c0e:	002a      	movs	r2, r5
10003c10:	9306      	str	r3, [sp, #24]
10003c12:	9b0a      	ldr	r3, [sp, #40]	; 0x28
10003c14:	0021      	movs	r1, r4
10003c16:	9305      	str	r3, [sp, #20]
10003c18:	4643      	mov	r3, r8
10003c1a:	9304      	str	r3, [sp, #16]
10003c1c:	9b0c      	ldr	r3, [sp, #48]	; 0x30
10003c1e:	9808      	ldr	r0, [sp, #32]
10003c20:	9303      	str	r3, [sp, #12]
10003c22:	9b12      	ldr	r3, [sp, #72]	; 0x48
10003c24:	3601      	adds	r6, #1
10003c26:	9302      	str	r3, [sp, #8]
10003c28:	465b      	mov	r3, fp
10003c2a:	9301      	str	r3, [sp, #4]
10003c2c:	ab16      	add	r3, sp, #88	; 0x58
10003c2e:	9300      	str	r3, [sp, #0]
10003c30:	464b      	mov	r3, r9
10003c32:	f7fe fe1f 	bl	10002874 <_ntoa_format>
10003c36:	9b13      	ldr	r3, [sp, #76]	; 0x4c
10003c38:	0005      	movs	r5, r0
10003c3a:	9309      	str	r3, [sp, #36]	; 0x24
10003c3c:	f7ff fb27 	bl	1000328e <_vsnprintf+0x4a>
10003c40:	2302      	movs	r3, #2
10003c42:	930c      	str	r3, [sp, #48]	; 0x30
10003c44:	e71a      	b.n	10003a7c <_vsnprintf+0x838>
10003c46:	9b09      	ldr	r3, [sp, #36]	; 0x24
10003c48:	cb04      	ldmia	r3!, {r2}
10003c4a:	4692      	mov	sl, r2
10003c4c:	9312      	str	r3, [sp, #72]	; 0x48
10003c4e:	2a00      	cmp	r2, #0
10003c50:	d108      	bne.n	10003c64 <_vsnprintf+0xa20>
10003c52:	2380      	movs	r3, #128	; 0x80
10003c54:	2210      	movs	r2, #16
10003c56:	990b      	ldr	r1, [sp, #44]	; 0x2c
10003c58:	00db      	lsls	r3, r3, #3
10003c5a:	400b      	ands	r3, r1
10003c5c:	4391      	bics	r1, r2
10003c5e:	910b      	str	r1, [sp, #44]	; 0x2c
10003c60:	2b00      	cmp	r3, #0
10003c62:	d12b      	bne.n	10003cbc <_vsnprintf+0xa78>
10003c64:	9a0b      	ldr	r2, [sp, #44]	; 0x2c
10003c66:	2361      	movs	r3, #97	; 0x61
10003c68:	0692      	lsls	r2, r2, #26
10003c6a:	d500      	bpl.n	10003c6e <_vsnprintf+0xa2a>
10003c6c:	2341      	movs	r3, #65	; 0x41
10003c6e:	aa0e      	add	r2, sp, #56	; 0x38
10003c70:	271f      	movs	r7, #31
10003c72:	4694      	mov	ip, r2
10003c74:	b2db      	uxtb	r3, r3
10003c76:	3b0a      	subs	r3, #10
10003c78:	950d      	str	r5, [sp, #52]	; 0x34
10003c7a:	4467      	add	r7, ip
10003c7c:	465d      	mov	r5, fp
10003c7e:	9309      	str	r3, [sp, #36]	; 0x24
10003c80:	46a3      	mov	fp, r4
10003c82:	4654      	mov	r4, sl
10003c84:	46b2      	mov	sl, r6
10003c86:	9e0c      	ldr	r6, [sp, #48]	; 0x30
10003c88:	e008      	b.n	10003c9c <_vsnprintf+0xa58>
10003c8a:	3330      	adds	r3, #48	; 0x30
10003c8c:	b2db      	uxtb	r3, r3
10003c8e:	3501      	adds	r5, #1
10003c90:	557b      	strb	r3, [r7, r5]
10003c92:	42b4      	cmp	r4, r6
10003c94:	d30e      	bcc.n	10003cb4 <_vsnprintf+0xa70>
10003c96:	2d20      	cmp	r5, #32
10003c98:	d00c      	beq.n	10003cb4 <_vsnprintf+0xa70>
10003c9a:	0004      	movs	r4, r0
10003c9c:	0031      	movs	r1, r6
10003c9e:	0020      	movs	r0, r4
10003ca0:	f7fd fea4 	bl	100019ec <__wrap___aeabi_uidiv>
10003ca4:	b2cb      	uxtb	r3, r1
10003ca6:	2909      	cmp	r1, #9
10003ca8:	d9ef      	bls.n	10003c8a <_vsnprintf+0xa46>
10003caa:	9a09      	ldr	r2, [sp, #36]	; 0x24
10003cac:	4694      	mov	ip, r2
10003cae:	4463      	add	r3, ip
10003cb0:	b2db      	uxtb	r3, r3
10003cb2:	e7ec      	b.n	10003c8e <_vsnprintf+0xa4a>
10003cb4:	4656      	mov	r6, sl
10003cb6:	465c      	mov	r4, fp
10003cb8:	46ab      	mov	fp, r5
10003cba:	9d0d      	ldr	r5, [sp, #52]	; 0x34
10003cbc:	9b0b      	ldr	r3, [sp, #44]	; 0x2c
10003cbe:	002a      	movs	r2, r5
10003cc0:	9306      	str	r3, [sp, #24]
10003cc2:	9b0a      	ldr	r3, [sp, #40]	; 0x28
10003cc4:	0021      	movs	r1, r4
10003cc6:	9305      	str	r3, [sp, #20]
10003cc8:	4643      	mov	r3, r8
10003cca:	9304      	str	r3, [sp, #16]
10003ccc:	9b0c      	ldr	r3, [sp, #48]	; 0x30
10003cce:	9808      	ldr	r0, [sp, #32]
10003cd0:	9303      	str	r3, [sp, #12]
10003cd2:	2300      	movs	r3, #0
10003cd4:	9302      	str	r3, [sp, #8]
10003cd6:	465b      	mov	r3, fp
10003cd8:	9301      	str	r3, [sp, #4]
10003cda:	ab16      	add	r3, sp, #88	; 0x58
10003cdc:	9300      	str	r3, [sp, #0]
10003cde:	464b      	mov	r3, r9
10003ce0:	f7fe fdc8 	bl	10002874 <_ntoa_format>
10003ce4:	9b12      	ldr	r3, [sp, #72]	; 0x48
10003ce6:	0005      	movs	r5, r0
10003ce8:	9309      	str	r3, [sp, #36]	; 0x24
10003cea:	3601      	adds	r6, #1
10003cec:	f7ff facf 	bl	1000328e <_vsnprintf+0x4a>
10003cf0:	42b4      	cmp	r4, r6
10003cf2:	d800      	bhi.n	10003cf6 <_vsnprintf+0xab2>
10003cf4:	e671      	b.n	100039da <_vsnprintf+0x796>
10003cf6:	9b14      	ldr	r3, [sp, #80]	; 0x50
10003cf8:	4654      	mov	r4, sl
10003cfa:	960e      	str	r6, [sp, #56]	; 0x38
10003cfc:	970f      	str	r7, [sp, #60]	; 0x3c
10003cfe:	46aa      	mov	sl, r5
10003d00:	4698      	mov	r8, r3
10003d02:	9e15      	ldr	r6, [sp, #84]	; 0x54
10003d04:	9d13      	ldr	r5, [sp, #76]	; 0x4c
10003d06:	e68e      	b.n	10003a26 <_vsnprintf+0x7e2>
10003d08:	42a6      	cmp	r6, r4
10003d0a:	d800      	bhi.n	10003d0e <_vsnprintf+0xaca>
10003d0c:	e6fb      	b.n	10003b06 <_vsnprintf+0x8c2>
10003d0e:	9b13      	ldr	r3, [sp, #76]	; 0x4c
10003d10:	4656      	mov	r6, sl
10003d12:	4698      	mov	r8, r3
10003d14:	46aa      	mov	sl, r5
10003d16:	465c      	mov	r4, fp
10003d18:	9d12      	ldr	r5, [sp, #72]	; 0x48
10003d1a:	e576      	b.n	1000380a <_vsnprintf+0x5c6>
10003d1c:	c908      	ldmia	r1!, {r3}
10003d1e:	17d8      	asrs	r0, r3, #31
10003d20:	181a      	adds	r2, r3, r0
10003d22:	4042      	eors	r2, r0
10003d24:	9109      	str	r1, [sp, #36]	; 0x24
10003d26:	f7ff fb8a 	bl	1000343e <_vsnprintf+0x1fa>
10003d2a:	2300      	movs	r3, #0
10003d2c:	930b      	str	r3, [sp, #44]	; 0x2c
10003d2e:	e450      	b.n	100035d2 <_vsnprintf+0x38e>
10003d30:	9b09      	ldr	r3, [sp, #36]	; 0x24
10003d32:	cb04      	ldmia	r3!, {r2}
10003d34:	4693      	mov	fp, r2
10003d36:	9309      	str	r3, [sp, #36]	; 0x24
10003d38:	e559      	b.n	100037ee <_vsnprintf+0x5aa>
10003d3a:	002f      	movs	r7, r5
10003d3c:	e5bb      	b.n	100038b6 <_vsnprintf+0x672>
10003d3e:	930b      	str	r3, [sp, #44]	; 0x2c
10003d40:	e601      	b.n	10003946 <_vsnprintf+0x702>
10003d42:	3b06      	subs	r3, #6
10003d44:	930c      	str	r3, [sp, #48]	; 0x30
10003d46:	e69a      	b.n	10003a7e <_vsnprintf+0x83a>

10003d48 <vfctprintf>:
10003d48:	b500      	push	{lr}
10003d4a:	b085      	sub	sp, #20
10003d4c:	9103      	str	r1, [sp, #12]
10003d4e:	2101      	movs	r1, #1
10003d50:	9002      	str	r0, [sp, #8]
10003d52:	9300      	str	r3, [sp, #0]
10003d54:	4803      	ldr	r0, [pc, #12]	; (10003d64 <vfctprintf+0x1c>)
10003d56:	0013      	movs	r3, r2
10003d58:	424a      	negs	r2, r1
10003d5a:	a902      	add	r1, sp, #8
10003d5c:	f7ff fa72 	bl	10003244 <_vsnprintf>
10003d60:	b005      	add	sp, #20
10003d62:	bd00      	pop	{pc}
10003d64:	10002a51 	.word	0x10002a51

10003d68 <weak_raw_vprintf>:
10003d68:	b510      	push	{r4, lr}
10003d6a:	4a09      	ldr	r2, [pc, #36]	; (10003d90 <weak_raw_vprintf+0x28>)
10003d6c:	0003      	movs	r3, r0
10003d6e:	6814      	ldr	r4, [r2, #0]
10003d70:	b084      	sub	sp, #16
10003d72:	2c00      	cmp	r4, #0
10003d74:	d008      	beq.n	10003d88 <weak_raw_vprintf+0x20>
10003d76:	2201      	movs	r2, #1
10003d78:	9100      	str	r1, [sp, #0]
10003d7a:	4806      	ldr	r0, [pc, #24]	; (10003d94 <weak_raw_vprintf+0x2c>)
10003d7c:	4252      	negs	r2, r2
10003d7e:	a903      	add	r1, sp, #12
10003d80:	47a0      	blx	r4
10003d82:	2001      	movs	r0, #1
10003d84:	b004      	add	sp, #16
10003d86:	bd10      	pop	{r4, pc}
10003d88:	f000 f99e 	bl	100040c8 <__wrap_puts>
10003d8c:	2000      	movs	r0, #0
10003d8e:	e7f9      	b.n	10003d84 <weak_raw_vprintf+0x1c>
10003d90:	200020e8 	.word	0x200020e8
10003d94:	10002a41 	.word	0x10002a41

10003d98 <_exit>:
10003d98:	be00      	bkpt	0x0000
10003d9a:	e7fd      	b.n	10003d98 <_exit>

10003d9c <exit>:
10003d9c:	b510      	push	{r4, lr}
10003d9e:	f7ff fffb 	bl	10003d98 <_exit>
10003da2:	46c0      	nop			; (mov r8, r8)

10003da4 <runtime_init>:
10003da4:	b570      	push	{r4, r5, r6, lr}
10003da6:	f7fd fcdf 	bl	10001768 <runtime_run_initializers>
10003daa:	4d07      	ldr	r5, [pc, #28]	; (10003dc8 <runtime_init+0x24>)
10003dac:	4e07      	ldr	r6, [pc, #28]	; (10003dcc <runtime_init+0x28>)
10003dae:	42b5      	cmp	r5, r6
10003db0:	d209      	bcs.n	10003dc6 <runtime_init+0x22>
10003db2:	2400      	movs	r4, #0
10003db4:	3e01      	subs	r6, #1
10003db6:	1b76      	subs	r6, r6, r5
10003db8:	08b6      	lsrs	r6, r6, #2
10003dba:	cd08      	ldmia	r5!, {r3}
10003dbc:	4798      	blx	r3
10003dbe:	0023      	movs	r3, r4
10003dc0:	3401      	adds	r4, #1
10003dc2:	42b3      	cmp	r3, r6
10003dc4:	d1f9      	bne.n	10003dba <runtime_init+0x16>
10003dc6:	bd70      	pop	{r4, r5, r6, pc}
10003dc8:	10006b94 	.word	0x10006b94
10003dcc:	10006ba0 	.word	0x10006ba0

10003dd0 <stdio_out_chars_no_crlf>:
10003dd0:	0003      	movs	r3, r0
10003dd2:	b510      	push	{r4, lr}
10003dd4:	0008      	movs	r0, r1
10003dd6:	0011      	movs	r1, r2
10003dd8:	681b      	ldr	r3, [r3, #0]
10003dda:	4798      	blx	r3
10003ddc:	bd10      	pop	{r4, pc}
10003dde:	46c0      	nop			; (mov r8, r8)

10003de0 <stdio_out_chars_crlf>:
10003de0:	b5f0      	push	{r4, r5, r6, r7, lr}
10003de2:	4646      	mov	r6, r8
10003de4:	464f      	mov	r7, r9
10003de6:	46d6      	mov	lr, sl
10003de8:	b5c0      	push	{r6, r7, lr}
10003dea:	7d43      	ldrb	r3, [r0, #21]
10003dec:	4680      	mov	r8, r0
10003dee:	000e      	movs	r6, r1
10003df0:	0017      	movs	r7, r2
10003df2:	2b00      	cmp	r3, #0
10003df4:	d046      	beq.n	10003e84 <stdio_out_chars_crlf+0xa4>
10003df6:	2a00      	cmp	r2, #0
10003df8:	dd3f      	ble.n	10003e7a <stdio_out_chars_crlf+0x9a>
10003dfa:	1e4b      	subs	r3, r1, #1
10003dfc:	4699      	mov	r9, r3
10003dfe:	4b24      	ldr	r3, [pc, #144]	; (10003e90 <stdio_out_chars_crlf+0xb0>)
10003e00:	2501      	movs	r5, #1
10003e02:	2400      	movs	r4, #0
10003e04:	2000      	movs	r0, #0
10003e06:	469a      	mov	sl, r3
10003e08:	e00d      	b.n	10003e26 <stdio_out_chars_crlf+0x46>
10003e0a:	464b      	mov	r3, r9
10003e0c:	5d1b      	ldrb	r3, [r3, r4]
10003e0e:	3b0d      	subs	r3, #13
10003e10:	425a      	negs	r2, r3
10003e12:	4153      	adcs	r3, r2
10003e14:	5d32      	ldrb	r2, [r6, r4]
10003e16:	b2db      	uxtb	r3, r3
10003e18:	2a0a      	cmp	r2, #10
10003e1a:	d00b      	beq.n	10003e34 <stdio_out_chars_crlf+0x54>
10003e1c:	002b      	movs	r3, r5
10003e1e:	3401      	adds	r4, #1
10003e20:	3501      	adds	r5, #1
10003e22:	429f      	cmp	r7, r3
10003e24:	dd1a      	ble.n	10003e5c <stdio_out_chars_crlf+0x7c>
10003e26:	2c00      	cmp	r4, #0
10003e28:	d1ef      	bne.n	10003e0a <stdio_out_chars_crlf+0x2a>
10003e2a:	4643      	mov	r3, r8
10003e2c:	5d32      	ldrb	r2, [r6, r4]
10003e2e:	7d1b      	ldrb	r3, [r3, #20]
10003e30:	2a0a      	cmp	r2, #10
10003e32:	d1f3      	bne.n	10003e1c <stdio_out_chars_crlf+0x3c>
10003e34:	2b00      	cmp	r3, #0
10003e36:	d1f1      	bne.n	10003e1c <stdio_out_chars_crlf+0x3c>
10003e38:	42a0      	cmp	r0, r4
10003e3a:	da04      	bge.n	10003e46 <stdio_out_chars_crlf+0x66>
10003e3c:	4643      	mov	r3, r8
10003e3e:	1a21      	subs	r1, r4, r0
10003e40:	681b      	ldr	r3, [r3, #0]
10003e42:	1830      	adds	r0, r6, r0
10003e44:	4798      	blx	r3
10003e46:	4643      	mov	r3, r8
10003e48:	4650      	mov	r0, sl
10003e4a:	681b      	ldr	r3, [r3, #0]
10003e4c:	2102      	movs	r1, #2
10003e4e:	4798      	blx	r3
10003e50:	3401      	adds	r4, #1
10003e52:	0028      	movs	r0, r5
10003e54:	002b      	movs	r3, r5
10003e56:	3501      	adds	r5, #1
10003e58:	429f      	cmp	r7, r3
10003e5a:	dce4      	bgt.n	10003e26 <stdio_out_chars_crlf+0x46>
10003e5c:	4287      	cmp	r7, r0
10003e5e:	dd04      	ble.n	10003e6a <stdio_out_chars_crlf+0x8a>
10003e60:	4643      	mov	r3, r8
10003e62:	1a39      	subs	r1, r7, r0
10003e64:	681b      	ldr	r3, [r3, #0]
10003e66:	1830      	adds	r0, r6, r0
10003e68:	4798      	blx	r3
10003e6a:	19f6      	adds	r6, r6, r7
10003e6c:	3e01      	subs	r6, #1
10003e6e:	7833      	ldrb	r3, [r6, #0]
10003e70:	3b0d      	subs	r3, #13
10003e72:	425a      	negs	r2, r3
10003e74:	4153      	adcs	r3, r2
10003e76:	4642      	mov	r2, r8
10003e78:	7513      	strb	r3, [r2, #20]
10003e7a:	bce0      	pop	{r5, r6, r7}
10003e7c:	46ba      	mov	sl, r7
10003e7e:	46b1      	mov	r9, r6
10003e80:	46a8      	mov	r8, r5
10003e82:	bdf0      	pop	{r4, r5, r6, r7, pc}
10003e84:	6803      	ldr	r3, [r0, #0]
10003e86:	0011      	movs	r1, r2
10003e88:	0030      	movs	r0, r6
10003e8a:	4798      	blx	r3
10003e8c:	e7f5      	b.n	10003e7a <stdio_out_chars_crlf+0x9a>
10003e8e:	46c0      	nop			; (mov r8, r8)
10003e90:	10006f70 	.word	0x10006f70

10003e94 <stdio_buffered_printer>:
10003e94:	b5f0      	push	{r4, r5, r6, r7, lr}
10003e96:	46c6      	mov	lr, r8
10003e98:	000c      	movs	r4, r1
10003e9a:	6809      	ldr	r1, [r1, #0]
10003e9c:	0006      	movs	r6, r0
10003e9e:	b500      	push	{lr}
10003ea0:	2980      	cmp	r1, #128	; 0x80
10003ea2:	d006      	beq.n	10003eb2 <stdio_buffered_printer+0x1e>
10003ea4:	1c4b      	adds	r3, r1, #1
10003ea6:	6023      	str	r3, [r4, #0]
10003ea8:	1864      	adds	r4, r4, r1
10003eaa:	7126      	strb	r6, [r4, #4]
10003eac:	bc80      	pop	{r7}
10003eae:	46b8      	mov	r8, r7
10003eb0:	bdf0      	pop	{r4, r5, r6, r7, pc}
10003eb2:	4b0f      	ldr	r3, [pc, #60]	; (10003ef0 <stdio_buffered_printer+0x5c>)
10003eb4:	681d      	ldr	r5, [r3, #0]
10003eb6:	2d00      	cmp	r5, #0
10003eb8:	d016      	beq.n	10003ee8 <stdio_buffered_printer+0x54>
10003eba:	1d23      	adds	r3, r4, #4
10003ebc:	4698      	mov	r8, r3
10003ebe:	4f0d      	ldr	r7, [pc, #52]	; (10003ef4 <stdio_buffered_printer+0x60>)
10003ec0:	e002      	b.n	10003ec8 <stdio_buffered_printer+0x34>
10003ec2:	692d      	ldr	r5, [r5, #16]
10003ec4:	2d00      	cmp	r5, #0
10003ec6:	d00f      	beq.n	10003ee8 <stdio_buffered_printer+0x54>
10003ec8:	682b      	ldr	r3, [r5, #0]
10003eca:	2b00      	cmp	r3, #0
10003ecc:	d0f9      	beq.n	10003ec2 <stdio_buffered_printer+0x2e>
10003ece:	683b      	ldr	r3, [r7, #0]
10003ed0:	2b00      	cmp	r3, #0
10003ed2:	d001      	beq.n	10003ed8 <stdio_buffered_printer+0x44>
10003ed4:	42ab      	cmp	r3, r5
10003ed6:	d1f4      	bne.n	10003ec2 <stdio_buffered_printer+0x2e>
10003ed8:	0028      	movs	r0, r5
10003eda:	4641      	mov	r1, r8
10003edc:	6822      	ldr	r2, [r4, #0]
10003ede:	f7ff ff7f 	bl	10003de0 <stdio_out_chars_crlf>
10003ee2:	692d      	ldr	r5, [r5, #16]
10003ee4:	2d00      	cmp	r5, #0
10003ee6:	d1ef      	bne.n	10003ec8 <stdio_buffered_printer+0x34>
10003ee8:	2301      	movs	r3, #1
10003eea:	2100      	movs	r1, #0
10003eec:	e7db      	b.n	10003ea6 <stdio_buffered_printer+0x12>
10003eee:	46c0      	nop			; (mov r8, r8)
10003ef0:	20001cd0 	.word	0x20001cd0
10003ef4:	20001cd8 	.word	0x20001cd8

10003ef8 <stdio_put_string>:
10003ef8:	b5f0      	push	{r4, r5, r6, r7, lr}
10003efa:	46de      	mov	lr, fp
10003efc:	4657      	mov	r7, sl
10003efe:	464e      	mov	r6, r9
10003f00:	4645      	mov	r5, r8
10003f02:	b5e0      	push	{r5, r6, r7, lr}
10003f04:	b085      	sub	sp, #20
10003f06:	0017      	movs	r7, r2
10003f08:	001c      	movs	r4, r3
10003f0a:	0006      	movs	r6, r0
10003f0c:	000d      	movs	r5, r1
10003f0e:	f7fd fa5d 	bl	100013cc <time_us_64>
10003f12:	2300      	movs	r3, #0
10003f14:	4a31      	ldr	r2, [pc, #196]	; (10003fdc <stdio_put_string+0xe4>)
10003f16:	1812      	adds	r2, r2, r0
10003f18:	414b      	adcs	r3, r1
10003f1a:	2b00      	cmp	r3, #0
10003f1c:	db59      	blt.n	10003fd2 <stdio_put_string+0xda>
10003f1e:	4930      	ldr	r1, [pc, #192]	; (10003fe0 <stdio_put_string+0xe8>)
10003f20:	0008      	movs	r0, r1
10003f22:	468a      	mov	sl, r1
10003f24:	f002 fdf0 	bl	10006b08 <__mutex_try_enter_block_until_veneer>
10003f28:	9001      	str	r0, [sp, #4]
10003f2a:	1c6b      	adds	r3, r5, #1
10003f2c:	d103      	bne.n	10003f36 <stdio_put_string+0x3e>
10003f2e:	0030      	movs	r0, r6
10003f30:	f002 fd78 	bl	10006a24 <strlen>
10003f34:	0005      	movs	r5, r0
10003f36:	2c00      	cmp	r4, #0
10003f38:	d126      	bne.n	10003f88 <stdio_put_string+0x90>
10003f3a:	4b2a      	ldr	r3, [pc, #168]	; (10003fe4 <stdio_put_string+0xec>)
10003f3c:	4698      	mov	r8, r3
10003f3e:	4b2a      	ldr	r3, [pc, #168]	; (10003fe8 <stdio_put_string+0xf0>)
10003f40:	681c      	ldr	r4, [r3, #0]
10003f42:	2c00      	cmp	r4, #0
10003f44:	d015      	beq.n	10003f72 <stdio_put_string+0x7a>
10003f46:	2f00      	cmp	r7, #0
10003f48:	d121      	bne.n	10003f8e <stdio_put_string+0x96>
10003f4a:	4f28      	ldr	r7, [pc, #160]	; (10003fec <stdio_put_string+0xf4>)
10003f4c:	e002      	b.n	10003f54 <stdio_put_string+0x5c>
10003f4e:	6924      	ldr	r4, [r4, #16]
10003f50:	2c00      	cmp	r4, #0
10003f52:	d00e      	beq.n	10003f72 <stdio_put_string+0x7a>
10003f54:	6823      	ldr	r3, [r4, #0]
10003f56:	2b00      	cmp	r3, #0
10003f58:	d0f9      	beq.n	10003f4e <stdio_put_string+0x56>
10003f5a:	683b      	ldr	r3, [r7, #0]
10003f5c:	2b00      	cmp	r3, #0
10003f5e:	d001      	beq.n	10003f64 <stdio_put_string+0x6c>
10003f60:	42a3      	cmp	r3, r4
10003f62:	d1f4      	bne.n	10003f4e <stdio_put_string+0x56>
10003f64:	0020      	movs	r0, r4
10003f66:	002a      	movs	r2, r5
10003f68:	0031      	movs	r1, r6
10003f6a:	47c0      	blx	r8
10003f6c:	6924      	ldr	r4, [r4, #16]
10003f6e:	2c00      	cmp	r4, #0
10003f70:	d1f0      	bne.n	10003f54 <stdio_put_string+0x5c>
10003f72:	9b01      	ldr	r3, [sp, #4]
10003f74:	2b00      	cmp	r3, #0
10003f76:	d128      	bne.n	10003fca <stdio_put_string+0xd2>
10003f78:	0028      	movs	r0, r5
10003f7a:	b005      	add	sp, #20
10003f7c:	bcf0      	pop	{r4, r5, r6, r7}
10003f7e:	46bb      	mov	fp, r7
10003f80:	46b2      	mov	sl, r6
10003f82:	46a9      	mov	r9, r5
10003f84:	46a0      	mov	r8, r4
10003f86:	bdf0      	pop	{r4, r5, r6, r7, pc}
10003f88:	4b19      	ldr	r3, [pc, #100]	; (10003ff0 <stdio_put_string+0xf8>)
10003f8a:	4698      	mov	r8, r3
10003f8c:	e7d7      	b.n	10003f3e <stdio_put_string+0x46>
10003f8e:	4b17      	ldr	r3, [pc, #92]	; (10003fec <stdio_put_string+0xf4>)
10003f90:	4699      	mov	r9, r3
10003f92:	ab02      	add	r3, sp, #8
10003f94:	1ddf      	adds	r7, r3, #7
10003f96:	230a      	movs	r3, #10
10003f98:	469b      	mov	fp, r3
10003f9a:	e002      	b.n	10003fa2 <stdio_put_string+0xaa>
10003f9c:	6924      	ldr	r4, [r4, #16]
10003f9e:	2c00      	cmp	r4, #0
10003fa0:	d0e7      	beq.n	10003f72 <stdio_put_string+0x7a>
10003fa2:	6823      	ldr	r3, [r4, #0]
10003fa4:	2b00      	cmp	r3, #0
10003fa6:	d0f9      	beq.n	10003f9c <stdio_put_string+0xa4>
10003fa8:	464b      	mov	r3, r9
10003faa:	681b      	ldr	r3, [r3, #0]
10003fac:	2b00      	cmp	r3, #0
10003fae:	d001      	beq.n	10003fb4 <stdio_put_string+0xbc>
10003fb0:	42a3      	cmp	r3, r4
10003fb2:	d1f3      	bne.n	10003f9c <stdio_put_string+0xa4>
10003fb4:	002a      	movs	r2, r5
10003fb6:	0031      	movs	r1, r6
10003fb8:	0020      	movs	r0, r4
10003fba:	47c0      	blx	r8
10003fbc:	465b      	mov	r3, fp
10003fbe:	2201      	movs	r2, #1
10003fc0:	0039      	movs	r1, r7
10003fc2:	0020      	movs	r0, r4
10003fc4:	703b      	strb	r3, [r7, #0]
10003fc6:	47c0      	blx	r8
10003fc8:	e7e8      	b.n	10003f9c <stdio_put_string+0xa4>
10003fca:	4650      	mov	r0, sl
10003fcc:	f002 fd6c 	bl	10006aa8 <__mutex_exit_veneer>
10003fd0:	e7d2      	b.n	10003f78 <stdio_put_string+0x80>
10003fd2:	2201      	movs	r2, #1
10003fd4:	4b07      	ldr	r3, [pc, #28]	; (10003ff4 <stdio_put_string+0xfc>)
10003fd6:	4252      	negs	r2, r2
10003fd8:	e7a1      	b.n	10003f1e <stdio_put_string+0x26>
10003fda:	46c0      	nop			; (mov r8, r8)
10003fdc:	000f4240 	.word	0x000f4240
10003fe0:	200010c0 	.word	0x200010c0
10003fe4:	10003dd1 	.word	0x10003dd1
10003fe8:	20001cd0 	.word	0x20001cd0
10003fec:	20001cd8 	.word	0x20001cd8
10003ff0:	10003de1 	.word	0x10003de1
10003ff4:	7fffffff 	.word	0x7fffffff

10003ff8 <stdio_set_driver_enabled>:
10003ff8:	4a0a      	ldr	r2, [pc, #40]	; (10004024 <stdio_set_driver_enabled+0x2c>)
10003ffa:	6813      	ldr	r3, [r2, #0]
10003ffc:	2b00      	cmp	r3, #0
10003ffe:	d105      	bne.n	1000400c <stdio_set_driver_enabled+0x14>
10004000:	e00c      	b.n	1000401c <stdio_set_driver_enabled+0x24>
10004002:	001a      	movs	r2, r3
10004004:	691b      	ldr	r3, [r3, #16]
10004006:	3210      	adds	r2, #16
10004008:	2b00      	cmp	r3, #0
1000400a:	d007      	beq.n	1000401c <stdio_set_driver_enabled+0x24>
1000400c:	4298      	cmp	r0, r3
1000400e:	d1f8      	bne.n	10004002 <stdio_set_driver_enabled+0xa>
10004010:	2900      	cmp	r1, #0
10004012:	d102      	bne.n	1000401a <stdio_set_driver_enabled+0x22>
10004014:	6903      	ldr	r3, [r0, #16]
10004016:	6013      	str	r3, [r2, #0]
10004018:	6101      	str	r1, [r0, #16]
1000401a:	4770      	bx	lr
1000401c:	2900      	cmp	r1, #0
1000401e:	d0fc      	beq.n	1000401a <stdio_set_driver_enabled+0x22>
10004020:	6010      	str	r0, [r2, #0]
10004022:	e7fa      	b.n	1000401a <stdio_set_driver_enabled+0x22>
10004024:	20001cd0 	.word	0x20001cd0

10004028 <stdio_init_all>:
10004028:	b510      	push	{r4, lr}
1000402a:	f000 fafb 	bl	10004624 <stdio_usb_init>
1000402e:	bd10      	pop	{r4, pc}

10004030 <__wrap_putchar>:
10004030:	b5f0      	push	{r4, r5, r6, r7, lr}
10004032:	46ce      	mov	lr, r9
10004034:	4647      	mov	r7, r8
10004036:	b580      	push	{r7, lr}
10004038:	b083      	sub	sp, #12
1000403a:	466b      	mov	r3, sp
1000403c:	0006      	movs	r6, r0
1000403e:	1ddd      	adds	r5, r3, #7
10004040:	7028      	strb	r0, [r5, #0]
10004042:	f7fd f9c3 	bl	100013cc <time_us_64>
10004046:	2300      	movs	r3, #0
10004048:	4a1a      	ldr	r2, [pc, #104]	; (100040b4 <__wrap_putchar+0x84>)
1000404a:	1812      	adds	r2, r2, r0
1000404c:	414b      	adcs	r3, r1
1000404e:	2b00      	cmp	r3, #0
10004050:	db2b      	blt.n	100040aa <__wrap_putchar+0x7a>
10004052:	4919      	ldr	r1, [pc, #100]	; (100040b8 <__wrap_putchar+0x88>)
10004054:	0008      	movs	r0, r1
10004056:	4688      	mov	r8, r1
10004058:	f002 fd56 	bl	10006b08 <__mutex_try_enter_block_until_veneer>
1000405c:	4b17      	ldr	r3, [pc, #92]	; (100040bc <__wrap_putchar+0x8c>)
1000405e:	4681      	mov	r9, r0
10004060:	681c      	ldr	r4, [r3, #0]
10004062:	2c00      	cmp	r4, #0
10004064:	d014      	beq.n	10004090 <__wrap_putchar+0x60>
10004066:	4f16      	ldr	r7, [pc, #88]	; (100040c0 <__wrap_putchar+0x90>)
10004068:	e002      	b.n	10004070 <__wrap_putchar+0x40>
1000406a:	6924      	ldr	r4, [r4, #16]
1000406c:	2c00      	cmp	r4, #0
1000406e:	d00f      	beq.n	10004090 <__wrap_putchar+0x60>
10004070:	6823      	ldr	r3, [r4, #0]
10004072:	2b00      	cmp	r3, #0
10004074:	d0f9      	beq.n	1000406a <__wrap_putchar+0x3a>
10004076:	683b      	ldr	r3, [r7, #0]
10004078:	2b00      	cmp	r3, #0
1000407a:	d001      	beq.n	10004080 <__wrap_putchar+0x50>
1000407c:	42a3      	cmp	r3, r4
1000407e:	d1f4      	bne.n	1000406a <__wrap_putchar+0x3a>
10004080:	0020      	movs	r0, r4
10004082:	2201      	movs	r2, #1
10004084:	0029      	movs	r1, r5
10004086:	f7ff feab 	bl	10003de0 <stdio_out_chars_crlf>
1000408a:	6924      	ldr	r4, [r4, #16]
1000408c:	2c00      	cmp	r4, #0
1000408e:	d1ef      	bne.n	10004070 <__wrap_putchar+0x40>
10004090:	464b      	mov	r3, r9
10004092:	2b00      	cmp	r3, #0
10004094:	d105      	bne.n	100040a2 <__wrap_putchar+0x72>
10004096:	0030      	movs	r0, r6
10004098:	b003      	add	sp, #12
1000409a:	bcc0      	pop	{r6, r7}
1000409c:	46b9      	mov	r9, r7
1000409e:	46b0      	mov	r8, r6
100040a0:	bdf0      	pop	{r4, r5, r6, r7, pc}
100040a2:	4640      	mov	r0, r8
100040a4:	f002 fd00 	bl	10006aa8 <__mutex_exit_veneer>
100040a8:	e7f5      	b.n	10004096 <__wrap_putchar+0x66>
100040aa:	2201      	movs	r2, #1
100040ac:	4b05      	ldr	r3, [pc, #20]	; (100040c4 <__wrap_putchar+0x94>)
100040ae:	4252      	negs	r2, r2
100040b0:	e7cf      	b.n	10004052 <__wrap_putchar+0x22>
100040b2:	46c0      	nop			; (mov r8, r8)
100040b4:	000f4240 	.word	0x000f4240
100040b8:	200010c0 	.word	0x200010c0
100040bc:	20001cd0 	.word	0x20001cd0
100040c0:	20001cd8 	.word	0x20001cd8
100040c4:	7fffffff 	.word	0x7fffffff

100040c8 <__wrap_puts>:
100040c8:	b570      	push	{r4, r5, r6, lr}
100040ca:	0004      	movs	r4, r0
100040cc:	f002 fcaa 	bl	10006a24 <strlen>
100040d0:	2301      	movs	r3, #1
100040d2:	0001      	movs	r1, r0
100040d4:	0005      	movs	r5, r0
100040d6:	2201      	movs	r2, #1
100040d8:	0020      	movs	r0, r4
100040da:	f7ff ff0d 	bl	10003ef8 <stdio_put_string>
100040de:	4b08      	ldr	r3, [pc, #32]	; (10004100 <__wrap_puts+0x38>)
100040e0:	681c      	ldr	r4, [r3, #0]
100040e2:	2c00      	cmp	r4, #0
100040e4:	d006      	beq.n	100040f4 <__wrap_puts+0x2c>
100040e6:	6863      	ldr	r3, [r4, #4]
100040e8:	2b00      	cmp	r3, #0
100040ea:	d005      	beq.n	100040f8 <__wrap_puts+0x30>
100040ec:	4798      	blx	r3
100040ee:	6924      	ldr	r4, [r4, #16]
100040f0:	2c00      	cmp	r4, #0
100040f2:	d1f8      	bne.n	100040e6 <__wrap_puts+0x1e>
100040f4:	0028      	movs	r0, r5
100040f6:	bd70      	pop	{r4, r5, r6, pc}
100040f8:	6924      	ldr	r4, [r4, #16]
100040fa:	2c00      	cmp	r4, #0
100040fc:	d1f3      	bne.n	100040e6 <__wrap_puts+0x1e>
100040fe:	e7f9      	b.n	100040f4 <__wrap_puts+0x2c>
10004100:	20001cd0 	.word	0x20001cd0

10004104 <__wrap_vprintf>:
10004104:	b5f0      	push	{r4, r5, r6, r7, lr}
10004106:	46ce      	mov	lr, r9
10004108:	4647      	mov	r7, r8
1000410a:	b580      	push	{r7, lr}
1000410c:	b0a5      	sub	sp, #148	; 0x94
1000410e:	0004      	movs	r4, r0
10004110:	000d      	movs	r5, r1
10004112:	f7fd f95b 	bl	100013cc <time_us_64>
10004116:	2300      	movs	r3, #0
10004118:	4a2a      	ldr	r2, [pc, #168]	; (100041c4 <__wrap_vprintf+0xc0>)
1000411a:	1812      	adds	r2, r2, r0
1000411c:	414b      	adcs	r3, r1
1000411e:	2b00      	cmp	r3, #0
10004120:	db49      	blt.n	100041b6 <__wrap_vprintf+0xb2>
10004122:	4e29      	ldr	r6, [pc, #164]	; (100041c8 <__wrap_vprintf+0xc4>)
10004124:	0030      	movs	r0, r6
10004126:	f002 fcef 	bl	10006b08 <__mutex_try_enter_block_until_veneer>
1000412a:	2300      	movs	r3, #0
1000412c:	0007      	movs	r7, r0
1000412e:	9303      	str	r3, [sp, #12]
10004130:	0022      	movs	r2, r4
10004132:	002b      	movs	r3, r5
10004134:	4825      	ldr	r0, [pc, #148]	; (100041cc <__wrap_vprintf+0xc8>)
10004136:	a903      	add	r1, sp, #12
10004138:	f7ff fe06 	bl	10003d48 <vfctprintf>
1000413c:	9b03      	ldr	r3, [sp, #12]
1000413e:	4680      	mov	r8, r0
10004140:	2b00      	cmp	r3, #0
10004142:	d114      	bne.n	1000416e <__wrap_vprintf+0x6a>
10004144:	4b22      	ldr	r3, [pc, #136]	; (100041d0 <__wrap_vprintf+0xcc>)
10004146:	681c      	ldr	r4, [r3, #0]
10004148:	2c00      	cmp	r4, #0
1000414a:	d006      	beq.n	1000415a <__wrap_vprintf+0x56>
1000414c:	6863      	ldr	r3, [r4, #4]
1000414e:	2b00      	cmp	r3, #0
10004150:	d00b      	beq.n	1000416a <__wrap_vprintf+0x66>
10004152:	4798      	blx	r3
10004154:	6924      	ldr	r4, [r4, #16]
10004156:	2c00      	cmp	r4, #0
10004158:	d1f8      	bne.n	1000414c <__wrap_vprintf+0x48>
1000415a:	2f00      	cmp	r7, #0
1000415c:	d127      	bne.n	100041ae <__wrap_vprintf+0xaa>
1000415e:	4640      	mov	r0, r8
10004160:	b025      	add	sp, #148	; 0x94
10004162:	bcc0      	pop	{r6, r7}
10004164:	46b9      	mov	r9, r7
10004166:	46b0      	mov	r8, r6
10004168:	bdf0      	pop	{r4, r5, r6, r7, pc}
1000416a:	6924      	ldr	r4, [r4, #16]
1000416c:	e7ec      	b.n	10004148 <__wrap_vprintf+0x44>
1000416e:	4b18      	ldr	r3, [pc, #96]	; (100041d0 <__wrap_vprintf+0xcc>)
10004170:	681d      	ldr	r5, [r3, #0]
10004172:	4699      	mov	r9, r3
10004174:	2d00      	cmp	r5, #0
10004176:	d022      	beq.n	100041be <__wrap_vprintf+0xba>
10004178:	4c16      	ldr	r4, [pc, #88]	; (100041d4 <__wrap_vprintf+0xd0>)
1000417a:	e002      	b.n	10004182 <__wrap_vprintf+0x7e>
1000417c:	692d      	ldr	r5, [r5, #16]
1000417e:	2d00      	cmp	r5, #0
10004180:	d011      	beq.n	100041a6 <__wrap_vprintf+0xa2>
10004182:	682b      	ldr	r3, [r5, #0]
10004184:	2b00      	cmp	r3, #0
10004186:	d0f9      	beq.n	1000417c <__wrap_vprintf+0x78>
10004188:	6823      	ldr	r3, [r4, #0]
1000418a:	2b00      	cmp	r3, #0
1000418c:	d001      	beq.n	10004192 <__wrap_vprintf+0x8e>
1000418e:	429d      	cmp	r5, r3
10004190:	d1f4      	bne.n	1000417c <__wrap_vprintf+0x78>
10004192:	9b03      	ldr	r3, [sp, #12]
10004194:	0028      	movs	r0, r5
10004196:	001a      	movs	r2, r3
10004198:	a904      	add	r1, sp, #16
1000419a:	9301      	str	r3, [sp, #4]
1000419c:	f7ff fe20 	bl	10003de0 <stdio_out_chars_crlf>
100041a0:	692d      	ldr	r5, [r5, #16]
100041a2:	2d00      	cmp	r5, #0
100041a4:	d1ed      	bne.n	10004182 <__wrap_vprintf+0x7e>
100041a6:	464b      	mov	r3, r9
100041a8:	9503      	str	r5, [sp, #12]
100041aa:	681c      	ldr	r4, [r3, #0]
100041ac:	e7cc      	b.n	10004148 <__wrap_vprintf+0x44>
100041ae:	0030      	movs	r0, r6
100041b0:	f002 fc7a 	bl	10006aa8 <__mutex_exit_veneer>
100041b4:	e7d3      	b.n	1000415e <__wrap_vprintf+0x5a>
100041b6:	2201      	movs	r2, #1
100041b8:	4b07      	ldr	r3, [pc, #28]	; (100041d8 <__wrap_vprintf+0xd4>)
100041ba:	4252      	negs	r2, r2
100041bc:	e7b1      	b.n	10004122 <__wrap_vprintf+0x1e>
100041be:	9503      	str	r5, [sp, #12]
100041c0:	e7cb      	b.n	1000415a <__wrap_vprintf+0x56>
100041c2:	46c0      	nop			; (mov r8, r8)
100041c4:	000f4240 	.word	0x000f4240
100041c8:	200010c0 	.word	0x200010c0
100041cc:	10003e95 	.word	0x10003e95
100041d0:	20001cd0 	.word	0x20001cd0
100041d4:	20001cd8 	.word	0x20001cd8
100041d8:	7fffffff 	.word	0x7fffffff

100041dc <__wrap_printf>:
100041dc:	b40f      	push	{r0, r1, r2, r3}
100041de:	b500      	push	{lr}
100041e0:	b083      	sub	sp, #12
100041e2:	a904      	add	r1, sp, #16
100041e4:	c901      	ldmia	r1!, {r0}
100041e6:	9101      	str	r1, [sp, #4]
100041e8:	f7ff ff8c 	bl	10004104 <__wrap_vprintf>
100041ec:	b003      	add	sp, #12
100041ee:	bc08      	pop	{r3}
100041f0:	b004      	add	sp, #16
100041f2:	4718      	bx	r3

100041f4 <resetd_init>:
100041f4:	4770      	bx	lr
100041f6:	46c0      	nop			; (mov r8, r8)

100041f8 <resetd_reset>:
100041f8:	2200      	movs	r2, #0
100041fa:	4b01      	ldr	r3, [pc, #4]	; (10004200 <resetd_reset+0x8>)
100041fc:	701a      	strb	r2, [r3, #0]
100041fe:	4770      	bx	lr
10004200:	2000213a 	.word	0x2000213a

10004204 <resetd_open>:
10004204:	794b      	ldrb	r3, [r1, #5]
10004206:	2000      	movs	r0, #0
10004208:	2bff      	cmp	r3, #255	; 0xff
1000420a:	d10b      	bne.n	10004224 <resetd_open+0x20>
1000420c:	798b      	ldrb	r3, [r1, #6]
1000420e:	2b00      	cmp	r3, #0
10004210:	d108      	bne.n	10004224 <resetd_open+0x20>
10004212:	79cb      	ldrb	r3, [r1, #7]
10004214:	2b01      	cmp	r3, #1
10004216:	d105      	bne.n	10004224 <resetd_open+0x20>
10004218:	2a08      	cmp	r2, #8
1000421a:	d903      	bls.n	10004224 <resetd_open+0x20>
1000421c:	788a      	ldrb	r2, [r1, #2]
1000421e:	4b02      	ldr	r3, [pc, #8]	; (10004228 <resetd_open+0x24>)
10004220:	3009      	adds	r0, #9
10004222:	701a      	strb	r2, [r3, #0]
10004224:	4770      	bx	lr
10004226:	46c0      	nop			; (mov r8, r8)
10004228:	2000213a 	.word	0x2000213a

1000422c <resetd_xfer_cb>:
1000422c:	2001      	movs	r0, #1
1000422e:	4770      	bx	lr

10004230 <resetd_control_xfer_cb>:
10004230:	b510      	push	{r4, lr}
10004232:	2901      	cmp	r1, #1
10004234:	d109      	bne.n	1000424a <resetd_control_xfer_cb+0x1a>
10004236:	4912      	ldr	r1, [pc, #72]	; (10004280 <resetd_control_xfer_cb+0x50>)
10004238:	7953      	ldrb	r3, [r2, #5]
1000423a:	7910      	ldrb	r0, [r2, #4]
1000423c:	7809      	ldrb	r1, [r1, #0]
1000423e:	021b      	lsls	r3, r3, #8
10004240:	4303      	orrs	r3, r0
10004242:	2000      	movs	r0, #0
10004244:	4299      	cmp	r1, r3
10004246:	d002      	beq.n	1000424e <resetd_control_xfer_cb+0x1e>
10004248:	bd10      	pop	{r4, pc}
1000424a:	2001      	movs	r0, #1
1000424c:	e7fc      	b.n	10004248 <resetd_control_xfer_cb+0x18>
1000424e:	7853      	ldrb	r3, [r2, #1]
10004250:	2b01      	cmp	r3, #1
10004252:	d008      	beq.n	10004266 <resetd_control_xfer_cb+0x36>
10004254:	2b02      	cmp	r3, #2
10004256:	d1f7      	bne.n	10004248 <resetd_control_xfer_cb+0x18>
10004258:	2000      	movs	r0, #0
1000425a:	2264      	movs	r2, #100	; 0x64
1000425c:	2100      	movs	r1, #0
1000425e:	f7fd fa13 	bl	10001688 <watchdog_reboot>
10004262:	2001      	movs	r0, #1
10004264:	e7f0      	b.n	10004248 <resetd_control_xfer_cb+0x18>
10004266:	7891      	ldrb	r1, [r2, #2]
10004268:	78d2      	ldrb	r2, [r2, #3]
1000426a:	0212      	lsls	r2, r2, #8
1000426c:	4311      	orrs	r1, r2
1000426e:	05d2      	lsls	r2, r2, #23
10004270:	d502      	bpl.n	10004278 <resetd_control_xfer_cb+0x48>
10004272:	0a4a      	lsrs	r2, r1, #9
10004274:	4093      	lsls	r3, r2
10004276:	0018      	movs	r0, r3
10004278:	237f      	movs	r3, #127	; 0x7f
1000427a:	4019      	ands	r1, r3
1000427c:	f7fd fb7e 	bl	1000197c <rom_reset_usb_boot>
10004280:	2000213a 	.word	0x2000213a

10004284 <tud_descriptor_bos_cb>:
10004284:	4800      	ldr	r0, [pc, #0]	; (10004288 <tud_descriptor_bos_cb+0x4>)
10004286:	4770      	bx	lr
10004288:	10006f94 	.word	0x10006f94

1000428c <tud_vendor_control_xfer_cb>:
1000428c:	b570      	push	{r4, r5, r6, lr}
1000428e:	0005      	movs	r5, r0
10004290:	0014      	movs	r4, r2
10004292:	2001      	movs	r0, #1
10004294:	2901      	cmp	r1, #1
10004296:	d109      	bne.n	100042ac <tud_vendor_control_xfer_cb+0x20>
10004298:	7853      	ldrb	r3, [r2, #1]
1000429a:	2000      	movs	r0, #0
1000429c:	2b01      	cmp	r3, #1
1000429e:	d105      	bne.n	100042ac <tud_vendor_control_xfer_cb+0x20>
100042a0:	7963      	ldrb	r3, [r4, #5]
100042a2:	7912      	ldrb	r2, [r2, #4]
100042a4:	021b      	lsls	r3, r3, #8
100042a6:	4313      	orrs	r3, r2
100042a8:	2b07      	cmp	r3, #7
100042aa:	d000      	beq.n	100042ae <tud_vendor_control_xfer_cb+0x22>
100042ac:	bd70      	pop	{r4, r5, r6, pc}
100042ae:	0021      	movs	r1, r4
100042b0:	0028      	movs	r0, r5
100042b2:	4a02      	ldr	r2, [pc, #8]	; (100042bc <tud_vendor_control_xfer_cb+0x30>)
100042b4:	339f      	adds	r3, #159	; 0x9f
100042b6:	f001 fa4d 	bl	10005754 <tud_control_xfer>
100042ba:	e7f7      	b.n	100042ac <tud_vendor_control_xfer_cb+0x20>
100042bc:	10006fb8 	.word	0x10006fb8

100042c0 <usbd_app_driver_get_cb>:
100042c0:	2301      	movs	r3, #1
100042c2:	7003      	strb	r3, [r0, #0]
100042c4:	4800      	ldr	r0, [pc, #0]	; (100042c8 <usbd_app_driver_get_cb+0x8>)
100042c6:	4770      	bx	lr
100042c8:	10006f74 	.word	0x10006f74

100042cc <tud_cdc_line_coding_cb>:
100042cc:	7848      	ldrb	r0, [r1, #1]
100042ce:	780b      	ldrb	r3, [r1, #0]
100042d0:	788a      	ldrb	r2, [r1, #2]
100042d2:	0200      	lsls	r0, r0, #8
100042d4:	4318      	orrs	r0, r3
100042d6:	0412      	lsls	r2, r2, #16
100042d8:	4310      	orrs	r0, r2
100042da:	2296      	movs	r2, #150	; 0x96
100042dc:	78cb      	ldrb	r3, [r1, #3]
100042de:	b510      	push	{r4, lr}
100042e0:	061b      	lsls	r3, r3, #24
100042e2:	4303      	orrs	r3, r0
100042e4:	00d2      	lsls	r2, r2, #3
100042e6:	4293      	cmp	r3, r2
100042e8:	d000      	beq.n	100042ec <tud_cdc_line_coding_cb+0x20>
100042ea:	bd10      	pop	{r4, pc}
100042ec:	2100      	movs	r1, #0
100042ee:	0008      	movs	r0, r1
100042f0:	f7fd fb44 	bl	1000197c <rom_reset_usb_boot>

100042f4 <stdio_usb_set_chars_available_callback>:
100042f4:	4b02      	ldr	r3, [pc, #8]	; (10004300 <stdio_usb_set_chars_available_callback+0xc>)
100042f6:	6018      	str	r0, [r3, #0]
100042f8:	4b02      	ldr	r3, [pc, #8]	; (10004304 <stdio_usb_set_chars_available_callback+0x10>)
100042fa:	6019      	str	r1, [r3, #0]
100042fc:	4770      	bx	lr
100042fe:	46c0      	nop			; (mov r8, r8)
10004300:	20001c70 	.word	0x20001c70
10004304:	20001c74 	.word	0x20001c74

10004308 <usb_irq>:
10004308:	b510      	push	{r4, lr}
1000430a:	4b02      	ldr	r3, [pc, #8]	; (10004314 <usb_irq+0xc>)
1000430c:	7818      	ldrb	r0, [r3, #0]
1000430e:	f7fc fa3d 	bl	1000078c <irq_set_pending>
10004312:	bd10      	pop	{r4, pc}
10004314:	2000213b 	.word	0x2000213b

10004318 <timer_task>:
10004318:	4b15      	ldr	r3, [pc, #84]	; (10004370 <timer_task+0x58>)
1000431a:	b570      	push	{r4, r5, r6, lr}
1000431c:	681a      	ldr	r2, [r3, #0]
1000431e:	2a00      	cmp	r2, #0
10004320:	d022      	beq.n	10004368 <timer_task+0x50>
10004322:	f3ef 8110 	mrs	r1, PRIMASK
10004326:	b672      	cpsid	i
10004328:	6810      	ldr	r0, [r2, #0]
1000432a:	2800      	cmp	r0, #0
1000432c:	d0fc      	beq.n	10004328 <timer_task+0x10>
1000432e:	f3bf 8f5f 	dmb	sy
10004332:	2200      	movs	r2, #0
10004334:	480f      	ldr	r0, [pc, #60]	; (10004374 <timer_task+0x5c>)
10004336:	6059      	str	r1, [r3, #4]
10004338:	7002      	strb	r2, [r0, #0]
1000433a:	681b      	ldr	r3, [r3, #0]
1000433c:	f3bf 8f5f 	dmb	sy
10004340:	601a      	str	r2, [r3, #0]
10004342:	f381 8810 	msr	PRIMASK, r1
10004346:	2400      	movs	r4, #0
10004348:	2500      	movs	r5, #0
1000434a:	4e0b      	ldr	r6, [pc, #44]	; (10004378 <timer_task+0x60>)
1000434c:	7830      	ldrb	r0, [r6, #0]
1000434e:	f7fc fa11 	bl	10000774 <irq_is_enabled>
10004352:	2800      	cmp	r0, #0
10004354:	d104      	bne.n	10004360 <timer_task+0x48>
10004356:	2400      	movs	r4, #0
10004358:	2500      	movs	r5, #0
1000435a:	0029      	movs	r1, r5
1000435c:	0020      	movs	r0, r4
1000435e:	bd70      	pop	{r4, r5, r6, pc}
10004360:	7830      	ldrb	r0, [r6, #0]
10004362:	f7fc fa13 	bl	1000078c <irq_set_pending>
10004366:	e7f8      	b.n	1000435a <timer_task+0x42>
10004368:	24fa      	movs	r4, #250	; 0xfa
1000436a:	2500      	movs	r5, #0
1000436c:	00a4      	lsls	r4, r4, #2
1000436e:	e7ec      	b.n	1000434a <timer_task+0x32>
10004370:	200020f4 	.word	0x200020f4
10004374:	2000213c 	.word	0x2000213c
10004378:	2000213b 	.word	0x2000213b

1000437c <stdio_usb_in_chars>:
1000437c:	b570      	push	{r4, r5, r6, lr}
1000437e:	0004      	movs	r4, r0
10004380:	2000      	movs	r0, #0
10004382:	000e      	movs	r6, r1
10004384:	f001 fb08 	bl	10005998 <tud_cdc_n_connected>
10004388:	2800      	cmp	r0, #0
1000438a:	d035      	beq.n	100043f8 <stdio_usb_in_chars+0x7c>
1000438c:	2000      	movs	r0, #0
1000438e:	f001 fb1b 	bl	100059c8 <tud_cdc_n_available>
10004392:	2800      	cmp	r0, #0
10004394:	d030      	beq.n	100043f8 <stdio_usb_in_chars+0x7c>
10004396:	f7fd f819 	bl	100013cc <time_us_64>
1000439a:	2300      	movs	r3, #0
1000439c:	4a18      	ldr	r2, [pc, #96]	; (10004400 <stdio_usb_in_chars+0x84>)
1000439e:	1812      	adds	r2, r2, r0
100043a0:	414b      	adcs	r3, r1
100043a2:	2b00      	cmp	r3, #0
100043a4:	db24      	blt.n	100043f0 <stdio_usb_in_chars+0x74>
100043a6:	4d17      	ldr	r5, [pc, #92]	; (10004404 <stdio_usb_in_chars+0x88>)
100043a8:	0028      	movs	r0, r5
100043aa:	f002 fbad 	bl	10006b08 <__mutex_try_enter_block_until_veneer>
100043ae:	2800      	cmp	r0, #0
100043b0:	d022      	beq.n	100043f8 <stdio_usb_in_chars+0x7c>
100043b2:	2000      	movs	r0, #0
100043b4:	f001 faf0 	bl	10005998 <tud_cdc_n_connected>
100043b8:	2800      	cmp	r0, #0
100043ba:	d10b      	bne.n	100043d4 <stdio_usb_in_chars+0x58>
100043bc:	2001      	movs	r0, #1
100043be:	2100      	movs	r1, #0
100043c0:	2403      	movs	r4, #3
100043c2:	4240      	negs	r0, r0
100043c4:	f000 fcf8 	bl	10004db8 <tud_task_ext>
100043c8:	4264      	negs	r4, r4
100043ca:	0028      	movs	r0, r5
100043cc:	f002 fb6c 	bl	10006aa8 <__mutex_exit_veneer>
100043d0:	0020      	movs	r0, r4
100043d2:	bd70      	pop	{r4, r5, r6, pc}
100043d4:	2000      	movs	r0, #0
100043d6:	f001 faf7 	bl	100059c8 <tud_cdc_n_available>
100043da:	2800      	cmp	r0, #0
100043dc:	d0ee      	beq.n	100043bc <stdio_usb_in_chars+0x40>
100043de:	0021      	movs	r1, r4
100043e0:	0032      	movs	r2, r6
100043e2:	2000      	movs	r0, #0
100043e4:	f001 fafc 	bl	100059e0 <tud_cdc_n_read>
100043e8:	1e04      	subs	r4, r0, #0
100043ea:	d1ee      	bne.n	100043ca <stdio_usb_in_chars+0x4e>
100043ec:	3c03      	subs	r4, #3
100043ee:	e7ec      	b.n	100043ca <stdio_usb_in_chars+0x4e>
100043f0:	2201      	movs	r2, #1
100043f2:	4b05      	ldr	r3, [pc, #20]	; (10004408 <stdio_usb_in_chars+0x8c>)
100043f4:	4252      	negs	r2, r2
100043f6:	e7d6      	b.n	100043a6 <stdio_usb_in_chars+0x2a>
100043f8:	2403      	movs	r4, #3
100043fa:	4264      	negs	r4, r4
100043fc:	e7e8      	b.n	100043d0 <stdio_usb_in_chars+0x54>
100043fe:	46c0      	nop			; (mov r8, r8)
10004400:	000f4240 	.word	0x000f4240
10004404:	2000211c 	.word	0x2000211c
10004408:	7fffffff 	.word	0x7fffffff

1000440c <stdio_usb_out_flush>:
1000440c:	b510      	push	{r4, lr}
1000440e:	f7fc ffdd 	bl	100013cc <time_us_64>
10004412:	2300      	movs	r3, #0
10004414:	4a0e      	ldr	r2, [pc, #56]	; (10004450 <stdio_usb_out_flush+0x44>)
10004416:	1812      	adds	r2, r2, r0
10004418:	414b      	adcs	r3, r1
1000441a:	2b00      	cmp	r3, #0
1000441c:	db13      	blt.n	10004446 <stdio_usb_out_flush+0x3a>
1000441e:	4c0d      	ldr	r4, [pc, #52]	; (10004454 <stdio_usb_out_flush+0x48>)
10004420:	0020      	movs	r0, r4
10004422:	f002 fb71 	bl	10006b08 <__mutex_try_enter_block_until_veneer>
10004426:	2800      	cmp	r0, #0
10004428:	d00c      	beq.n	10004444 <stdio_usb_out_flush+0x38>
1000442a:	2001      	movs	r0, #1
1000442c:	2100      	movs	r1, #0
1000442e:	4240      	negs	r0, r0
10004430:	f000 fcc2 	bl	10004db8 <tud_task_ext>
10004434:	2000      	movs	r0, #0
10004436:	f001 fb1f 	bl	10005a78 <tud_cdc_n_write_flush>
1000443a:	2800      	cmp	r0, #0
1000443c:	d1f5      	bne.n	1000442a <stdio_usb_out_flush+0x1e>
1000443e:	0020      	movs	r0, r4
10004440:	f002 fb32 	bl	10006aa8 <__mutex_exit_veneer>
10004444:	bd10      	pop	{r4, pc}
10004446:	2201      	movs	r2, #1
10004448:	4b03      	ldr	r3, [pc, #12]	; (10004458 <stdio_usb_out_flush+0x4c>)
1000444a:	4252      	negs	r2, r2
1000444c:	e7e7      	b.n	1000441e <stdio_usb_out_flush+0x12>
1000444e:	46c0      	nop			; (mov r8, r8)
10004450:	000f4240 	.word	0x000f4240
10004454:	2000211c 	.word	0x2000211c
10004458:	7fffffff 	.word	0x7fffffff

1000445c <stdio_usb_out_chars>:
1000445c:	b5f8      	push	{r3, r4, r5, r6, r7, lr}
1000445e:	46de      	mov	lr, fp
10004460:	4657      	mov	r7, sl
10004462:	b580      	push	{r7, lr}
10004464:	0005      	movs	r5, r0
10004466:	000c      	movs	r4, r1
10004468:	f7fc ffb0 	bl	100013cc <time_us_64>
1000446c:	2300      	movs	r3, #0
1000446e:	4a36      	ldr	r2, [pc, #216]	; (10004548 <stdio_usb_out_chars+0xec>)
10004470:	1812      	adds	r2, r2, r0
10004472:	414b      	adcs	r3, r1
10004474:	2b00      	cmp	r3, #0
10004476:	db5a      	blt.n	1000452e <stdio_usb_out_chars+0xd2>
10004478:	4934      	ldr	r1, [pc, #208]	; (1000454c <stdio_usb_out_chars+0xf0>)
1000447a:	0008      	movs	r0, r1
1000447c:	468a      	mov	sl, r1
1000447e:	f002 fb43 	bl	10006b08 <__mutex_try_enter_block_until_veneer>
10004482:	2800      	cmp	r0, #0
10004484:	d103      	bne.n	1000448e <stdio_usb_out_chars+0x32>
10004486:	bcc0      	pop	{r6, r7}
10004488:	46bb      	mov	fp, r7
1000448a:	46b2      	mov	sl, r6
1000448c:	bdf8      	pop	{r3, r4, r5, r6, r7, pc}
1000448e:	2000      	movs	r0, #0
10004490:	f001 fa82 	bl	10005998 <tud_cdc_n_connected>
10004494:	2800      	cmp	r0, #0
10004496:	d04e      	beq.n	10004536 <stdio_usb_out_chars+0xda>
10004498:	2600      	movs	r6, #0
1000449a:	2c00      	cmp	r4, #0
1000449c:	dd43      	ble.n	10004526 <stdio_usb_out_chars+0xca>
1000449e:	4b2c      	ldr	r3, [pc, #176]	; (10004550 <stdio_usb_out_chars+0xf4>)
100044a0:	469b      	mov	fp, r3
100044a2:	e014      	b.n	100044ce <stdio_usb_out_chars+0x72>
100044a4:	19a9      	adds	r1, r5, r6
100044a6:	2000      	movs	r0, #0
100044a8:	f001 fb22 	bl	10005af0 <tud_cdc_n_write>
100044ac:	0007      	movs	r7, r0
100044ae:	2001      	movs	r0, #1
100044b0:	2100      	movs	r1, #0
100044b2:	4240      	negs	r0, r0
100044b4:	f000 fc80 	bl	10004db8 <tud_task_ext>
100044b8:	2000      	movs	r0, #0
100044ba:	f001 fadd 	bl	10005a78 <tud_cdc_n_write_flush>
100044be:	f7fc ff85 	bl	100013cc <time_us_64>
100044c2:	4b23      	ldr	r3, [pc, #140]	; (10004550 <stdio_usb_out_chars+0xf4>)
100044c4:	19f6      	adds	r6, r6, r7
100044c6:	6018      	str	r0, [r3, #0]
100044c8:	6059      	str	r1, [r3, #4]
100044ca:	42b4      	cmp	r4, r6
100044cc:	dd2b      	ble.n	10004526 <stdio_usb_out_chars+0xca>
100044ce:	2000      	movs	r0, #0
100044d0:	f001 fb30 	bl	10005b34 <tud_cdc_n_write_available>
100044d4:	1ba7      	subs	r7, r4, r6
100044d6:	0002      	movs	r2, r0
100044d8:	42b8      	cmp	r0, r7
100044da:	dd00      	ble.n	100044de <stdio_usb_out_chars+0x82>
100044dc:	003a      	movs	r2, r7
100044de:	2a00      	cmp	r2, #0
100044e0:	d1e0      	bne.n	100044a4 <stdio_usb_out_chars+0x48>
100044e2:	2001      	movs	r0, #1
100044e4:	2100      	movs	r1, #0
100044e6:	4240      	negs	r0, r0
100044e8:	f000 fc66 	bl	10004db8 <tud_task_ext>
100044ec:	2000      	movs	r0, #0
100044ee:	f001 fac3 	bl	10005a78 <tud_cdc_n_write_flush>
100044f2:	2000      	movs	r0, #0
100044f4:	f001 fa50 	bl	10005998 <tud_cdc_n_connected>
100044f8:	2800      	cmp	r0, #0
100044fa:	d014      	beq.n	10004526 <stdio_usb_out_chars+0xca>
100044fc:	2000      	movs	r0, #0
100044fe:	f001 fb19 	bl	10005b34 <tud_cdc_n_write_available>
10004502:	2800      	cmp	r0, #0
10004504:	d1e1      	bne.n	100044ca <stdio_usb_out_chars+0x6e>
10004506:	f7fc ff61 	bl	100013cc <time_us_64>
1000450a:	465b      	mov	r3, fp
1000450c:	000f      	movs	r7, r1
1000450e:	681a      	ldr	r2, [r3, #0]
10004510:	685b      	ldr	r3, [r3, #4]
10004512:	2100      	movs	r1, #0
10004514:	4684      	mov	ip, r0
10004516:	480f      	ldr	r0, [pc, #60]	; (10004554 <stdio_usb_out_chars+0xf8>)
10004518:	1812      	adds	r2, r2, r0
1000451a:	414b      	adcs	r3, r1
1000451c:	429f      	cmp	r7, r3
1000451e:	d802      	bhi.n	10004526 <stdio_usb_out_chars+0xca>
10004520:	d1d3      	bne.n	100044ca <stdio_usb_out_chars+0x6e>
10004522:	4594      	cmp	ip, r2
10004524:	d9d1      	bls.n	100044ca <stdio_usb_out_chars+0x6e>
10004526:	4650      	mov	r0, sl
10004528:	f002 fabe 	bl	10006aa8 <__mutex_exit_veneer>
1000452c:	e7ab      	b.n	10004486 <stdio_usb_out_chars+0x2a>
1000452e:	2201      	movs	r2, #1
10004530:	4b09      	ldr	r3, [pc, #36]	; (10004558 <stdio_usb_out_chars+0xfc>)
10004532:	4252      	negs	r2, r2
10004534:	e7a0      	b.n	10004478 <stdio_usb_out_chars+0x1c>
10004536:	2000      	movs	r0, #0
10004538:	2100      	movs	r1, #0
1000453a:	4b05      	ldr	r3, [pc, #20]	; (10004550 <stdio_usb_out_chars+0xf4>)
1000453c:	6018      	str	r0, [r3, #0]
1000453e:	6059      	str	r1, [r3, #4]
10004540:	4650      	mov	r0, sl
10004542:	f002 fab1 	bl	10006aa8 <__mutex_exit_veneer>
10004546:	e79e      	b.n	10004486 <stdio_usb_out_chars+0x2a>
10004548:	000f4240 	.word	0x000f4240
1000454c:	2000211c 	.word	0x2000211c
10004550:	20001248 	.word	0x20001248
10004554:	0007a120 	.word	0x0007a120
10004558:	7fffffff 	.word	0x7fffffff

1000455c <low_priority_worker_irq>:
1000455c:	b530      	push	{r4, r5, lr}
1000455e:	4c2a      	ldr	r4, [pc, #168]	; (10004608 <low_priority_worker_irq+0xac>)
10004560:	b085      	sub	sp, #20
10004562:	2100      	movs	r1, #0
10004564:	0020      	movs	r0, r4
10004566:	f002 fabf 	bl	10006ae8 <__mutex_try_enter_veneer>
1000456a:	2800      	cmp	r0, #0
1000456c:	d11c      	bne.n	100045a8 <low_priority_worker_irq+0x4c>
1000456e:	4b27      	ldr	r3, [pc, #156]	; (1000460c <low_priority_worker_irq+0xb0>)
10004570:	681a      	ldr	r2, [r3, #0]
10004572:	2a00      	cmp	r2, #0
10004574:	d016      	beq.n	100045a4 <low_priority_worker_irq+0x48>
10004576:	f3ef 8110 	mrs	r1, PRIMASK
1000457a:	b672      	cpsid	i
1000457c:	6810      	ldr	r0, [r2, #0]
1000457e:	2800      	cmp	r0, #0
10004580:	d0fc      	beq.n	1000457c <low_priority_worker_irq+0x20>
10004582:	f3bf 8f5f 	dmb	sy
10004586:	2401      	movs	r4, #1
10004588:	4821      	ldr	r0, [pc, #132]	; (10004610 <low_priority_worker_irq+0xb4>)
1000458a:	6059      	str	r1, [r3, #4]
1000458c:	7802      	ldrb	r2, [r0, #0]
1000458e:	681b      	ldr	r3, [r3, #0]
10004590:	b2d2      	uxtb	r2, r2
10004592:	7004      	strb	r4, [r0, #0]
10004594:	f3bf 8f5f 	dmb	sy
10004598:	2000      	movs	r0, #0
1000459a:	6018      	str	r0, [r3, #0]
1000459c:	f381 8810 	msr	PRIMASK, r1
100045a0:	2a00      	cmp	r2, #0
100045a2:	d017      	beq.n	100045d4 <low_priority_worker_irq+0x78>
100045a4:	b005      	add	sp, #20
100045a6:	bd30      	pop	{r4, r5, pc}
100045a8:	2001      	movs	r0, #1
100045aa:	2100      	movs	r1, #0
100045ac:	4240      	negs	r0, r0
100045ae:	f000 fc03 	bl	10004db8 <tud_task_ext>
100045b2:	2000      	movs	r0, #0
100045b4:	f001 fa08 	bl	100059c8 <tud_cdc_n_available>
100045b8:	0005      	movs	r5, r0
100045ba:	0020      	movs	r0, r4
100045bc:	f002 fa74 	bl	10006aa8 <__mutex_exit_veneer>
100045c0:	2d00      	cmp	r5, #0
100045c2:	d0ef      	beq.n	100045a4 <low_priority_worker_irq+0x48>
100045c4:	4b13      	ldr	r3, [pc, #76]	; (10004614 <low_priority_worker_irq+0xb8>)
100045c6:	681b      	ldr	r3, [r3, #0]
100045c8:	2b00      	cmp	r3, #0
100045ca:	d0eb      	beq.n	100045a4 <low_priority_worker_irq+0x48>
100045cc:	4a12      	ldr	r2, [pc, #72]	; (10004618 <low_priority_worker_irq+0xbc>)
100045ce:	6810      	ldr	r0, [r2, #0]
100045d0:	4798      	blx	r3
100045d2:	e7e7      	b.n	100045a4 <low_priority_worker_irq+0x48>
100045d4:	f7fc fcd8 	bl	10000f88 <alarm_pool_get_default>
100045d8:	0004      	movs	r4, r0
100045da:	f7fc fef7 	bl	100013cc <time_us_64>
100045de:	22fa      	movs	r2, #250	; 0xfa
100045e0:	2300      	movs	r3, #0
100045e2:	0092      	lsls	r2, r2, #2
100045e4:	1812      	adds	r2, r2, r0
100045e6:	414b      	adcs	r3, r1
100045e8:	2b00      	cmp	r3, #0
100045ea:	db09      	blt.n	10004600 <low_priority_worker_irq+0xa4>
100045ec:	2101      	movs	r1, #1
100045ee:	9102      	str	r1, [sp, #8]
100045f0:	2100      	movs	r1, #0
100045f2:	9101      	str	r1, [sp, #4]
100045f4:	4909      	ldr	r1, [pc, #36]	; (1000461c <low_priority_worker_irq+0xc0>)
100045f6:	0020      	movs	r0, r4
100045f8:	9100      	str	r1, [sp, #0]
100045fa:	f7fc fcc9 	bl	10000f90 <alarm_pool_add_alarm_at>
100045fe:	e7d1      	b.n	100045a4 <low_priority_worker_irq+0x48>
10004600:	2201      	movs	r2, #1
10004602:	4b07      	ldr	r3, [pc, #28]	; (10004620 <low_priority_worker_irq+0xc4>)
10004604:	4252      	negs	r2, r2
10004606:	e7f1      	b.n	100045ec <low_priority_worker_irq+0x90>
10004608:	2000211c 	.word	0x2000211c
1000460c:	200020f4 	.word	0x200020f4
10004610:	2000213c 	.word	0x2000213c
10004614:	20001c70 	.word	0x20001c70
10004618:	20001c74 	.word	0x20001c74
1000461c:	10004319 	.word	0x10004319
10004620:	7fffffff 	.word	0x7fffffff

10004624 <stdio_usb_init>:
10004624:	23d0      	movs	r3, #208	; 0xd0
10004626:	b510      	push	{r4, lr}
10004628:	061b      	lsls	r3, r3, #24
1000462a:	b084      	sub	sp, #16
1000462c:	681c      	ldr	r4, [r3, #0]
1000462e:	f7fc fcab 	bl	10000f88 <alarm_pool_get_default>
10004632:	f7fc fda7 	bl	10001184 <alarm_pool_core_num>
10004636:	42a0      	cmp	r0, r4
10004638:	d002      	beq.n	10004640 <stdio_usb_init+0x1c>
1000463a:	2000      	movs	r0, #0
1000463c:	b004      	add	sp, #16
1000463e:	bd10      	pop	{r4, pc}
10004640:	4b28      	ldr	r3, [pc, #160]	; (100046e4 <stdio_usb_init+0xc0>)
10004642:	781b      	ldrb	r3, [r3, #0]
10004644:	f001 fd98 	bl	10006178 <tusb_init>
10004648:	4827      	ldr	r0, [pc, #156]	; (100046e8 <stdio_usb_init+0xc4>)
1000464a:	6803      	ldr	r3, [r0, #0]
1000464c:	2b00      	cmp	r3, #0
1000464e:	d041      	beq.n	100046d4 <stdio_usb_init+0xb0>
10004650:	2001      	movs	r0, #1
10004652:	f7fc fa31 	bl	10000ab8 <user_irq_claim_unused>
10004656:	23ff      	movs	r3, #255	; 0xff
10004658:	4c24      	ldr	r4, [pc, #144]	; (100046ec <stdio_usb_init+0xc8>)
1000465a:	4925      	ldr	r1, [pc, #148]	; (100046f0 <stdio_usb_init+0xcc>)
1000465c:	7020      	strb	r0, [r4, #0]
1000465e:	4018      	ands	r0, r3
10004660:	f7fc f8b2 	bl	100007c8 <irq_set_exclusive_handler>
10004664:	7820      	ldrb	r0, [r4, #0]
10004666:	2101      	movs	r1, #1
10004668:	f7fc f872 	bl	10000750 <irq_set_enabled>
1000466c:	2005      	movs	r0, #5
1000466e:	f7fc f895 	bl	1000079c <irq_has_shared_handler>
10004672:	2800      	cmp	r0, #0
10004674:	d121      	bne.n	100046ba <stdio_usb_init+0x96>
10004676:	2208      	movs	r2, #8
10004678:	2100      	movs	r1, #0
1000467a:	481e      	ldr	r0, [pc, #120]	; (100046f4 <stdio_usb_init+0xd0>)
1000467c:	f7fe f89e 	bl	100027bc <__wrap_memset>
10004680:	f7fc fc82 	bl	10000f88 <alarm_pool_get_default>
10004684:	0004      	movs	r4, r0
10004686:	f7fc fea1 	bl	100013cc <time_us_64>
1000468a:	22fa      	movs	r2, #250	; 0xfa
1000468c:	2300      	movs	r3, #0
1000468e:	0092      	lsls	r2, r2, #2
10004690:	1812      	adds	r2, r2, r0
10004692:	414b      	adcs	r3, r1
10004694:	2b00      	cmp	r3, #0
10004696:	db20      	blt.n	100046da <stdio_usb_init+0xb6>
10004698:	2101      	movs	r1, #1
1000469a:	9102      	str	r1, [sp, #8]
1000469c:	2100      	movs	r1, #0
1000469e:	9101      	str	r1, [sp, #4]
100046a0:	4915      	ldr	r1, [pc, #84]	; (100046f8 <stdio_usb_init+0xd4>)
100046a2:	0020      	movs	r0, r4
100046a4:	9100      	str	r1, [sp, #0]
100046a6:	f7fc fc73 	bl	10000f90 <alarm_pool_add_alarm_at>
100046aa:	2800      	cmp	r0, #0
100046ac:	dbc5      	blt.n	1000463a <stdio_usb_init+0x16>
100046ae:	4813      	ldr	r0, [pc, #76]	; (100046fc <stdio_usb_init+0xd8>)
100046b0:	2101      	movs	r1, #1
100046b2:	f7ff fca1 	bl	10003ff8 <stdio_set_driver_enabled>
100046b6:	2001      	movs	r0, #1
100046b8:	e7c0      	b.n	1000463c <stdio_usb_init+0x18>
100046ba:	2001      	movs	r0, #1
100046bc:	f7fc f818 	bl	100006f0 <spin_lock_claim_unused>
100046c0:	0001      	movs	r1, r0
100046c2:	480c      	ldr	r0, [pc, #48]	; (100046f4 <stdio_usb_init+0xd0>)
100046c4:	f7fc fa5e 	bl	10000b84 <critical_section_init_with_lock_num>
100046c8:	2200      	movs	r2, #0
100046ca:	2005      	movs	r0, #5
100046cc:	490c      	ldr	r1, [pc, #48]	; (10004700 <stdio_usb_init+0xdc>)
100046ce:	f7fc f8a5 	bl	1000081c <irq_add_shared_handler>
100046d2:	e7ec      	b.n	100046ae <stdio_usb_init+0x8a>
100046d4:	f7fc fa38 	bl	10000b48 <mutex_init>
100046d8:	e7ba      	b.n	10004650 <stdio_usb_init+0x2c>
100046da:	2201      	movs	r2, #1
100046dc:	4b09      	ldr	r3, [pc, #36]	; (10004704 <stdio_usb_init+0xe0>)
100046de:	4252      	negs	r2, r2
100046e0:	e7da      	b.n	10004698 <stdio_usb_init+0x74>
100046e2:	46c0      	nop			; (mov r8, r8)
100046e4:	10007288 	.word	0x10007288
100046e8:	2000211c 	.word	0x2000211c
100046ec:	2000213b 	.word	0x2000213b
100046f0:	1000455d 	.word	0x1000455d
100046f4:	200020f4 	.word	0x200020f4
100046f8:	10004319 	.word	0x10004319
100046fc:	20001080 	.word	0x20001080
10004700:	10004309 	.word	0x10004309
10004704:	7fffffff 	.word	0x7fffffff

10004708 <tud_descriptor_device_cb>:
10004708:	4800      	ldr	r0, [pc, #0]	; (1000470c <tud_descriptor_device_cb+0x4>)
1000470a:	4770      	bx	lr
1000470c:	10007100 	.word	0x10007100

10004710 <tud_descriptor_configuration_cb>:
10004710:	4800      	ldr	r0, [pc, #0]	; (10004714 <tud_descriptor_configuration_cb+0x4>)
10004712:	4770      	bx	lr
10004714:	100070ac 	.word	0x100070ac

10004718 <tud_descriptor_string_cb>:
10004718:	b570      	push	{r4, r5, r6, lr}
1000471a:	0004      	movs	r4, r0
1000471c:	4817      	ldr	r0, [pc, #92]	; (1000477c <tud_descriptor_string_cb+0x64>)
1000471e:	7803      	ldrb	r3, [r0, #0]
10004720:	2b00      	cmp	r3, #0
10004722:	d021      	beq.n	10004768 <tud_descriptor_string_cb+0x50>
10004724:	2c00      	cmp	r4, #0
10004726:	d106      	bne.n	10004736 <tud_descriptor_string_cb+0x1e>
10004728:	24c1      	movs	r4, #193	; 0xc1
1000472a:	4815      	ldr	r0, [pc, #84]	; (10004780 <tud_descriptor_string_cb+0x68>)
1000472c:	4b15      	ldr	r3, [pc, #84]	; (10004784 <tud_descriptor_string_cb+0x6c>)
1000472e:	00a4      	lsls	r4, r4, #2
10004730:	8043      	strh	r3, [r0, #2]
10004732:	8004      	strh	r4, [r0, #0]
10004734:	bd70      	pop	{r4, r5, r6, pc}
10004736:	2c05      	cmp	r4, #5
10004738:	d81d      	bhi.n	10004776 <tud_descriptor_string_cb+0x5e>
1000473a:	4b13      	ldr	r3, [pc, #76]	; (10004788 <tud_descriptor_string_cb+0x70>)
1000473c:	4810      	ldr	r0, [pc, #64]	; (10004780 <tud_descriptor_string_cb+0x68>)
1000473e:	00a4      	lsls	r4, r4, #2
10004740:	58e5      	ldr	r5, [r4, r3]
10004742:	1c81      	adds	r1, r0, #2
10004744:	2300      	movs	r3, #0
10004746:	e004      	b.n	10004752 <tud_descriptor_string_cb+0x3a>
10004748:	3301      	adds	r3, #1
1000474a:	800a      	strh	r2, [r1, #0]
1000474c:	3102      	adds	r1, #2
1000474e:	2b13      	cmp	r3, #19
10004750:	d00e      	beq.n	10004770 <tud_descriptor_string_cb+0x58>
10004752:	5cea      	ldrb	r2, [r5, r3]
10004754:	b2dc      	uxtb	r4, r3
10004756:	2a00      	cmp	r2, #0
10004758:	d1f6      	bne.n	10004748 <tud_descriptor_string_cb+0x30>
1000475a:	23c0      	movs	r3, #192	; 0xc0
1000475c:	3401      	adds	r4, #1
1000475e:	b2e4      	uxtb	r4, r4
10004760:	0064      	lsls	r4, r4, #1
10004762:	009b      	lsls	r3, r3, #2
10004764:	431c      	orrs	r4, r3
10004766:	e7e4      	b.n	10004732 <tud_descriptor_string_cb+0x1a>
10004768:	2111      	movs	r1, #17
1000476a:	f000 f817 	bl	1000479c <pico_get_unique_board_id_string>
1000476e:	e7d9      	b.n	10004724 <tud_descriptor_string_cb+0xc>
10004770:	24ca      	movs	r4, #202	; 0xca
10004772:	00a4      	lsls	r4, r4, #2
10004774:	e7dd      	b.n	10004732 <tud_descriptor_string_cb+0x1a>
10004776:	2000      	movs	r0, #0
10004778:	e7dc      	b.n	10004734 <tud_descriptor_string_cb+0x1c>
1000477a:	46c0      	nop			; (mov r8, r8)
1000477c:	20002124 	.word	0x20002124
10004780:	20001ca8 	.word	0x20001ca8
10004784:	00000409 	.word	0x00000409
10004788:	10007114 	.word	0x10007114

1000478c <_retrieve_unique_id_on_boot>:
1000478c:	b510      	push	{r4, lr}
1000478e:	4802      	ldr	r0, [pc, #8]	; (10004798 <_retrieve_unique_id_on_boot+0xc>)
10004790:	f000 f8d8 	bl	10004944 <flash_get_unique_id>
10004794:	bd10      	pop	{r4, pc}
10004796:	46c0      	nop			; (mov r8, r8)
10004798:	2000210c 	.word	0x2000210c

1000479c <pico_get_unique_board_id_string>:
1000479c:	b530      	push	{r4, r5, lr}
1000479e:	1e4b      	subs	r3, r1, #1
100047a0:	2901      	cmp	r1, #1
100047a2:	d100      	bne.n	100047a6 <pico_get_unique_board_id_string+0xa>
100047a4:	e0a7      	b.n	100048f6 <pico_get_unique_board_id_string+0x15a>
100047a6:	4a66      	ldr	r2, [pc, #408]	; (10004940 <pico_get_unique_board_id_string+0x1a4>)
100047a8:	7811      	ldrb	r1, [r2, #0]
100047aa:	110d      	asrs	r5, r1, #4
100047ac:	002c      	movs	r4, r5
100047ae:	3430      	adds	r4, #48	; 0x30
100047b0:	299f      	cmp	r1, #159	; 0x9f
100047b2:	d900      	bls.n	100047b6 <pico_get_unique_board_id_string+0x1a>
100047b4:	e0a2      	b.n	100048fc <pico_get_unique_board_id_string+0x160>
100047b6:	7004      	strb	r4, [r0, #0]
100047b8:	2b01      	cmp	r3, #1
100047ba:	d100      	bne.n	100047be <pico_get_unique_board_id_string+0x22>
100047bc:	e0be      	b.n	1000493c <pico_get_unique_board_id_string+0x1a0>
100047be:	210f      	movs	r1, #15
100047c0:	7814      	ldrb	r4, [r2, #0]
100047c2:	4021      	ands	r1, r4
100047c4:	000c      	movs	r4, r1
100047c6:	3430      	adds	r4, #48	; 0x30
100047c8:	2909      	cmp	r1, #9
100047ca:	dd00      	ble.n	100047ce <pico_get_unique_board_id_string+0x32>
100047cc:	e098      	b.n	10004900 <pico_get_unique_board_id_string+0x164>
100047ce:	7044      	strb	r4, [r0, #1]
100047d0:	2b02      	cmp	r3, #2
100047d2:	d100      	bne.n	100047d6 <pico_get_unique_board_id_string+0x3a>
100047d4:	e0b2      	b.n	1000493c <pico_get_unique_board_id_string+0x1a0>
100047d6:	7854      	ldrb	r4, [r2, #1]
100047d8:	1125      	asrs	r5, r4, #4
100047da:	0029      	movs	r1, r5
100047dc:	3130      	adds	r1, #48	; 0x30
100047de:	2c9f      	cmp	r4, #159	; 0x9f
100047e0:	d900      	bls.n	100047e4 <pico_get_unique_board_id_string+0x48>
100047e2:	e090      	b.n	10004906 <pico_get_unique_board_id_string+0x16a>
100047e4:	7081      	strb	r1, [r0, #2]
100047e6:	2b03      	cmp	r3, #3
100047e8:	d100      	bne.n	100047ec <pico_get_unique_board_id_string+0x50>
100047ea:	e0a7      	b.n	1000493c <pico_get_unique_board_id_string+0x1a0>
100047ec:	210f      	movs	r1, #15
100047ee:	4021      	ands	r1, r4
100047f0:	000c      	movs	r4, r1
100047f2:	3430      	adds	r4, #48	; 0x30
100047f4:	2909      	cmp	r1, #9
100047f6:	dd00      	ble.n	100047fa <pico_get_unique_board_id_string+0x5e>
100047f8:	e087      	b.n	1000490a <pico_get_unique_board_id_string+0x16e>
100047fa:	70c4      	strb	r4, [r0, #3]
100047fc:	2b04      	cmp	r3, #4
100047fe:	d100      	bne.n	10004802 <pico_get_unique_board_id_string+0x66>
10004800:	e09c      	b.n	1000493c <pico_get_unique_board_id_string+0x1a0>
10004802:	7894      	ldrb	r4, [r2, #2]
10004804:	1125      	asrs	r5, r4, #4
10004806:	0029      	movs	r1, r5
10004808:	3130      	adds	r1, #48	; 0x30
1000480a:	2c9f      	cmp	r4, #159	; 0x9f
1000480c:	d900      	bls.n	10004810 <pico_get_unique_board_id_string+0x74>
1000480e:	e07f      	b.n	10004910 <pico_get_unique_board_id_string+0x174>
10004810:	7101      	strb	r1, [r0, #4]
10004812:	2b05      	cmp	r3, #5
10004814:	d100      	bne.n	10004818 <pico_get_unique_board_id_string+0x7c>
10004816:	e091      	b.n	1000493c <pico_get_unique_board_id_string+0x1a0>
10004818:	210f      	movs	r1, #15
1000481a:	4021      	ands	r1, r4
1000481c:	000c      	movs	r4, r1
1000481e:	3430      	adds	r4, #48	; 0x30
10004820:	2909      	cmp	r1, #9
10004822:	dd00      	ble.n	10004826 <pico_get_unique_board_id_string+0x8a>
10004824:	e076      	b.n	10004914 <pico_get_unique_board_id_string+0x178>
10004826:	7144      	strb	r4, [r0, #5]
10004828:	2b06      	cmp	r3, #6
1000482a:	d100      	bne.n	1000482e <pico_get_unique_board_id_string+0x92>
1000482c:	e086      	b.n	1000493c <pico_get_unique_board_id_string+0x1a0>
1000482e:	78d4      	ldrb	r4, [r2, #3]
10004830:	1125      	asrs	r5, r4, #4
10004832:	0029      	movs	r1, r5
10004834:	3130      	adds	r1, #48	; 0x30
10004836:	2c9f      	cmp	r4, #159	; 0x9f
10004838:	d900      	bls.n	1000483c <pico_get_unique_board_id_string+0xa0>
1000483a:	e06e      	b.n	1000491a <pico_get_unique_board_id_string+0x17e>
1000483c:	7181      	strb	r1, [r0, #6]
1000483e:	2b07      	cmp	r3, #7
10004840:	d100      	bne.n	10004844 <pico_get_unique_board_id_string+0xa8>
10004842:	e07b      	b.n	1000493c <pico_get_unique_board_id_string+0x1a0>
10004844:	210f      	movs	r1, #15
10004846:	4021      	ands	r1, r4
10004848:	000c      	movs	r4, r1
1000484a:	3430      	adds	r4, #48	; 0x30
1000484c:	2909      	cmp	r1, #9
1000484e:	dc66      	bgt.n	1000491e <pico_get_unique_board_id_string+0x182>
10004850:	71c4      	strb	r4, [r0, #7]
10004852:	2b08      	cmp	r3, #8
10004854:	d100      	bne.n	10004858 <pico_get_unique_board_id_string+0xbc>
10004856:	e071      	b.n	1000493c <pico_get_unique_board_id_string+0x1a0>
10004858:	7914      	ldrb	r4, [r2, #4]
1000485a:	1125      	asrs	r5, r4, #4
1000485c:	0029      	movs	r1, r5
1000485e:	3130      	adds	r1, #48	; 0x30
10004860:	2c9f      	cmp	r4, #159	; 0x9f
10004862:	d85f      	bhi.n	10004924 <pico_get_unique_board_id_string+0x188>
10004864:	7201      	strb	r1, [r0, #8]
10004866:	2b09      	cmp	r3, #9
10004868:	d068      	beq.n	1000493c <pico_get_unique_board_id_string+0x1a0>
1000486a:	210f      	movs	r1, #15
1000486c:	4021      	ands	r1, r4
1000486e:	000c      	movs	r4, r1
10004870:	3430      	adds	r4, #48	; 0x30
10004872:	2909      	cmp	r1, #9
10004874:	dc58      	bgt.n	10004928 <pico_get_unique_board_id_string+0x18c>
10004876:	7244      	strb	r4, [r0, #9]
10004878:	2b0a      	cmp	r3, #10
1000487a:	d05f      	beq.n	1000493c <pico_get_unique_board_id_string+0x1a0>
1000487c:	7954      	ldrb	r4, [r2, #5]
1000487e:	1125      	asrs	r5, r4, #4
10004880:	0029      	movs	r1, r5
10004882:	3130      	adds	r1, #48	; 0x30
10004884:	2c9f      	cmp	r4, #159	; 0x9f
10004886:	d852      	bhi.n	1000492e <pico_get_unique_board_id_string+0x192>
10004888:	7281      	strb	r1, [r0, #10]
1000488a:	2b0b      	cmp	r3, #11
1000488c:	d056      	beq.n	1000493c <pico_get_unique_board_id_string+0x1a0>
1000488e:	210f      	movs	r1, #15
10004890:	4021      	ands	r1, r4
10004892:	000c      	movs	r4, r1
10004894:	3430      	adds	r4, #48	; 0x30
10004896:	2909      	cmp	r1, #9
10004898:	dc4b      	bgt.n	10004932 <pico_get_unique_board_id_string+0x196>
1000489a:	72c4      	strb	r4, [r0, #11]
1000489c:	2b0c      	cmp	r3, #12
1000489e:	d04d      	beq.n	1000493c <pico_get_unique_board_id_string+0x1a0>
100048a0:	7994      	ldrb	r4, [r2, #6]
100048a2:	1125      	asrs	r5, r4, #4
100048a4:	0029      	movs	r1, r5
100048a6:	3130      	adds	r1, #48	; 0x30
100048a8:	2c9f      	cmp	r4, #159	; 0x9f
100048aa:	d900      	bls.n	100048ae <pico_get_unique_board_id_string+0x112>
100048ac:	3107      	adds	r1, #7
100048ae:	7301      	strb	r1, [r0, #12]
100048b0:	2b0d      	cmp	r3, #13
100048b2:	d043      	beq.n	1000493c <pico_get_unique_board_id_string+0x1a0>
100048b4:	210f      	movs	r1, #15
100048b6:	4021      	ands	r1, r4
100048b8:	000c      	movs	r4, r1
100048ba:	3430      	adds	r4, #48	; 0x30
100048bc:	2909      	cmp	r1, #9
100048be:	dd01      	ble.n	100048c4 <pico_get_unique_board_id_string+0x128>
100048c0:	3137      	adds	r1, #55	; 0x37
100048c2:	000c      	movs	r4, r1
100048c4:	7344      	strb	r4, [r0, #13]
100048c6:	2b0e      	cmp	r3, #14
100048c8:	d038      	beq.n	1000493c <pico_get_unique_board_id_string+0x1a0>
100048ca:	79d1      	ldrb	r1, [r2, #7]
100048cc:	110c      	asrs	r4, r1, #4
100048ce:	0022      	movs	r2, r4
100048d0:	3230      	adds	r2, #48	; 0x30
100048d2:	299f      	cmp	r1, #159	; 0x9f
100048d4:	d900      	bls.n	100048d8 <pico_get_unique_board_id_string+0x13c>
100048d6:	3207      	adds	r2, #7
100048d8:	7382      	strb	r2, [r0, #14]
100048da:	2b0f      	cmp	r3, #15
100048dc:	d02e      	beq.n	1000493c <pico_get_unique_board_id_string+0x1a0>
100048de:	220f      	movs	r2, #15
100048e0:	400a      	ands	r2, r1
100048e2:	0011      	movs	r1, r2
100048e4:	3137      	adds	r1, #55	; 0x37
100048e6:	2a09      	cmp	r2, #9
100048e8:	dc01      	bgt.n	100048ee <pico_get_unique_board_id_string+0x152>
100048ea:	3230      	adds	r2, #48	; 0x30
100048ec:	0011      	movs	r1, r2
100048ee:	73c1      	strb	r1, [r0, #15]
100048f0:	2b10      	cmp	r3, #16
100048f2:	d023      	beq.n	1000493c <pico_get_unique_board_id_string+0x1a0>
100048f4:	3010      	adds	r0, #16
100048f6:	2300      	movs	r3, #0
100048f8:	7003      	strb	r3, [r0, #0]
100048fa:	bd30      	pop	{r4, r5, pc}
100048fc:	3407      	adds	r4, #7
100048fe:	e75a      	b.n	100047b6 <pico_get_unique_board_id_string+0x1a>
10004900:	3137      	adds	r1, #55	; 0x37
10004902:	000c      	movs	r4, r1
10004904:	e763      	b.n	100047ce <pico_get_unique_board_id_string+0x32>
10004906:	3107      	adds	r1, #7
10004908:	e76c      	b.n	100047e4 <pico_get_unique_board_id_string+0x48>
1000490a:	3137      	adds	r1, #55	; 0x37
1000490c:	000c      	movs	r4, r1
1000490e:	e774      	b.n	100047fa <pico_get_unique_board_id_string+0x5e>
10004910:	3107      	adds	r1, #7
10004912:	e77d      	b.n	10004810 <pico_get_unique_board_id_string+0x74>
10004914:	3137      	adds	r1, #55	; 0x37
10004916:	000c      	movs	r4, r1
10004918:	e785      	b.n	10004826 <pico_get_unique_board_id_string+0x8a>
1000491a:	3107      	adds	r1, #7
1000491c:	e78e      	b.n	1000483c <pico_get_unique_board_id_string+0xa0>
1000491e:	3137      	adds	r1, #55	; 0x37
10004920:	000c      	movs	r4, r1
10004922:	e795      	b.n	10004850 <pico_get_unique_board_id_string+0xb4>
10004924:	3107      	adds	r1, #7
10004926:	e79d      	b.n	10004864 <pico_get_unique_board_id_string+0xc8>
10004928:	3137      	adds	r1, #55	; 0x37
1000492a:	000c      	movs	r4, r1
1000492c:	e7a3      	b.n	10004876 <pico_get_unique_board_id_string+0xda>
1000492e:	3107      	adds	r1, #7
10004930:	e7aa      	b.n	10004888 <pico_get_unique_board_id_string+0xec>
10004932:	3137      	adds	r1, #55	; 0x37
10004934:	000c      	movs	r4, r1
10004936:	72c4      	strb	r4, [r0, #11]
10004938:	2b0c      	cmp	r3, #12
1000493a:	d1b1      	bne.n	100048a0 <pico_get_unique_board_id_string+0x104>
1000493c:	18c0      	adds	r0, r0, r3
1000493e:	e7da      	b.n	100048f6 <pico_get_unique_board_id_string+0x15a>
10004940:	2000210c 	.word	0x2000210c

10004944 <flash_get_unique_id>:
10004944:	b530      	push	{r4, r5, lr}
10004946:	2500      	movs	r5, #0
10004948:	b089      	sub	sp, #36	; 0x24
1000494a:	0004      	movs	r4, r0
1000494c:	2209      	movs	r2, #9
1000494e:	2100      	movs	r1, #0
10004950:	a801      	add	r0, sp, #4
10004952:	9500      	str	r5, [sp, #0]
10004954:	f7fd ff32 	bl	100027bc <__wrap_memset>
10004958:	2209      	movs	r2, #9
1000495a:	2100      	movs	r1, #0
1000495c:	a805      	add	r0, sp, #20
1000495e:	9504      	str	r5, [sp, #16]
10004960:	f7fd ff2c 	bl	100027bc <__wrap_memset>
10004964:	234b      	movs	r3, #75	; 0x4b
10004966:	466a      	mov	r2, sp
10004968:	4668      	mov	r0, sp
1000496a:	7013      	strb	r3, [r2, #0]
1000496c:	a904      	add	r1, sp, #16
1000496e:	220d      	movs	r2, #13
10004970:	f002 f892 	bl	10006a98 <__flash_do_cmd_veneer>
10004974:	2115      	movs	r1, #21
10004976:	2208      	movs	r2, #8
10004978:	0020      	movs	r0, r4
1000497a:	4469      	add	r1, sp
1000497c:	f7fd ff24 	bl	100027c8 <__wrap___aeabi_memcpy>
10004980:	b009      	add	sp, #36	; 0x24
10004982:	bd30      	pop	{r4, r5, pc}

10004984 <dcd_init>:
10004984:	b5f8      	push	{r3, r4, r5, r6, r7, lr}
10004986:	f000 f93d 	bl	10004c04 <rp2040_usb_init>
1000498a:	230c      	movs	r3, #12
1000498c:	4d18      	ldr	r5, [pc, #96]	; (100049f0 <dcd_init+0x6c>)
1000498e:	22ff      	movs	r2, #255	; 0xff
10004990:	67ab      	str	r3, [r5, #120]	; 0x78
10004992:	2005      	movs	r0, #5
10004994:	4917      	ldr	r1, [pc, #92]	; (100049f4 <dcd_init+0x70>)
10004996:	f7fb ff41 	bl	1000081c <irq_add_shared_handler>
1000499a:	4c17      	ldr	r4, [pc, #92]	; (100049f8 <dcd_init+0x74>)
1000499c:	2240      	movs	r2, #64	; 0x40
1000499e:	2100      	movs	r1, #0
100049a0:	0020      	movs	r0, r4
100049a2:	f7fd ff0b 	bl	100027bc <__wrap_memset>
100049a6:	2740      	movs	r7, #64	; 0x40
100049a8:	2300      	movs	r3, #0
100049aa:	2601      	movs	r6, #1
100049ac:	2121      	movs	r1, #33	; 0x21
100049ae:	4a13      	ldr	r2, [pc, #76]	; (100049fc <dcd_init+0x78>)
100049b0:	7066      	strb	r6, [r4, #1]
100049b2:	8327      	strh	r7, [r4, #24]
100049b4:	60a2      	str	r2, [r4, #8]
100049b6:	6013      	str	r3, [r2, #0]
100049b8:	5463      	strb	r3, [r4, r1]
100049ba:	315f      	adds	r1, #95	; 0x5f
100049bc:	8461      	strh	r1, [r4, #34]	; 0x22
100049be:	3945      	subs	r1, #69	; 0x45
100049c0:	5463      	strb	r3, [r4, r1]
100049c2:	4a0f      	ldr	r2, [pc, #60]	; (10004a00 <dcd_init+0x7c>)
100049c4:	490f      	ldr	r1, [pc, #60]	; (10004a04 <dcd_init+0x80>)
100049c6:	6063      	str	r3, [r4, #4]
100049c8:	60e2      	str	r2, [r4, #12]
100049ca:	8727      	strh	r7, [r4, #56]	; 0x38
100049cc:	62a1      	str	r1, [r4, #40]	; 0x28
100049ce:	600b      	str	r3, [r1, #0]
100049d0:	6263      	str	r3, [r4, #36]	; 0x24
100049d2:	62e2      	str	r2, [r4, #44]	; 0x2c
100049d4:	f002 f858 	bl	10006a88 <__reset_non_control_endpoints_veneer>
100049d8:	2380      	movs	r3, #128	; 0x80
100049da:	059b      	lsls	r3, r3, #22
100049dc:	642e      	str	r6, [r5, #64]	; 0x40
100049de:	64eb      	str	r3, [r5, #76]	; 0x4c
100049e0:	2390      	movs	r3, #144	; 0x90
100049e2:	4a09      	ldr	r2, [pc, #36]	; (10004a08 <dcd_init+0x84>)
100049e4:	50ea      	str	r2, [r5, r3]
100049e6:	2280      	movs	r2, #128	; 0x80
100049e8:	4b08      	ldr	r3, [pc, #32]	; (10004a0c <dcd_init+0x88>)
100049ea:	0252      	lsls	r2, r2, #9
100049ec:	64da      	str	r2, [r3, #76]	; 0x4c
100049ee:	bdf8      	pop	{r3, r4, r5, r6, r7, pc}
100049f0:	50110000 	.word	0x50110000
100049f4:	200004f9 	.word	0x200004f9
100049f8:	20001cdc 	.word	0x20001cdc
100049fc:	50100084 	.word	0x50100084
10004a00:	50100100 	.word	0x50100100
10004a04:	50100080 	.word	0x50100080
10004a08:	0001d010 	.word	0x0001d010
10004a0c:	50112000 	.word	0x50112000

10004a10 <dcd_int_enable>:
10004a10:	b510      	push	{r4, lr}
10004a12:	2101      	movs	r1, #1
10004a14:	2005      	movs	r0, #5
10004a16:	f7fb fe9b 	bl	10000750 <irq_set_enabled>
10004a1a:	bd10      	pop	{r4, pc}

10004a1c <dcd_set_address>:
10004a1c:	b510      	push	{r4, lr}
10004a1e:	2200      	movs	r2, #0
10004a20:	2100      	movs	r1, #0
10004a22:	4802      	ldr	r0, [pc, #8]	; (10004a2c <dcd_set_address+0x10>)
10004a24:	f000 f90e 	bl	10004c44 <hw_endpoint_xfer_start>
10004a28:	bd10      	pop	{r4, pc}
10004a2a:	46c0      	nop			; (mov r8, r8)
10004a2c:	20001cfc 	.word	0x20001cfc

10004a30 <dcd_sof_enable>:
10004a30:	4b04      	ldr	r3, [pc, #16]	; (10004a44 <dcd_sof_enable+0x14>)
10004a32:	7019      	strb	r1, [r3, #0]
10004a34:	2900      	cmp	r1, #0
10004a36:	d004      	beq.n	10004a42 <dcd_sof_enable+0x12>
10004a38:	2180      	movs	r1, #128	; 0x80
10004a3a:	2390      	movs	r3, #144	; 0x90
10004a3c:	4a02      	ldr	r2, [pc, #8]	; (10004a48 <dcd_sof_enable+0x18>)
10004a3e:	0289      	lsls	r1, r1, #10
10004a40:	50d1      	str	r1, [r2, r3]
10004a42:	4770      	bx	lr
10004a44:	20002136 	.word	0x20002136
10004a48:	50112000 	.word	0x50112000

10004a4c <dcd_edpt0_status_complete>:
10004a4c:	780b      	ldrb	r3, [r1, #0]
10004a4e:	065b      	lsls	r3, r3, #25
10004a50:	d102      	bne.n	10004a58 <dcd_edpt0_status_complete+0xc>
10004a52:	784b      	ldrb	r3, [r1, #1]
10004a54:	2b05      	cmp	r3, #5
10004a56:	d000      	beq.n	10004a5a <dcd_edpt0_status_complete+0xe>
10004a58:	4770      	bx	lr
10004a5a:	788a      	ldrb	r2, [r1, #2]
10004a5c:	4b01      	ldr	r3, [pc, #4]	; (10004a64 <dcd_edpt0_status_complete+0x18>)
10004a5e:	601a      	str	r2, [r3, #0]
10004a60:	e7fa      	b.n	10004a58 <dcd_edpt0_status_complete+0xc>
10004a62:	46c0      	nop			; (mov r8, r8)
10004a64:	50110000 	.word	0x50110000

10004a68 <dcd_edpt_open>:
10004a68:	b5f0      	push	{r4, r5, r6, r7, lr}
10004a6a:	46c6      	mov	lr, r8
10004a6c:	b500      	push	{lr}
10004a6e:	794b      	ldrb	r3, [r1, #5]
10004a70:	790c      	ldrb	r4, [r1, #4]
10004a72:	021b      	lsls	r3, r3, #8
10004a74:	7888      	ldrb	r0, [r1, #2]
10004a76:	4323      	orrs	r3, r4
10004a78:	78cc      	ldrb	r4, [r1, #3]
10004a7a:	217f      	movs	r1, #127	; 0x7f
10004a7c:	07a4      	lsls	r4, r4, #30
10004a7e:	4001      	ands	r1, r0
10004a80:	09c5      	lsrs	r5, r0, #7
10004a82:	0fa2      	lsrs	r2, r4, #30
10004a84:	004f      	lsls	r7, r1, #1
10004a86:	0014      	movs	r4, r2
10004a88:	4e32      	ldr	r6, [pc, #200]	; (10004b54 <dcd_edpt_open+0xec>)
10004a8a:	197a      	adds	r2, r7, r5
10004a8c:	0152      	lsls	r2, r2, #5
10004a8e:	18b2      	adds	r2, r6, r2
10004a90:	7090      	strb	r0, [r2, #2]
10004a92:	2001      	movs	r0, #1
10004a94:	4068      	eors	r0, r5
10004a96:	7050      	strb	r0, [r2, #1]
10004a98:	2000      	movs	r0, #0
10004a9a:	055b      	lsls	r3, r3, #21
10004a9c:	0d5b      	lsrs	r3, r3, #21
10004a9e:	70d0      	strb	r0, [r2, #3]
10004aa0:	8313      	strh	r3, [r2, #24]
10004aa2:	76d4      	strb	r4, [r2, #27]
10004aa4:	4680      	mov	r8, r0
10004aa6:	00ca      	lsls	r2, r1, #3
10004aa8:	2d01      	cmp	r5, #1
10004aaa:	d033      	beq.n	10004b14 <dcd_edpt_open+0xac>
10004aac:	482a      	ldr	r0, [pc, #168]	; (10004b58 <dcd_edpt_open+0xf0>)
10004aae:	4684      	mov	ip, r0
10004ab0:	0188      	lsls	r0, r1, #6
10004ab2:	4462      	add	r2, ip
10004ab4:	4684      	mov	ip, r0
10004ab6:	44b4      	add	ip, r6
10004ab8:	4660      	mov	r0, ip
10004aba:	6082      	str	r2, [r0, #8]
10004abc:	4640      	mov	r0, r8
10004abe:	6010      	str	r0, [r2, #0]
10004ac0:	2900      	cmp	r1, #0
10004ac2:	d033      	beq.n	10004b2c <dcd_edpt_open+0xc4>
10004ac4:	4a25      	ldr	r2, [pc, #148]	; (10004b5c <dcd_edpt_open+0xf4>)
10004ac6:	00c9      	lsls	r1, r1, #3
10004ac8:	4690      	mov	r8, r2
10004aca:	4662      	mov	r2, ip
10004acc:	4441      	add	r1, r8
10004ace:	6051      	str	r1, [r2, #4]
10004ad0:	223f      	movs	r2, #63	; 0x3f
10004ad2:	333f      	adds	r3, #63	; 0x3f
10004ad4:	4393      	bics	r3, r2
10004ad6:	2c02      	cmp	r4, #2
10004ad8:	d100      	bne.n	10004adc <dcd_edpt_open+0x74>
10004ada:	005b      	lsls	r3, r3, #1
10004adc:	4820      	ldr	r0, [pc, #128]	; (10004b60 <dcd_edpt_open+0xf8>)
10004ade:	197a      	adds	r2, r7, r5
10004ae0:	6801      	ldr	r1, [r0, #0]
10004ae2:	0152      	lsls	r2, r2, #5
10004ae4:	18b2      	adds	r2, r6, r2
10004ae6:	60d1      	str	r1, [r2, #12]
10004ae8:	4a1e      	ldr	r2, [pc, #120]	; (10004b64 <dcd_edpt_open+0xfc>)
10004aea:	18cb      	adds	r3, r1, r3
10004aec:	6003      	str	r3, [r0, #0]
10004aee:	4051      	eors	r1, r2
10004af0:	4053      	eors	r3, r2
10004af2:	2280      	movs	r2, #128	; 0x80
10004af4:	4688      	mov	r8, r1
10004af6:	0152      	lsls	r2, r2, #5
10004af8:	4293      	cmp	r3, r2
10004afa:	d828      	bhi.n	10004b4e <dcd_edpt_open+0xe6>
10004afc:	4643      	mov	r3, r8
10004afe:	06a4      	lsls	r4, r4, #26
10004b00:	431c      	orrs	r4, r3
10004b02:	2380      	movs	r3, #128	; 0x80
10004b04:	197f      	adds	r7, r7, r5
10004b06:	017f      	lsls	r7, r7, #5
10004b08:	061b      	lsls	r3, r3, #24
10004b0a:	19f6      	adds	r6, r6, r7
10004b0c:	431c      	orrs	r4, r3
10004b0e:	6873      	ldr	r3, [r6, #4]
10004b10:	601c      	str	r4, [r3, #0]
10004b12:	e011      	b.n	10004b38 <dcd_edpt_open+0xd0>
10004b14:	4814      	ldr	r0, [pc, #80]	; (10004b68 <dcd_edpt_open+0x100>)
10004b16:	4684      	mov	ip, r0
10004b18:	0188      	lsls	r0, r1, #6
10004b1a:	4462      	add	r2, ip
10004b1c:	4684      	mov	ip, r0
10004b1e:	44b4      	add	ip, r6
10004b20:	4660      	mov	r0, ip
10004b22:	6282      	str	r2, [r0, #40]	; 0x28
10004b24:	4640      	mov	r0, r8
10004b26:	6010      	str	r0, [r2, #0]
10004b28:	2900      	cmp	r1, #0
10004b2a:	d109      	bne.n	10004b40 <dcd_edpt_open+0xd8>
10004b2c:	2300      	movs	r3, #0
10004b2e:	016d      	lsls	r5, r5, #5
10004b30:	1976      	adds	r6, r6, r5
10004b32:	6073      	str	r3, [r6, #4]
10004b34:	4b0d      	ldr	r3, [pc, #52]	; (10004b6c <dcd_edpt_open+0x104>)
10004b36:	60f3      	str	r3, [r6, #12]
10004b38:	2001      	movs	r0, #1
10004b3a:	bc80      	pop	{r7}
10004b3c:	46b8      	mov	r8, r7
10004b3e:	bdf0      	pop	{r4, r5, r6, r7, pc}
10004b40:	4a08      	ldr	r2, [pc, #32]	; (10004b64 <dcd_edpt_open+0xfc>)
10004b42:	00c9      	lsls	r1, r1, #3
10004b44:	4690      	mov	r8, r2
10004b46:	4662      	mov	r2, ip
10004b48:	4441      	add	r1, r8
10004b4a:	6251      	str	r1, [r2, #36]	; 0x24
10004b4c:	e7c0      	b.n	10004ad0 <dcd_edpt_open+0x68>
10004b4e:	f7fc fe05 	bl	1000175c <hard_assertion_failure>
10004b52:	e7d3      	b.n	10004afc <dcd_edpt_open+0x94>
10004b54:	20001cdc 	.word	0x20001cdc
10004b58:	50100084 	.word	0x50100084
10004b5c:	50100004 	.word	0x50100004
10004b60:	200020f0 	.word	0x200020f0
10004b64:	50100000 	.word	0x50100000
10004b68:	50100080 	.word	0x50100080
10004b6c:	50100100 	.word	0x50100100

10004b70 <dcd_edpt_close_all>:
10004b70:	b510      	push	{r4, lr}
10004b72:	f001 ff89 	bl	10006a88 <__reset_non_control_endpoints_veneer>
10004b76:	bd10      	pop	{r4, pc}

10004b78 <dcd_edpt_xfer>:
10004b78:	b510      	push	{r4, lr}
10004b7a:	207f      	movs	r0, #127	; 0x7f
10004b7c:	000c      	movs	r4, r1
10004b7e:	4020      	ands	r0, r4
10004b80:	0040      	lsls	r0, r0, #1
10004b82:	09e4      	lsrs	r4, r4, #7
10004b84:	0011      	movs	r1, r2
10004b86:	1900      	adds	r0, r0, r4
10004b88:	001a      	movs	r2, r3
10004b8a:	4b03      	ldr	r3, [pc, #12]	; (10004b98 <dcd_edpt_xfer+0x20>)
10004b8c:	0140      	lsls	r0, r0, #5
10004b8e:	18c0      	adds	r0, r0, r3
10004b90:	f000 f858 	bl	10004c44 <hw_endpoint_xfer_start>
10004b94:	2001      	movs	r0, #1
10004b96:	bd10      	pop	{r4, pc}
10004b98:	20001cdc 	.word	0x20001cdc

10004b9c <dcd_edpt_stall>:
10004b9c:	227f      	movs	r2, #127	; 0x7f
10004b9e:	0013      	movs	r3, r2
10004ba0:	b510      	push	{r4, lr}
10004ba2:	400b      	ands	r3, r1
10004ba4:	420a      	tst	r2, r1
10004ba6:	d00b      	beq.n	10004bc0 <dcd_edpt_stall+0x24>
10004ba8:	09c9      	lsrs	r1, r1, #7
10004baa:	2280      	movs	r2, #128	; 0x80
10004bac:	0058      	lsls	r0, r3, #1
10004bae:	1840      	adds	r0, r0, r1
10004bb0:	4906      	ldr	r1, [pc, #24]	; (10004bcc <dcd_edpt_stall+0x30>)
10004bb2:	0140      	lsls	r0, r0, #5
10004bb4:	1840      	adds	r0, r0, r1
10004bb6:	0112      	lsls	r2, r2, #4
10004bb8:	2100      	movs	r1, #0
10004bba:	f001 ffbd 	bl	10006b38 <___hw_endpoint_buffer_control_update32_veneer>
10004bbe:	bd10      	pop	{r4, pc}
10004bc0:	2202      	movs	r2, #2
10004bc2:	4803      	ldr	r0, [pc, #12]	; (10004bd0 <dcd_edpt_stall+0x34>)
10004bc4:	09c9      	lsrs	r1, r1, #7
10004bc6:	1a52      	subs	r2, r2, r1
10004bc8:	6682      	str	r2, [r0, #104]	; 0x68
10004bca:	e7ee      	b.n	10004baa <dcd_edpt_stall+0xe>
10004bcc:	20001cdc 	.word	0x20001cdc
10004bd0:	50112000 	.word	0x50112000

10004bd4 <dcd_edpt_clear_stall>:
10004bd4:	227f      	movs	r2, #127	; 0x7f
10004bd6:	0010      	movs	r0, r2
10004bd8:	b510      	push	{r4, lr}
10004bda:	4008      	ands	r0, r1
10004bdc:	420a      	tst	r2, r1
10004bde:	d100      	bne.n	10004be2 <dcd_edpt_clear_stall+0xe>
10004be0:	bd10      	pop	{r4, pc}
10004be2:	2300      	movs	r3, #0
10004be4:	09c9      	lsrs	r1, r1, #7
10004be6:	0040      	lsls	r0, r0, #1
10004be8:	1840      	adds	r0, r0, r1
10004bea:	4904      	ldr	r1, [pc, #16]	; (10004bfc <dcd_edpt_clear_stall+0x28>)
10004bec:	0140      	lsls	r0, r0, #5
10004bee:	1808      	adds	r0, r1, r0
10004bf0:	2200      	movs	r2, #0
10004bf2:	4903      	ldr	r1, [pc, #12]	; (10004c00 <dcd_edpt_clear_stall+0x2c>)
10004bf4:	70c3      	strb	r3, [r0, #3]
10004bf6:	f001 ff9f 	bl	10006b38 <___hw_endpoint_buffer_control_update32_veneer>
10004bfa:	e7f1      	b.n	10004be0 <dcd_edpt_clear_stall+0xc>
10004bfc:	20001cdc 	.word	0x20001cdc
10004c00:	fffff7ff 	.word	0xfffff7ff

10004c04 <rp2040_usb_init>:
10004c04:	2280      	movs	r2, #128	; 0x80
10004c06:	4b0a      	ldr	r3, [pc, #40]	; (10004c30 <rp2040_usb_init+0x2c>)
10004c08:	0452      	lsls	r2, r2, #17
10004c0a:	b510      	push	{r4, lr}
10004c0c:	601a      	str	r2, [r3, #0]
10004c0e:	4b09      	ldr	r3, [pc, #36]	; (10004c34 <rp2040_usb_init+0x30>)
10004c10:	4909      	ldr	r1, [pc, #36]	; (10004c38 <rp2040_usb_init+0x34>)
10004c12:	601a      	str	r2, [r3, #0]
10004c14:	0010      	movs	r0, r2
10004c16:	680b      	ldr	r3, [r1, #0]
10004c18:	4398      	bics	r0, r3
10004c1a:	d1fb      	bne.n	10004c14 <rp2040_usb_init+0x10>
10004c1c:	2280      	movs	r2, #128	; 0x80
10004c1e:	2100      	movs	r1, #0
10004c20:	0152      	lsls	r2, r2, #5
10004c22:	4806      	ldr	r0, [pc, #24]	; (10004c3c <rp2040_usb_init+0x38>)
10004c24:	f7fd fdca 	bl	100027bc <__wrap_memset>
10004c28:	2209      	movs	r2, #9
10004c2a:	4b05      	ldr	r3, [pc, #20]	; (10004c40 <rp2040_usb_init+0x3c>)
10004c2c:	675a      	str	r2, [r3, #116]	; 0x74
10004c2e:	bd10      	pop	{r4, pc}
10004c30:	4000e000 	.word	0x4000e000
10004c34:	4000f000 	.word	0x4000f000
10004c38:	4000c008 	.word	0x4000c008
10004c3c:	50100000 	.word	0x50100000
10004c40:	50110000 	.word	0x50110000

10004c44 <hw_endpoint_xfer_start>:
10004c44:	b570      	push	{r4, r5, r6, lr}
10004c46:	7e83      	ldrb	r3, [r0, #26]
10004c48:	0004      	movs	r4, r0
10004c4a:	000d      	movs	r5, r1
10004c4c:	0016      	movs	r6, r2
10004c4e:	2b00      	cmp	r3, #0
10004c50:	d117      	bne.n	10004c82 <hw_endpoint_xfer_start+0x3e>
10004c52:	2300      	movs	r3, #0
10004c54:	82e3      	strh	r3, [r4, #22]
10004c56:	3301      	adds	r3, #1
10004c58:	0020      	movs	r0, r4
10004c5a:	82a6      	strh	r6, [r4, #20]
10004c5c:	76a3      	strb	r3, [r4, #26]
10004c5e:	6125      	str	r5, [r4, #16]
10004c60:	f001 ff32 	bl	10006ac8 <__e15_is_bulkin_ep_veneer>
10004c64:	2800      	cmp	r0, #0
10004c66:	d004      	beq.n	10004c72 <hw_endpoint_xfer_start+0x2e>
10004c68:	2180      	movs	r1, #128	; 0x80
10004c6a:	2390      	movs	r3, #144	; 0x90
10004c6c:	4a08      	ldr	r2, [pc, #32]	; (10004c90 <hw_endpoint_xfer_start+0x4c>)
10004c6e:	0289      	lsls	r1, r1, #10
10004c70:	50d1      	str	r1, [r2, r3]
10004c72:	0020      	movs	r0, r4
10004c74:	f001 ff68 	bl	10006b48 <__e15_is_critical_frame_period_veneer>
10004c78:	2800      	cmp	r0, #0
10004c7a:	d005      	beq.n	10004c88 <hw_endpoint_xfer_start+0x44>
10004c7c:	2301      	movs	r3, #1
10004c7e:	7723      	strb	r3, [r4, #28]
10004c80:	bd70      	pop	{r4, r5, r6, pc}
10004c82:	f001 ff51 	bl	10006b28 <__hw_endpoint_reset_transfer_veneer>
10004c86:	e7e4      	b.n	10004c52 <hw_endpoint_xfer_start+0xe>
10004c88:	0020      	movs	r0, r4
10004c8a:	f001 ff45 	bl	10006b18 <__hw_endpoint_start_next_buffer_veneer>
10004c8e:	e7f7      	b.n	10004c80 <hw_endpoint_xfer_start+0x3c>
10004c90:	50112000 	.word	0x50112000

10004c94 <tud_event_hook_cb>:
10004c94:	4770      	bx	lr
10004c96:	46c0      	nop			; (mov r8, r8)

10004c98 <tud_sof_cb>:
10004c98:	4770      	bx	lr
10004c9a:	46c0      	nop			; (mov r8, r8)

10004c9c <tud_descriptor_device_qualifier_cb>:
10004c9c:	2000      	movs	r0, #0
10004c9e:	4770      	bx	lr

10004ca0 <tud_descriptor_other_speed_configuration_cb>:
10004ca0:	2000      	movs	r0, #0
10004ca2:	4770      	bx	lr

10004ca4 <tud_mount_cb>:
10004ca4:	4770      	bx	lr
10004ca6:	46c0      	nop			; (mov r8, r8)

10004ca8 <tud_umount_cb>:
10004ca8:	4770      	bx	lr
10004caa:	46c0      	nop			; (mov r8, r8)

10004cac <tud_suspend_cb>:
10004cac:	4770      	bx	lr
10004cae:	46c0      	nop			; (mov r8, r8)

10004cb0 <tud_resume_cb>:
10004cb0:	4770      	bx	lr
10004cb2:	46c0      	nop			; (mov r8, r8)

10004cb4 <tud_mounted>:
10004cb4:	4b02      	ldr	r3, [pc, #8]	; (10004cc0 <tud_mounted+0xc>)
10004cb6:	7858      	ldrb	r0, [r3, #1]
10004cb8:	1e43      	subs	r3, r0, #1
10004cba:	4198      	sbcs	r0, r3
10004cbc:	b2c0      	uxtb	r0, r0
10004cbe:	4770      	bx	lr
10004cc0:	20001798 	.word	0x20001798

10004cc4 <tud_suspended>:
10004cc4:	4b02      	ldr	r3, [pc, #8]	; (10004cd0 <tud_suspended+0xc>)
10004cc6:	7818      	ldrb	r0, [r3, #0]
10004cc8:	0740      	lsls	r0, r0, #29
10004cca:	0fc0      	lsrs	r0, r0, #31
10004ccc:	4770      	bx	lr
10004cce:	46c0      	nop			; (mov r8, r8)
10004cd0:	20001798 	.word	0x20001798

10004cd4 <tud_init>:
10004cd4:	b5f8      	push	{r3, r4, r5, r6, r7, lr}
10004cd6:	4647      	mov	r7, r8
10004cd8:	46ce      	mov	lr, r9
10004cda:	b580      	push	{r7, lr}
10004cdc:	4f2b      	ldr	r7, [pc, #172]	; (10004d8c <tud_init+0xb8>)
10004cde:	4680      	mov	r8, r0
10004ce0:	783b      	ldrb	r3, [r7, #0]
10004ce2:	2001      	movs	r0, #1
10004ce4:	2bff      	cmp	r3, #255	; 0xff
10004ce6:	d003      	beq.n	10004cf0 <tud_init+0x1c>
10004ce8:	bcc0      	pop	{r6, r7}
10004cea:	46b9      	mov	r9, r7
10004cec:	46b0      	mov	r8, r6
10004cee:	bdf8      	pop	{r3, r4, r5, r6, r7, pc}
10004cf0:	2100      	movs	r1, #0
10004cf2:	2254      	movs	r2, #84	; 0x54
10004cf4:	4826      	ldr	r0, [pc, #152]	; (10004d90 <tud_init+0xbc>)
10004cf6:	f7fd fd61 	bl	100027bc <__wrap_memset>
10004cfa:	2200      	movs	r2, #0
10004cfc:	4c25      	ldr	r4, [pc, #148]	; (10004d94 <tud_init+0xc0>)
10004cfe:	4b26      	ldr	r3, [pc, #152]	; (10004d98 <tud_init+0xc4>)
10004d00:	0020      	movs	r0, r4
10004d02:	701a      	strb	r2, [r3, #0]
10004d04:	f7fb ff20 	bl	10000b48 <mutex_init>
10004d08:	4b24      	ldr	r3, [pc, #144]	; (10004d9c <tud_init+0xc8>)
10004d0a:	601c      	str	r4, [r3, #0]
10004d0c:	4c24      	ldr	r4, [pc, #144]	; (10004da0 <tud_init+0xcc>)
10004d0e:	0020      	movs	r0, r4
10004d10:	3014      	adds	r0, #20
10004d12:	f7fb ff27 	bl	10000b64 <critical_section_init>
10004d16:	0020      	movs	r0, r4
10004d18:	f001 fcf8 	bl	1000670c <tu_fifo_clear>
10004d1c:	4b21      	ldr	r3, [pc, #132]	; (10004da4 <tud_init+0xd0>)
10004d1e:	4d22      	ldr	r5, [pc, #136]	; (10004da8 <tud_init+0xd4>)
10004d20:	601c      	str	r4, [r3, #0]
10004d22:	4b22      	ldr	r3, [pc, #136]	; (10004dac <tud_init+0xd8>)
10004d24:	2b00      	cmp	r3, #0
10004d26:	d004      	beq.n	10004d32 <tud_init+0x5e>
10004d28:	0028      	movs	r0, r5
10004d2a:	f7ff fac9 	bl	100042c0 <usbd_app_driver_get_cb>
10004d2e:	4b20      	ldr	r3, [pc, #128]	; (10004db0 <tud_init+0xdc>)
10004d30:	6018      	str	r0, [r3, #0]
10004d32:	4920      	ldr	r1, [pc, #128]	; (10004db4 <tud_init+0xe0>)
10004d34:	2400      	movs	r4, #0
10004d36:	2300      	movs	r3, #0
10004d38:	4689      	mov	r9, r1
10004d3a:	782a      	ldrb	r2, [r5, #0]
10004d3c:	4e1c      	ldr	r6, [pc, #112]	; (10004db0 <tud_init+0xdc>)
10004d3e:	e010      	b.n	10004d62 <tud_init+0x8e>
10004d40:	6832      	ldr	r2, [r6, #0]
10004d42:	0163      	lsls	r3, r4, #5
10004d44:	4694      	mov	ip, r2
10004d46:	4463      	add	r3, ip
10004d48:	2b00      	cmp	r3, #0
10004d4a:	d012      	beq.n	10004d72 <tud_init+0x9e>
10004d4c:	685b      	ldr	r3, [r3, #4]
10004d4e:	2b00      	cmp	r3, #0
10004d50:	d00f      	beq.n	10004d72 <tud_init+0x9e>
10004d52:	4798      	blx	r3
10004d54:	782a      	ldrb	r2, [r5, #0]
10004d56:	3401      	adds	r4, #1
10004d58:	b2e4      	uxtb	r4, r4
10004d5a:	1c51      	adds	r1, r2, #1
10004d5c:	0023      	movs	r3, r4
10004d5e:	42a1      	cmp	r1, r4
10004d60:	db09      	blt.n	10004d76 <tud_init+0xa2>
10004d62:	42a2      	cmp	r2, r4
10004d64:	d8ec      	bhi.n	10004d40 <tud_init+0x6c>
10004d66:	1a9b      	subs	r3, r3, r2
10004d68:	015b      	lsls	r3, r3, #5
10004d6a:	444b      	add	r3, r9
10004d6c:	685b      	ldr	r3, [r3, #4]
10004d6e:	2b00      	cmp	r3, #0
10004d70:	d1ef      	bne.n	10004d52 <tud_init+0x7e>
10004d72:	2000      	movs	r0, #0
10004d74:	e7b8      	b.n	10004ce8 <tud_init+0x14>
10004d76:	4643      	mov	r3, r8
10004d78:	4640      	mov	r0, r8
10004d7a:	703b      	strb	r3, [r7, #0]
10004d7c:	f7ff fe02 	bl	10004984 <dcd_init>
10004d80:	4640      	mov	r0, r8
10004d82:	f7ff fe45 	bl	10004a10 <dcd_int_enable>
10004d86:	2001      	movs	r0, #1
10004d88:	e7ae      	b.n	10004ce8 <tud_init+0x14>
10004d8a:	46c0      	nop			; (mov r8, r8)
10004d8c:	200010b4 	.word	0x200010b4
10004d90:	20001798 	.word	0x20001798
10004d94:	20001750 	.word	0x20001750
10004d98:	20002137 	.word	0x20002137
10004d9c:	200017ec 	.word	0x200017ec
10004da0:	20001098 	.word	0x20001098
10004da4:	200017f0 	.word	0x200017f0
10004da8:	20002135 	.word	0x20002135
10004dac:	100042c1 	.word	0x100042c1
10004db0:	2000146c 	.word	0x2000146c
10004db4:	10007230 	.word	0x10007230

10004db8 <tud_task_ext>:
10004db8:	b5f0      	push	{r4, r5, r6, r7, lr}
10004dba:	46de      	mov	lr, fp
10004dbc:	4657      	mov	r7, sl
10004dbe:	464e      	mov	r6, r9
10004dc0:	4645      	mov	r5, r8
10004dc2:	b5e0      	push	{r5, r6, r7, lr}
10004dc4:	4bc4      	ldr	r3, [pc, #784]	; (100050d8 <tud_task_ext+0x320>)
10004dc6:	b08b      	sub	sp, #44	; 0x2c
10004dc8:	781b      	ldrb	r3, [r3, #0]
10004dca:	2bff      	cmp	r3, #255	; 0xff
10004dcc:	d100      	bne.n	10004dd0 <tud_task_ext+0x18>
10004dce:	e12e      	b.n	1000502e <tud_task_ext+0x276>
10004dd0:	4bc2      	ldr	r3, [pc, #776]	; (100050dc <tud_task_ext+0x324>)
10004dd2:	4dc3      	ldr	r5, [pc, #780]	; (100050e0 <tud_task_ext+0x328>)
10004dd4:	469a      	mov	sl, r3
10004dd6:	ac07      	add	r4, sp, #28
10004dd8:	682e      	ldr	r6, [r5, #0]
10004dda:	6972      	ldr	r2, [r6, #20]
10004ddc:	f3ef 8110 	mrs	r1, PRIMASK
10004de0:	b672      	cpsid	i
10004de2:	6813      	ldr	r3, [r2, #0]
10004de4:	2b00      	cmp	r3, #0
10004de6:	d0fc      	beq.n	10004de2 <tud_task_ext+0x2a>
10004de8:	f3bf 8f5f 	dmb	sy
10004dec:	61b1      	str	r1, [r6, #24]
10004dee:	0030      	movs	r0, r6
10004df0:	0021      	movs	r1, r4
10004df2:	f001 facd 	bl	10006390 <tu_fifo_read>
10004df6:	6972      	ldr	r2, [r6, #20]
10004df8:	69b3      	ldr	r3, [r6, #24]
10004dfa:	f3bf 8f5f 	dmb	sy
10004dfe:	2100      	movs	r1, #0
10004e00:	6011      	str	r1, [r2, #0]
10004e02:	f383 8810 	msr	PRIMASK, r3
10004e06:	2800      	cmp	r0, #0
10004e08:	d100      	bne.n	10004e0c <tud_task_ext+0x54>
10004e0a:	e110      	b.n	1000502e <tud_task_ext+0x276>
10004e0c:	7863      	ldrb	r3, [r4, #1]
10004e0e:	2b08      	cmp	r3, #8
10004e10:	d8e2      	bhi.n	10004dd8 <tud_task_ext+0x20>
10004e12:	4652      	mov	r2, sl
10004e14:	009b      	lsls	r3, r3, #2
10004e16:	58d3      	ldr	r3, [r2, r3]
10004e18:	469f      	mov	pc, r3
10004e1a:	6863      	ldr	r3, [r4, #4]
10004e1c:	2b00      	cmp	r3, #0
10004e1e:	d0db      	beq.n	10004dd8 <tud_task_ext+0x20>
10004e20:	68a0      	ldr	r0, [r4, #8]
10004e22:	4798      	blx	r3
10004e24:	e7d8      	b.n	10004dd8 <tud_task_ext+0x20>
10004e26:	237f      	movs	r3, #127	; 0x7f
10004e28:	7921      	ldrb	r1, [r4, #4]
10004e2a:	4eae      	ldr	r6, [pc, #696]	; (100050e4 <tud_task_ext+0x32c>)
10004e2c:	400b      	ands	r3, r1
10004e2e:	0058      	lsls	r0, r3, #1
10004e30:	09ca      	lsrs	r2, r1, #7
10004e32:	1836      	adds	r6, r6, r0
10004e34:	18b6      	adds	r6, r6, r2
10004e36:	0032      	movs	r2, r6
10004e38:	2701      	movs	r7, #1
10004e3a:	3230      	adds	r2, #48	; 0x30
10004e3c:	7910      	ldrb	r0, [r2, #4]
10004e3e:	43b8      	bics	r0, r7
10004e40:	7110      	strb	r0, [r2, #4]
10004e42:	7910      	ldrb	r0, [r2, #4]
10004e44:	3703      	adds	r7, #3
10004e46:	43b8      	bics	r0, r7
10004e48:	7110      	strb	r0, [r2, #4]
10004e4a:	2b00      	cmp	r3, #0
10004e4c:	d100      	bne.n	10004e50 <tud_task_ext+0x98>
10004e4e:	e0f7      	b.n	10005040 <tud_task_ext+0x288>
10004e50:	4aa5      	ldr	r2, [pc, #660]	; (100050e8 <tud_task_ext+0x330>)
10004e52:	7d33      	ldrb	r3, [r6, #20]
10004e54:	7812      	ldrb	r2, [r2, #0]
10004e56:	4293      	cmp	r3, r2
10004e58:	d300      	bcc.n	10004e5c <tud_task_ext+0xa4>
10004e5a:	e0e5      	b.n	10005028 <tud_task_ext+0x270>
10004e5c:	4aa3      	ldr	r2, [pc, #652]	; (100050ec <tud_task_ext+0x334>)
10004e5e:	015b      	lsls	r3, r3, #5
10004e60:	6812      	ldr	r2, [r2, #0]
10004e62:	18d3      	adds	r3, r2, r3
10004e64:	2b00      	cmp	r3, #0
10004e66:	d100      	bne.n	10004e6a <tud_task_ext+0xb2>
10004e68:	e0e1      	b.n	1000502e <tud_task_ext+0x276>
10004e6a:	699e      	ldr	r6, [r3, #24]
10004e6c:	7962      	ldrb	r2, [r4, #5]
10004e6e:	7820      	ldrb	r0, [r4, #0]
10004e70:	68a3      	ldr	r3, [r4, #8]
10004e72:	47b0      	blx	r6
10004e74:	e7b0      	b.n	10004dd8 <tud_task_ext+0x20>
10004e76:	4a9e      	ldr	r2, [pc, #632]	; (100050f0 <tud_task_ext+0x338>)
10004e78:	7813      	ldrb	r3, [r2, #0]
10004e7a:	2b00      	cmp	r3, #0
10004e7c:	d100      	bne.n	10004e80 <tud_task_ext+0xc8>
10004e7e:	e0d6      	b.n	1000502e <tud_task_ext+0x276>
10004e80:	7813      	ldrb	r3, [r2, #0]
10004e82:	3b01      	subs	r3, #1
10004e84:	b2db      	uxtb	r3, r3
10004e86:	7013      	strb	r3, [r2, #0]
10004e88:	7813      	ldrb	r3, [r2, #0]
10004e8a:	2b00      	cmp	r3, #0
10004e8c:	d1a4      	bne.n	10004dd8 <tud_task_ext+0x20>
10004e8e:	2201      	movs	r2, #1
10004e90:	4b94      	ldr	r3, [pc, #592]	; (100050e4 <tud_task_ext+0x32c>)
10004e92:	2101      	movs	r1, #1
10004e94:	781b      	ldrb	r3, [r3, #0]
10004e96:	4893      	ldr	r0, [pc, #588]	; (100050e4 <tud_task_ext+0x32c>)
10004e98:	4313      	orrs	r3, r2
10004e9a:	4a92      	ldr	r2, [pc, #584]	; (100050e4 <tud_task_ext+0x32c>)
10004e9c:	4e91      	ldr	r6, [pc, #580]	; (100050e4 <tud_task_ext+0x32c>)
10004e9e:	7013      	strb	r3, [r2, #0]
10004ea0:	2334      	movs	r3, #52	; 0x34
10004ea2:	5cd2      	ldrb	r2, [r2, r3]
10004ea4:	438a      	bics	r2, r1
10004ea6:	54c2      	strb	r2, [r0, r3]
10004ea8:	5cc2      	ldrb	r2, [r0, r3]
10004eaa:	2004      	movs	r0, #4
10004eac:	4382      	bics	r2, r0
10004eae:	54f2      	strb	r2, [r6, r3]
10004eb0:	3301      	adds	r3, #1
10004eb2:	5cf2      	ldrb	r2, [r6, r3]
10004eb4:	438a      	bics	r2, r1
10004eb6:	54f2      	strb	r2, [r6, r3]
10004eb8:	5cf2      	ldrb	r2, [r6, r3]
10004eba:	4382      	bics	r2, r0
10004ebc:	54f2      	strb	r2, [r6, r3]
10004ebe:	7823      	ldrb	r3, [r4, #0]
10004ec0:	2000      	movs	r0, #0
10004ec2:	469b      	mov	fp, r3
10004ec4:	f000 fcae 	bl	10005824 <usbd_control_set_complete_callback>
10004ec8:	2260      	movs	r2, #96	; 0x60
10004eca:	7923      	ldrb	r3, [r4, #4]
10004ecc:	401a      	ands	r2, r3
10004ece:	2a60      	cmp	r2, #96	; 0x60
10004ed0:	d00d      	beq.n	10004eee <tud_task_ext+0x136>
10004ed2:	2a40      	cmp	r2, #64	; 0x40
10004ed4:	d100      	bne.n	10004ed8 <tud_task_ext+0x120>
10004ed6:	e0be      	b.n	10005056 <tud_task_ext+0x29e>
10004ed8:	06db      	lsls	r3, r3, #27
10004eda:	0edb      	lsrs	r3, r3, #27
10004edc:	2b01      	cmp	r3, #1
10004ede:	d100      	bne.n	10004ee2 <tud_task_ext+0x12a>
10004ee0:	e10e      	b.n	10005100 <tud_task_ext+0x348>
10004ee2:	2b02      	cmp	r3, #2
10004ee4:	d100      	bne.n	10004ee8 <tud_task_ext+0x130>
10004ee6:	e0d0      	b.n	1000508a <tud_task_ext+0x2d2>
10004ee8:	2b00      	cmp	r3, #0
10004eea:	d100      	bne.n	10004eee <tud_task_ext+0x136>
10004eec:	e0bf      	b.n	1000506e <tud_task_ext+0x2b6>
10004eee:	7820      	ldrb	r0, [r4, #0]
10004ef0:	2100      	movs	r1, #0
10004ef2:	f7ff fe53 	bl	10004b9c <dcd_edpt_stall>
10004ef6:	2180      	movs	r1, #128	; 0x80
10004ef8:	7820      	ldrb	r0, [r4, #0]
10004efa:	f7ff fe4f 	bl	10004b9c <dcd_edpt_stall>
10004efe:	e76b      	b.n	10004dd8 <tud_task_ext+0x20>
10004f00:	4e78      	ldr	r6, [pc, #480]	; (100050e4 <tud_task_ext+0x32c>)
10004f02:	7833      	ldrb	r3, [r6, #0]
10004f04:	07db      	lsls	r3, r3, #31
10004f06:	d400      	bmi.n	10004f0a <tud_task_ext+0x152>
10004f08:	e766      	b.n	10004dd8 <tud_task_ext+0x20>
10004f0a:	f7ff fed1 	bl	10004cb0 <tud_resume_cb>
10004f0e:	e763      	b.n	10004dd8 <tud_task_ext+0x20>
10004f10:	4b74      	ldr	r3, [pc, #464]	; (100050e4 <tud_task_ext+0x32c>)
10004f12:	78db      	ldrb	r3, [r3, #3]
10004f14:	07db      	lsls	r3, r3, #31
10004f16:	d400      	bmi.n	10004f1a <tud_task_ext+0x162>
10004f18:	e75e      	b.n	10004dd8 <tud_task_ext+0x20>
10004f1a:	6860      	ldr	r0, [r4, #4]
10004f1c:	f7ff febc 	bl	10004c98 <tud_sof_cb>
10004f20:	e75a      	b.n	10004dd8 <tud_task_ext+0x20>
10004f22:	4e70      	ldr	r6, [pc, #448]	; (100050e4 <tud_task_ext+0x32c>)
10004f24:	7833      	ldrb	r3, [r6, #0]
10004f26:	07db      	lsls	r3, r3, #31
10004f28:	d400      	bmi.n	10004f2c <tud_task_ext+0x174>
10004f2a:	e755      	b.n	10004dd8 <tud_task_ext+0x20>
10004f2c:	7830      	ldrb	r0, [r6, #0]
10004f2e:	0700      	lsls	r0, r0, #28
10004f30:	0fc0      	lsrs	r0, r0, #31
10004f32:	f7ff febb 	bl	10004cac <tud_suspend_cb>
10004f36:	e74f      	b.n	10004dd8 <tud_task_ext+0x20>
10004f38:	496e      	ldr	r1, [pc, #440]	; (100050f4 <tud_task_ext+0x33c>)
10004f3a:	4e6b      	ldr	r6, [pc, #428]	; (100050e8 <tud_task_ext+0x330>)
10004f3c:	7823      	ldrb	r3, [r4, #0]
10004f3e:	468b      	mov	fp, r1
10004f40:	496a      	ldr	r1, [pc, #424]	; (100050ec <tud_task_ext+0x334>)
10004f42:	4698      	mov	r8, r3
10004f44:	4689      	mov	r9, r1
10004f46:	0031      	movs	r1, r6
10004f48:	7832      	ldrb	r2, [r6, #0]
10004f4a:	2300      	movs	r3, #0
10004f4c:	4646      	mov	r6, r8
10004f4e:	2700      	movs	r7, #0
10004f50:	4688      	mov	r8, r1
10004f52:	e011      	b.n	10004f78 <tud_task_ext+0x1c0>
10004f54:	464a      	mov	r2, r9
10004f56:	6812      	ldr	r2, [r2, #0]
10004f58:	017b      	lsls	r3, r7, #5
10004f5a:	4694      	mov	ip, r2
10004f5c:	4463      	add	r3, ip
10004f5e:	2b00      	cmp	r3, #0
10004f60:	d06c      	beq.n	1000503c <tud_task_ext+0x284>
10004f62:	68db      	ldr	r3, [r3, #12]
10004f64:	0030      	movs	r0, r6
10004f66:	4798      	blx	r3
10004f68:	4643      	mov	r3, r8
10004f6a:	781a      	ldrb	r2, [r3, #0]
10004f6c:	3701      	adds	r7, #1
10004f6e:	b2ff      	uxtb	r7, r7
10004f70:	1c51      	adds	r1, r2, #1
10004f72:	003b      	movs	r3, r7
10004f74:	428f      	cmp	r7, r1
10004f76:	dc41      	bgt.n	10004ffc <tud_task_ext+0x244>
10004f78:	4297      	cmp	r7, r2
10004f7a:	d3eb      	bcc.n	10004f54 <tud_task_ext+0x19c>
10004f7c:	1a9b      	subs	r3, r3, r2
10004f7e:	015b      	lsls	r3, r3, #5
10004f80:	445b      	add	r3, fp
10004f82:	e7ee      	b.n	10004f62 <tud_task_ext+0x1aa>
10004f84:	495b      	ldr	r1, [pc, #364]	; (100050f4 <tud_task_ext+0x33c>)
10004f86:	4e58      	ldr	r6, [pc, #352]	; (100050e8 <tud_task_ext+0x330>)
10004f88:	7823      	ldrb	r3, [r4, #0]
10004f8a:	468b      	mov	fp, r1
10004f8c:	4957      	ldr	r1, [pc, #348]	; (100050ec <tud_task_ext+0x334>)
10004f8e:	4698      	mov	r8, r3
10004f90:	4689      	mov	r9, r1
10004f92:	0031      	movs	r1, r6
10004f94:	7832      	ldrb	r2, [r6, #0]
10004f96:	2300      	movs	r3, #0
10004f98:	4646      	mov	r6, r8
10004f9a:	2700      	movs	r7, #0
10004f9c:	4688      	mov	r8, r1
10004f9e:	e011      	b.n	10004fc4 <tud_task_ext+0x20c>
10004fa0:	464a      	mov	r2, r9
10004fa2:	6812      	ldr	r2, [r2, #0]
10004fa4:	017b      	lsls	r3, r7, #5
10004fa6:	4694      	mov	ip, r2
10004fa8:	4463      	add	r3, ip
10004faa:	2b00      	cmp	r3, #0
10004fac:	d021      	beq.n	10004ff2 <tud_task_ext+0x23a>
10004fae:	68db      	ldr	r3, [r3, #12]
10004fb0:	0030      	movs	r0, r6
10004fb2:	4798      	blx	r3
10004fb4:	4643      	mov	r3, r8
10004fb6:	781a      	ldrb	r2, [r3, #0]
10004fb8:	3701      	adds	r7, #1
10004fba:	b2ff      	uxtb	r7, r7
10004fbc:	1c51      	adds	r1, r2, #1
10004fbe:	003b      	movs	r3, r7
10004fc0:	428f      	cmp	r7, r1
10004fc2:	dc05      	bgt.n	10004fd0 <tud_task_ext+0x218>
10004fc4:	42ba      	cmp	r2, r7
10004fc6:	d8eb      	bhi.n	10004fa0 <tud_task_ext+0x1e8>
10004fc8:	1a9b      	subs	r3, r3, r2
10004fca:	015b      	lsls	r3, r3, #5
10004fcc:	445b      	add	r3, fp
10004fce:	e7ee      	b.n	10004fae <tud_task_ext+0x1f6>
10004fd0:	4e44      	ldr	r6, [pc, #272]	; (100050e4 <tud_task_ext+0x32c>)
10004fd2:	2254      	movs	r2, #84	; 0x54
10004fd4:	2100      	movs	r1, #0
10004fd6:	0030      	movs	r0, r6
10004fd8:	f7fd fbf0 	bl	100027bc <__wrap_memset>
10004fdc:	2210      	movs	r2, #16
10004fde:	21ff      	movs	r1, #255	; 0xff
10004fe0:	1d30      	adds	r0, r6, #4
10004fe2:	f7fd fbeb 	bl	100027bc <__wrap_memset>
10004fe6:	0030      	movs	r0, r6
10004fe8:	2220      	movs	r2, #32
10004fea:	21ff      	movs	r1, #255	; 0xff
10004fec:	3014      	adds	r0, #20
10004fee:	f7fd fbe5 	bl	100027bc <__wrap_memset>
10004ff2:	f000 fc0d 	bl	10005810 <usbd_control_reset>
10004ff6:	f7ff fe57 	bl	10004ca8 <tud_umount_cb>
10004ffa:	e6ed      	b.n	10004dd8 <tud_task_ext+0x20>
10004ffc:	4e39      	ldr	r6, [pc, #228]	; (100050e4 <tud_task_ext+0x32c>)
10004ffe:	2254      	movs	r2, #84	; 0x54
10005000:	2100      	movs	r1, #0
10005002:	0030      	movs	r0, r6
10005004:	f7fd fbda 	bl	100027bc <__wrap_memset>
10005008:	2210      	movs	r2, #16
1000500a:	21ff      	movs	r1, #255	; 0xff
1000500c:	1d30      	adds	r0, r6, #4
1000500e:	f7fd fbd5 	bl	100027bc <__wrap_memset>
10005012:	0030      	movs	r0, r6
10005014:	2220      	movs	r2, #32
10005016:	21ff      	movs	r1, #255	; 0xff
10005018:	3014      	adds	r0, #20
1000501a:	f7fd fbcf 	bl	100027bc <__wrap_memset>
1000501e:	f000 fbf7 	bl	10005810 <usbd_control_reset>
10005022:	7923      	ldrb	r3, [r4, #4]
10005024:	70b3      	strb	r3, [r6, #2]
10005026:	e6d7      	b.n	10004dd8 <tud_task_ext+0x20>
10005028:	1c50      	adds	r0, r2, #1
1000502a:	4298      	cmp	r0, r3
1000502c:	da0e      	bge.n	1000504c <tud_task_ext+0x294>
1000502e:	b00b      	add	sp, #44	; 0x2c
10005030:	bcf0      	pop	{r4, r5, r6, r7}
10005032:	46bb      	mov	fp, r7
10005034:	46b2      	mov	sl, r6
10005036:	46a9      	mov	r9, r5
10005038:	46a0      	mov	r8, r4
1000503a:	bdf0      	pop	{r4, r5, r6, r7, pc}
1000503c:	4e29      	ldr	r6, [pc, #164]	; (100050e4 <tud_task_ext+0x32c>)
1000503e:	e7ee      	b.n	1000501e <tud_task_ext+0x266>
10005040:	7962      	ldrb	r2, [r4, #5]
10005042:	7820      	ldrb	r0, [r4, #0]
10005044:	68a3      	ldr	r3, [r4, #8]
10005046:	f000 fc01 	bl	1000584c <usbd_control_xfer_cb>
1000504a:	e6c5      	b.n	10004dd8 <tud_task_ext+0x20>
1000504c:	1a9b      	subs	r3, r3, r2
1000504e:	4a29      	ldr	r2, [pc, #164]	; (100050f4 <tud_task_ext+0x33c>)
10005050:	015b      	lsls	r3, r3, #5
10005052:	18d3      	adds	r3, r2, r3
10005054:	e709      	b.n	10004e6a <tud_task_ext+0xb2>
10005056:	4828      	ldr	r0, [pc, #160]	; (100050f8 <tud_task_ext+0x340>)
10005058:	f000 fbe4 	bl	10005824 <usbd_control_set_complete_callback>
1000505c:	2101      	movs	r1, #1
1000505e:	4658      	mov	r0, fp
10005060:	aa08      	add	r2, sp, #32
10005062:	f7ff f913 	bl	1000428c <tud_vendor_control_xfer_cb>
10005066:	2800      	cmp	r0, #0
10005068:	d000      	beq.n	1000506c <tud_task_ext+0x2b4>
1000506a:	e6b5      	b.n	10004dd8 <tud_task_ext+0x20>
1000506c:	e73f      	b.n	10004eee <tud_task_ext+0x136>
1000506e:	2a20      	cmp	r2, #32
10005070:	d100      	bne.n	10005074 <tud_task_ext+0x2bc>
10005072:	e14e      	b.n	10005312 <tud_task_ext+0x55a>
10005074:	2a00      	cmp	r2, #0
10005076:	d000      	beq.n	1000507a <tud_task_ext+0x2c2>
10005078:	e739      	b.n	10004eee <tud_task_ext+0x136>
1000507a:	7963      	ldrb	r3, [r4, #5]
1000507c:	2b09      	cmp	r3, #9
1000507e:	d900      	bls.n	10005082 <tud_task_ext+0x2ca>
10005080:	e735      	b.n	10004eee <tud_task_ext+0x136>
10005082:	4a1e      	ldr	r2, [pc, #120]	; (100050fc <tud_task_ext+0x344>)
10005084:	009b      	lsls	r3, r3, #2
10005086:	58d3      	ldr	r3, [r2, r3]
10005088:	469f      	mov	pc, r3
1000508a:	2370      	movs	r3, #112	; 0x70
1000508c:	7a21      	ldrb	r1, [r4, #8]
1000508e:	420b      	tst	r3, r1
10005090:	d000      	beq.n	10005094 <tud_task_ext+0x2dc>
10005092:	e72c      	b.n	10004eee <tud_task_ext+0x136>
10005094:	267f      	movs	r6, #127	; 0x7f
10005096:	09cb      	lsrs	r3, r1, #7
10005098:	4698      	mov	r8, r3
1000509a:	400e      	ands	r6, r1
1000509c:	4b11      	ldr	r3, [pc, #68]	; (100050e4 <tud_task_ext+0x32c>)
1000509e:	0076      	lsls	r6, r6, #1
100050a0:	199b      	adds	r3, r3, r6
100050a2:	4443      	add	r3, r8
100050a4:	7d1f      	ldrb	r7, [r3, #20]
100050a6:	4b10      	ldr	r3, [pc, #64]	; (100050e8 <tud_task_ext+0x330>)
100050a8:	781b      	ldrb	r3, [r3, #0]
100050aa:	429f      	cmp	r7, r3
100050ac:	d35e      	bcc.n	1000516c <tud_task_ext+0x3b4>
100050ae:	1c58      	adds	r0, r3, #1
100050b0:	42b8      	cmp	r0, r7
100050b2:	da00      	bge.n	100050b6 <tud_task_ext+0x2fe>
100050b4:	e149      	b.n	1000534a <tud_task_ext+0x592>
100050b6:	1aff      	subs	r7, r7, r3
100050b8:	4b0e      	ldr	r3, [pc, #56]	; (100050f4 <tud_task_ext+0x33c>)
100050ba:	017f      	lsls	r7, r7, #5
100050bc:	19df      	adds	r7, r3, r7
100050be:	2a00      	cmp	r2, #0
100050c0:	d100      	bne.n	100050c4 <tud_task_ext+0x30c>
100050c2:	e146      	b.n	10005352 <tud_task_ext+0x59a>
100050c4:	6978      	ldr	r0, [r7, #20]
100050c6:	f000 fbad 	bl	10005824 <usbd_control_set_complete_callback>
100050ca:	2101      	movs	r1, #1
100050cc:	4658      	mov	r0, fp
100050ce:	697b      	ldr	r3, [r7, #20]
100050d0:	aa08      	add	r2, sp, #32
100050d2:	4798      	blx	r3
100050d4:	e7c7      	b.n	10005066 <tud_task_ext+0x2ae>
100050d6:	46c0      	nop			; (mov r8, r8)
100050d8:	200010b4 	.word	0x200010b4
100050dc:	10007188 	.word	0x10007188
100050e0:	200017f0 	.word	0x200017f0
100050e4:	20001798 	.word	0x20001798
100050e8:	20002135 	.word	0x20002135
100050ec:	2000146c 	.word	0x2000146c
100050f0:	20002137 	.word	0x20002137
100050f4:	10007230 	.word	0x10007230
100050f8:	1000428d 	.word	0x1000428d
100050fc:	100071ac 	.word	0x100071ac
10005100:	7a23      	ldrb	r3, [r4, #8]
10005102:	2b0f      	cmp	r3, #15
10005104:	d900      	bls.n	10005108 <tud_task_ext+0x350>
10005106:	e6f2      	b.n	10004eee <tud_task_ext+0x136>
10005108:	4ad6      	ldr	r2, [pc, #856]	; (10005464 <tud_task_ext+0x6ac>)
1000510a:	4694      	mov	ip, r2
1000510c:	4ad6      	ldr	r2, [pc, #856]	; (10005468 <tud_task_ext+0x6b0>)
1000510e:	4463      	add	r3, ip
10005110:	791b      	ldrb	r3, [r3, #4]
10005112:	7812      	ldrb	r2, [r2, #0]
10005114:	4293      	cmp	r3, r2
10005116:	d334      	bcc.n	10005182 <tud_task_ext+0x3ca>
10005118:	1c51      	adds	r1, r2, #1
1000511a:	4299      	cmp	r1, r3
1000511c:	da00      	bge.n	10005120 <tud_task_ext+0x368>
1000511e:	e6e6      	b.n	10004eee <tud_task_ext+0x136>
10005120:	4ed2      	ldr	r6, [pc, #840]	; (1000546c <tud_task_ext+0x6b4>)
10005122:	1a9b      	subs	r3, r3, r2
10005124:	015b      	lsls	r3, r3, #5
10005126:	18f6      	adds	r6, r6, r3
10005128:	6970      	ldr	r0, [r6, #20]
1000512a:	f000 fb7b 	bl	10005824 <usbd_control_set_complete_callback>
1000512e:	2101      	movs	r1, #1
10005130:	4658      	mov	r0, fp
10005132:	6973      	ldr	r3, [r6, #20]
10005134:	aa08      	add	r2, sp, #32
10005136:	4798      	blx	r3
10005138:	2800      	cmp	r0, #0
1000513a:	d000      	beq.n	1000513e <tud_task_ext+0x386>
1000513c:	e64c      	b.n	10004dd8 <tud_task_ext+0x20>
1000513e:	2260      	movs	r2, #96	; 0x60
10005140:	0016      	movs	r6, r2
10005142:	7923      	ldrb	r3, [r4, #4]
10005144:	401e      	ands	r6, r3
10005146:	421a      	tst	r2, r3
10005148:	d000      	beq.n	1000514c <tud_task_ext+0x394>
1000514a:	e6d0      	b.n	10004eee <tud_task_ext+0x136>
1000514c:	7963      	ldrb	r3, [r4, #5]
1000514e:	3b0a      	subs	r3, #10
10005150:	2b01      	cmp	r3, #1
10005152:	d900      	bls.n	10005156 <tud_task_ext+0x39e>
10005154:	e6cb      	b.n	10004eee <tud_task_ext+0x136>
10005156:	f000 fb65 	bl	10005824 <usbd_control_set_complete_callback>
1000515a:	7963      	ldrb	r3, [r4, #5]
1000515c:	2b0a      	cmp	r3, #10
1000515e:	d100      	bne.n	10005162 <tud_task_ext+0x3aa>
10005160:	e150      	b.n	10005404 <tud_task_ext+0x64c>
10005162:	4658      	mov	r0, fp
10005164:	a908      	add	r1, sp, #32
10005166:	f000 fadd 	bl	10005724 <tud_control_status>
1000516a:	e635      	b.n	10004dd8 <tud_task_ext+0x20>
1000516c:	4bc0      	ldr	r3, [pc, #768]	; (10005470 <tud_task_ext+0x6b8>)
1000516e:	017f      	lsls	r7, r7, #5
10005170:	681b      	ldr	r3, [r3, #0]
10005172:	19df      	adds	r7, r3, r7
10005174:	2a00      	cmp	r2, #0
10005176:	d100      	bne.n	1000517a <tud_task_ext+0x3c2>
10005178:	e0eb      	b.n	10005352 <tud_task_ext+0x59a>
1000517a:	2f00      	cmp	r7, #0
1000517c:	d100      	bne.n	10005180 <tud_task_ext+0x3c8>
1000517e:	e6b6      	b.n	10004eee <tud_task_ext+0x136>
10005180:	e7a0      	b.n	100050c4 <tud_task_ext+0x30c>
10005182:	4abb      	ldr	r2, [pc, #748]	; (10005470 <tud_task_ext+0x6b8>)
10005184:	015b      	lsls	r3, r3, #5
10005186:	6816      	ldr	r6, [r2, #0]
10005188:	18f6      	adds	r6, r6, r3
1000518a:	2e00      	cmp	r6, #0
1000518c:	d100      	bne.n	10005190 <tud_task_ext+0x3d8>
1000518e:	e6ae      	b.n	10004eee <tud_task_ext+0x136>
10005190:	e7ca      	b.n	10005128 <tud_task_ext+0x370>
10005192:	4bb4      	ldr	r3, [pc, #720]	; (10005464 <tud_task_ext+0x6ac>)
10005194:	79a7      	ldrb	r7, [r4, #6]
10005196:	785b      	ldrb	r3, [r3, #1]
10005198:	429f      	cmp	r7, r3
1000519a:	d0e2      	beq.n	10005162 <tud_task_ext+0x3aa>
1000519c:	4bb1      	ldr	r3, [pc, #708]	; (10005464 <tud_task_ext+0x6ac>)
1000519e:	785b      	ldrb	r3, [r3, #1]
100051a0:	2b00      	cmp	r3, #0
100051a2:	d000      	beq.n	100051a6 <tud_task_ext+0x3ee>
100051a4:	e16a      	b.n	1000547c <tud_task_ext+0x6c4>
100051a6:	4baf      	ldr	r3, [pc, #700]	; (10005464 <tud_task_ext+0x6ac>)
100051a8:	705f      	strb	r7, [r3, #1]
100051aa:	2f00      	cmp	r7, #0
100051ac:	d100      	bne.n	100051b0 <tud_task_ext+0x3f8>
100051ae:	e155      	b.n	1000545c <tud_task_ext+0x6a4>
100051b0:	1e78      	subs	r0, r7, #1
100051b2:	b2c0      	uxtb	r0, r0
100051b4:	f7ff faac 	bl	10004710 <tud_descriptor_configuration_cb>
100051b8:	2800      	cmp	r0, #0
100051ba:	d100      	bne.n	100051be <tud_task_ext+0x406>
100051bc:	e14a      	b.n	10005454 <tud_task_ext+0x69c>
100051be:	7843      	ldrb	r3, [r0, #1]
100051c0:	9304      	str	r3, [sp, #16]
100051c2:	2b02      	cmp	r3, #2
100051c4:	d000      	beq.n	100051c8 <tud_task_ext+0x410>
100051c6:	e145      	b.n	10005454 <tud_task_ext+0x69c>
100051c8:	2101      	movs	r1, #1
100051ca:	79c2      	ldrb	r2, [r0, #7]
100051cc:	1193      	asrs	r3, r2, #6
100051ce:	1152      	asrs	r2, r2, #5
100051d0:	400b      	ands	r3, r1
100051d2:	400a      	ands	r2, r1
100051d4:	0112      	lsls	r2, r2, #4
100051d6:	015b      	lsls	r3, r3, #5
100051d8:	4313      	orrs	r3, r2
100051da:	4aa2      	ldr	r2, [pc, #648]	; (10005464 <tud_task_ext+0x6ac>)
100051dc:	312f      	adds	r1, #47	; 0x2f
100051de:	7812      	ldrb	r2, [r2, #0]
100051e0:	438a      	bics	r2, r1
100051e2:	4313      	orrs	r3, r2
100051e4:	4a9f      	ldr	r2, [pc, #636]	; (10005464 <tud_task_ext+0x6ac>)
100051e6:	7013      	strb	r3, [r2, #0]
100051e8:	2309      	movs	r3, #9
100051ea:	4699      	mov	r9, r3
100051ec:	78c3      	ldrb	r3, [r0, #3]
100051ee:	7882      	ldrb	r2, [r0, #2]
100051f0:	021b      	lsls	r3, r3, #8
100051f2:	4313      	orrs	r3, r2
100051f4:	18c3      	adds	r3, r0, r3
100051f6:	9302      	str	r3, [sp, #8]
100051f8:	4b9d      	ldr	r3, [pc, #628]	; (10005470 <tud_task_ext+0x6b8>)
100051fa:	4481      	add	r9, r0
100051fc:	4698      	mov	r8, r3
100051fe:	464f      	mov	r7, r9
10005200:	9b02      	ldr	r3, [sp, #8]
10005202:	42bb      	cmp	r3, r7
10005204:	d800      	bhi.n	10005208 <tud_task_ext+0x450>
10005206:	e106      	b.n	10005416 <tud_task_ext+0x65e>
10005208:	2201      	movs	r2, #1
1000520a:	787b      	ldrb	r3, [r7, #1]
1000520c:	9200      	str	r2, [sp, #0]
1000520e:	2b0b      	cmp	r3, #11
10005210:	d104      	bne.n	1000521c <tud_task_ext+0x464>
10005212:	78fb      	ldrb	r3, [r7, #3]
10005214:	9300      	str	r3, [sp, #0]
10005216:	783b      	ldrb	r3, [r7, #0]
10005218:	18ff      	adds	r7, r7, r3
1000521a:	787b      	ldrb	r3, [r7, #1]
1000521c:	2b04      	cmp	r3, #4
1000521e:	d000      	beq.n	10005222 <tud_task_ext+0x46a>
10005220:	e118      	b.n	10005454 <tud_task_ext+0x69c>
10005222:	9b02      	ldr	r3, [sp, #8]
10005224:	46b9      	mov	r9, r7
10005226:	1bdb      	subs	r3, r3, r7
10005228:	b29b      	uxth	r3, r3
1000522a:	9303      	str	r3, [sp, #12]
1000522c:	4b8e      	ldr	r3, [pc, #568]	; (10005468 <tud_task_ext+0x6b0>)
1000522e:	781e      	ldrb	r6, [r3, #0]
10005230:	2300      	movs	r3, #0
10005232:	001f      	movs	r7, r3
10005234:	9301      	str	r3, [sp, #4]
10005236:	e01b      	b.n	10005270 <tud_task_ext+0x4b8>
10005238:	4642      	mov	r2, r8
1000523a:	6812      	ldr	r2, [r2, #0]
1000523c:	017b      	lsls	r3, r7, #5
1000523e:	18d6      	adds	r6, r2, r3
10005240:	2e00      	cmp	r6, #0
10005242:	d100      	bne.n	10005246 <tud_task_ext+0x48e>
10005244:	e106      	b.n	10005454 <tud_task_ext+0x69c>
10005246:	4649      	mov	r1, r9
10005248:	4658      	mov	r0, fp
1000524a:	9a03      	ldr	r2, [sp, #12]
1000524c:	6933      	ldr	r3, [r6, #16]
1000524e:	4798      	blx	r3
10005250:	9005      	str	r0, [sp, #20]
10005252:	2808      	cmp	r0, #8
10005254:	d903      	bls.n	1000525e <tud_task_ext+0x4a6>
10005256:	9a03      	ldr	r2, [sp, #12]
10005258:	4282      	cmp	r2, r0
1000525a:	d300      	bcc.n	1000525e <tud_task_ext+0x4a6>
1000525c:	e0de      	b.n	1000541c <tud_task_ext+0x664>
1000525e:	4b82      	ldr	r3, [pc, #520]	; (10005468 <tud_task_ext+0x6b0>)
10005260:	3701      	adds	r7, #1
10005262:	781e      	ldrb	r6, [r3, #0]
10005264:	b2ff      	uxtb	r7, r7
10005266:	1c73      	adds	r3, r6, #1
10005268:	9701      	str	r7, [sp, #4]
1000526a:	429f      	cmp	r7, r3
1000526c:	dd00      	ble.n	10005270 <tud_task_ext+0x4b8>
1000526e:	e0f1      	b.n	10005454 <tud_task_ext+0x69c>
10005270:	42be      	cmp	r6, r7
10005272:	d8e1      	bhi.n	10005238 <tud_task_ext+0x480>
10005274:	9b01      	ldr	r3, [sp, #4]
10005276:	1b9e      	subs	r6, r3, r6
10005278:	4b7c      	ldr	r3, [pc, #496]	; (1000546c <tud_task_ext+0x6b4>)
1000527a:	0176      	lsls	r6, r6, #5
1000527c:	469c      	mov	ip, r3
1000527e:	4466      	add	r6, ip
10005280:	e7e1      	b.n	10005246 <tud_task_ext+0x48e>
10005282:	4b78      	ldr	r3, [pc, #480]	; (10005464 <tud_task_ext+0x6ac>)
10005284:	aa06      	add	r2, sp, #24
10005286:	785b      	ldrb	r3, [r3, #1]
10005288:	3202      	adds	r2, #2
1000528a:	7013      	strb	r3, [r2, #0]
1000528c:	4658      	mov	r0, fp
1000528e:	2301      	movs	r3, #1
10005290:	a908      	add	r1, sp, #32
10005292:	f000 fa5f 	bl	10005754 <tud_control_xfer>
10005296:	e59f      	b.n	10004dd8 <tud_task_ext+0x20>
10005298:	88e0      	ldrh	r0, [r4, #6]
1000529a:	0a03      	lsrs	r3, r0, #8
1000529c:	b2c0      	uxtb	r0, r0
1000529e:	2b0f      	cmp	r3, #15
100052a0:	d900      	bls.n	100052a4 <tud_task_ext+0x4ec>
100052a2:	e624      	b.n	10004eee <tud_task_ext+0x136>
100052a4:	4973      	ldr	r1, [pc, #460]	; (10005474 <tud_task_ext+0x6bc>)
100052a6:	009a      	lsls	r2, r3, #2
100052a8:	588a      	ldr	r2, [r1, r2]
100052aa:	4697      	mov	pc, r2
100052ac:	a808      	add	r0, sp, #32
100052ae:	f000 fabf 	bl	10005830 <usbd_control_set_request>
100052b2:	4658      	mov	r0, fp
100052b4:	79a1      	ldrb	r1, [r4, #6]
100052b6:	f7ff fbb1 	bl	10004a1c <dcd_set_address>
100052ba:	2202      	movs	r2, #2
100052bc:	4b69      	ldr	r3, [pc, #420]	; (10005464 <tud_task_ext+0x6ac>)
100052be:	781b      	ldrb	r3, [r3, #0]
100052c0:	4313      	orrs	r3, r2
100052c2:	4a68      	ldr	r2, [pc, #416]	; (10005464 <tud_task_ext+0x6ac>)
100052c4:	7013      	strb	r3, [r2, #0]
100052c6:	e587      	b.n	10004dd8 <tud_task_ext+0x20>
100052c8:	88e3      	ldrh	r3, [r4, #6]
100052ca:	2b01      	cmp	r3, #1
100052cc:	d000      	beq.n	100052d0 <tud_task_ext+0x518>
100052ce:	e60e      	b.n	10004eee <tud_task_ext+0x136>
100052d0:	2208      	movs	r2, #8
100052d2:	4b64      	ldr	r3, [pc, #400]	; (10005464 <tud_task_ext+0x6ac>)
100052d4:	781b      	ldrb	r3, [r3, #0]
100052d6:	4393      	bics	r3, r2
100052d8:	4a62      	ldr	r2, [pc, #392]	; (10005464 <tud_task_ext+0x6ac>)
100052da:	7013      	strb	r3, [r2, #0]
100052dc:	e741      	b.n	10005162 <tud_task_ext+0x3aa>
100052de:	2002      	movs	r0, #2
100052e0:	4b60      	ldr	r3, [pc, #384]	; (10005464 <tud_task_ext+0x6ac>)
100052e2:	7819      	ldrb	r1, [r3, #0]
100052e4:	ab06      	add	r3, sp, #24
100052e6:	1c9a      	adds	r2, r3, #2
100052e8:	068b      	lsls	r3, r1, #26
100052ea:	0889      	lsrs	r1, r1, #2
100052ec:	0fdb      	lsrs	r3, r3, #31
100052ee:	4001      	ands	r1, r0
100052f0:	430b      	orrs	r3, r1
100052f2:	8013      	strh	r3, [r2, #0]
100052f4:	4658      	mov	r0, fp
100052f6:	2302      	movs	r3, #2
100052f8:	a908      	add	r1, sp, #32
100052fa:	f000 fa2b 	bl	10005754 <tud_control_xfer>
100052fe:	e56b      	b.n	10004dd8 <tud_task_ext+0x20>
10005300:	88e3      	ldrh	r3, [r4, #6]
10005302:	2b01      	cmp	r3, #1
10005304:	d000      	beq.n	10005308 <tud_task_ext+0x550>
10005306:	e5f2      	b.n	10004eee <tud_task_ext+0x136>
10005308:	2208      	movs	r2, #8
1000530a:	4b56      	ldr	r3, [pc, #344]	; (10005464 <tud_task_ext+0x6ac>)
1000530c:	781b      	ldrb	r3, [r3, #0]
1000530e:	4313      	orrs	r3, r2
10005310:	e7e2      	b.n	100052d8 <tud_task_ext+0x520>
10005312:	7a23      	ldrb	r3, [r4, #8]
10005314:	2b0f      	cmp	r3, #15
10005316:	d900      	bls.n	1000531a <tud_task_ext+0x562>
10005318:	e5e9      	b.n	10004eee <tud_task_ext+0x136>
1000531a:	4a52      	ldr	r2, [pc, #328]	; (10005464 <tud_task_ext+0x6ac>)
1000531c:	4694      	mov	ip, r2
1000531e:	4a52      	ldr	r2, [pc, #328]	; (10005468 <tud_task_ext+0x6b0>)
10005320:	4463      	add	r3, ip
10005322:	791b      	ldrb	r3, [r3, #4]
10005324:	7812      	ldrb	r2, [r2, #0]
10005326:	4293      	cmp	r3, r2
10005328:	d227      	bcs.n	1000537a <tud_task_ext+0x5c2>
1000532a:	4a51      	ldr	r2, [pc, #324]	; (10005470 <tud_task_ext+0x6b8>)
1000532c:	015b      	lsls	r3, r3, #5
1000532e:	6816      	ldr	r6, [r2, #0]
10005330:	18f6      	adds	r6, r6, r3
10005332:	2e00      	cmp	r6, #0
10005334:	d100      	bne.n	10005338 <tud_task_ext+0x580>
10005336:	e5da      	b.n	10004eee <tud_task_ext+0x136>
10005338:	6970      	ldr	r0, [r6, #20]
1000533a:	f000 fa73 	bl	10005824 <usbd_control_set_complete_callback>
1000533e:	2101      	movs	r1, #1
10005340:	4658      	mov	r0, fp
10005342:	6973      	ldr	r3, [r6, #20]
10005344:	aa08      	add	r2, sp, #32
10005346:	4798      	blx	r3
10005348:	e68d      	b.n	10005066 <tud_task_ext+0x2ae>
1000534a:	2700      	movs	r7, #0
1000534c:	2a00      	cmp	r2, #0
1000534e:	d000      	beq.n	10005352 <tud_task_ext+0x59a>
10005350:	e5cd      	b.n	10004eee <tud_task_ext+0x136>
10005352:	2202      	movs	r2, #2
10005354:	7963      	ldrb	r3, [r4, #5]
10005356:	4699      	mov	r9, r3
10005358:	4393      	bics	r3, r2
1000535a:	2b01      	cmp	r3, #1
1000535c:	d016      	beq.n	1000538c <tud_task_ext+0x5d4>
1000535e:	464b      	mov	r3, r9
10005360:	2b00      	cmp	r3, #0
10005362:	d000      	beq.n	10005366 <tud_task_ext+0x5ae>
10005364:	e5c3      	b.n	10004eee <tud_task_ext+0x136>
10005366:	4b3f      	ldr	r3, [pc, #252]	; (10005464 <tud_task_ext+0x6ac>)
10005368:	aa06      	add	r2, sp, #24
1000536a:	199b      	adds	r3, r3, r6
1000536c:	4443      	add	r3, r8
1000536e:	3330      	adds	r3, #48	; 0x30
10005370:	791b      	ldrb	r3, [r3, #4]
10005372:	3202      	adds	r2, #2
10005374:	079b      	lsls	r3, r3, #30
10005376:	0fdb      	lsrs	r3, r3, #31
10005378:	e7bb      	b.n	100052f2 <tud_task_ext+0x53a>
1000537a:	1c51      	adds	r1, r2, #1
1000537c:	4299      	cmp	r1, r3
1000537e:	da00      	bge.n	10005382 <tud_task_ext+0x5ca>
10005380:	e5b5      	b.n	10004eee <tud_task_ext+0x136>
10005382:	4e3a      	ldr	r6, [pc, #232]	; (1000546c <tud_task_ext+0x6b4>)
10005384:	1a9b      	subs	r3, r3, r2
10005386:	015b      	lsls	r3, r3, #5
10005388:	18f6      	adds	r6, r6, r3
1000538a:	e7d5      	b.n	10005338 <tud_task_ext+0x580>
1000538c:	88e3      	ldrh	r3, [r4, #6]
1000538e:	2b00      	cmp	r3, #0
10005390:	d112      	bne.n	100053b8 <tud_task_ext+0x600>
10005392:	464b      	mov	r3, r9
10005394:	2b01      	cmp	r3, #1
10005396:	d024      	beq.n	100053e2 <tud_task_ext+0x62a>
10005398:	4b37      	ldr	r3, [pc, #220]	; (10005478 <tud_task_ext+0x6c0>)
1000539a:	7818      	ldrb	r0, [r3, #0]
1000539c:	f7ff fbfe 	bl	10004b9c <dcd_edpt_stall>
100053a0:	2102      	movs	r1, #2
100053a2:	4b30      	ldr	r3, [pc, #192]	; (10005464 <tud_task_ext+0x6ac>)
100053a4:	199b      	adds	r3, r3, r6
100053a6:	4443      	add	r3, r8
100053a8:	3330      	adds	r3, #48	; 0x30
100053aa:	791a      	ldrb	r2, [r3, #4]
100053ac:	430a      	orrs	r2, r1
100053ae:	2101      	movs	r1, #1
100053b0:	711a      	strb	r2, [r3, #4]
100053b2:	791a      	ldrb	r2, [r3, #4]
100053b4:	430a      	orrs	r2, r1
100053b6:	711a      	strb	r2, [r3, #4]
100053b8:	2f00      	cmp	r7, #0
100053ba:	d100      	bne.n	100053be <tud_task_ext+0x606>
100053bc:	e50c      	b.n	10004dd8 <tud_task_ext+0x20>
100053be:	6978      	ldr	r0, [r7, #20]
100053c0:	f000 fa30 	bl	10005824 <usbd_control_set_complete_callback>
100053c4:	697b      	ldr	r3, [r7, #20]
100053c6:	aa08      	add	r2, sp, #32
100053c8:	2101      	movs	r1, #1
100053ca:	4658      	mov	r0, fp
100053cc:	4798      	blx	r3
100053ce:	2000      	movs	r0, #0
100053d0:	f000 fa28 	bl	10005824 <usbd_control_set_complete_callback>
100053d4:	2335      	movs	r3, #53	; 0x35
100053d6:	4a23      	ldr	r2, [pc, #140]	; (10005464 <tud_task_ext+0x6ac>)
100053d8:	5cd3      	ldrb	r3, [r2, r3]
100053da:	07db      	lsls	r3, r3, #31
100053dc:	d500      	bpl.n	100053e0 <tud_task_ext+0x628>
100053de:	e4fb      	b.n	10004dd8 <tud_task_ext+0x20>
100053e0:	e6bf      	b.n	10005162 <tud_task_ext+0x3aa>
100053e2:	4b25      	ldr	r3, [pc, #148]	; (10005478 <tud_task_ext+0x6c0>)
100053e4:	7818      	ldrb	r0, [r3, #0]
100053e6:	f7ff fbf5 	bl	10004bd4 <dcd_edpt_clear_stall>
100053ea:	2102      	movs	r1, #2
100053ec:	4b1d      	ldr	r3, [pc, #116]	; (10005464 <tud_task_ext+0x6ac>)
100053ee:	199b      	adds	r3, r3, r6
100053f0:	4443      	add	r3, r8
100053f2:	3330      	adds	r3, #48	; 0x30
100053f4:	791a      	ldrb	r2, [r3, #4]
100053f6:	438a      	bics	r2, r1
100053f8:	4649      	mov	r1, r9
100053fa:	711a      	strb	r2, [r3, #4]
100053fc:	791a      	ldrb	r2, [r3, #4]
100053fe:	438a      	bics	r2, r1
10005400:	711a      	strb	r2, [r3, #4]
10005402:	e7d9      	b.n	100053b8 <tud_task_ext+0x600>
10005404:	ab06      	add	r3, sp, #24
10005406:	1c9a      	adds	r2, r3, #2
10005408:	4658      	mov	r0, fp
1000540a:	2301      	movs	r3, #1
1000540c:	a908      	add	r1, sp, #32
1000540e:	7016      	strb	r6, [r2, #0]
10005410:	f000 f9a0 	bl	10005754 <tud_control_xfer>
10005414:	e4e0      	b.n	10004dd8 <tud_task_ext+0x20>
10005416:	f7ff fc45 	bl	10004ca4 <tud_mount_cb>
1000541a:	e6a2      	b.n	10005162 <tud_task_ext+0x3aa>
1000541c:	003b      	movs	r3, r7
1000541e:	464f      	mov	r7, r9
10005420:	4699      	mov	r9, r3
10005422:	9b00      	ldr	r3, [sp, #0]
10005424:	2b01      	cmp	r3, #1
10005426:	d100      	bne.n	1000542a <tud_task_ext+0x672>
10005428:	e089      	b.n	1000553e <tud_task_ext+0x786>
1000542a:	9b00      	ldr	r3, [sp, #0]
1000542c:	2b00      	cmp	r3, #0
1000542e:	d075      	beq.n	1000551c <tud_task_ext+0x764>
10005430:	2300      	movs	r3, #0
10005432:	464e      	mov	r6, r9
10005434:	78b9      	ldrb	r1, [r7, #2]
10005436:	e005      	b.n	10005444 <tud_task_ext+0x68c>
10005438:	7116      	strb	r6, [r2, #4]
1000543a:	3301      	adds	r3, #1
1000543c:	9a00      	ldr	r2, [sp, #0]
1000543e:	b2db      	uxtb	r3, r3
10005440:	4293      	cmp	r3, r2
10005442:	d26a      	bcs.n	1000551a <tud_task_ext+0x762>
10005444:	4807      	ldr	r0, [pc, #28]	; (10005464 <tud_task_ext+0x6ac>)
10005446:	185a      	adds	r2, r3, r1
10005448:	4684      	mov	ip, r0
1000544a:	b2d2      	uxtb	r2, r2
1000544c:	4462      	add	r2, ip
1000544e:	7910      	ldrb	r0, [r2, #4]
10005450:	28ff      	cmp	r0, #255	; 0xff
10005452:	d0f1      	beq.n	10005438 <tud_task_ext+0x680>
10005454:	2300      	movs	r3, #0
10005456:	4a03      	ldr	r2, [pc, #12]	; (10005464 <tud_task_ext+0x6ac>)
10005458:	7053      	strb	r3, [r2, #1]
1000545a:	e548      	b.n	10004eee <tud_task_ext+0x136>
1000545c:	f7ff fc24 	bl	10004ca8 <tud_umount_cb>
10005460:	e67f      	b.n	10005162 <tud_task_ext+0x3aa>
10005462:	46c0      	nop			; (mov r8, r8)
10005464:	20001798 	.word	0x20001798
10005468:	20002135 	.word	0x20002135
1000546c:	10007230 	.word	0x10007230
10005470:	2000146c 	.word	0x2000146c
10005474:	100071d4 	.word	0x100071d4
10005478:	200010b4 	.word	0x200010b4
1000547c:	2100      	movs	r1, #0
1000547e:	4658      	mov	r0, fp
10005480:	f7ff fad6 	bl	10004a30 <dcd_sof_enable>
10005484:	4658      	mov	r0, fp
10005486:	f7ff fb73 	bl	10004b70 <dcd_edpt_close_all>
1000548a:	4b45      	ldr	r3, [pc, #276]	; (100055a0 <tud_task_ext+0x7e8>)
1000548c:	4e45      	ldr	r6, [pc, #276]	; (100055a4 <tud_task_ext+0x7ec>)
1000548e:	789b      	ldrb	r3, [r3, #2]
10005490:	4945      	ldr	r1, [pc, #276]	; (100055a8 <tud_task_ext+0x7f0>)
10005492:	9300      	str	r3, [sp, #0]
10005494:	4689      	mov	r9, r1
10005496:	2300      	movs	r3, #0
10005498:	0031      	movs	r1, r6
1000549a:	7832      	ldrb	r2, [r6, #0]
1000549c:	4688      	mov	r8, r1
1000549e:	001e      	movs	r6, r3
100054a0:	e011      	b.n	100054c6 <tud_task_ext+0x70e>
100054a2:	464a      	mov	r2, r9
100054a4:	6812      	ldr	r2, [r2, #0]
100054a6:	0173      	lsls	r3, r6, #5
100054a8:	4694      	mov	ip, r2
100054aa:	4463      	add	r3, ip
100054ac:	2b00      	cmp	r3, #0
100054ae:	d022      	beq.n	100054f6 <tud_task_ext+0x73e>
100054b0:	68db      	ldr	r3, [r3, #12]
100054b2:	4658      	mov	r0, fp
100054b4:	4798      	blx	r3
100054b6:	4643      	mov	r3, r8
100054b8:	781a      	ldrb	r2, [r3, #0]
100054ba:	3601      	adds	r6, #1
100054bc:	b2f6      	uxtb	r6, r6
100054be:	1c51      	adds	r1, r2, #1
100054c0:	0033      	movs	r3, r6
100054c2:	428e      	cmp	r6, r1
100054c4:	dc07      	bgt.n	100054d6 <tud_task_ext+0x71e>
100054c6:	42b2      	cmp	r2, r6
100054c8:	d8eb      	bhi.n	100054a2 <tud_task_ext+0x6ea>
100054ca:	1a9b      	subs	r3, r3, r2
100054cc:	4a37      	ldr	r2, [pc, #220]	; (100055ac <tud_task_ext+0x7f4>)
100054ce:	015b      	lsls	r3, r3, #5
100054d0:	4694      	mov	ip, r2
100054d2:	4463      	add	r3, ip
100054d4:	e7ec      	b.n	100054b0 <tud_task_ext+0x6f8>
100054d6:	2254      	movs	r2, #84	; 0x54
100054d8:	2100      	movs	r1, #0
100054da:	4831      	ldr	r0, [pc, #196]	; (100055a0 <tud_task_ext+0x7e8>)
100054dc:	f7fd f96e 	bl	100027bc <__wrap_memset>
100054e0:	4b2f      	ldr	r3, [pc, #188]	; (100055a0 <tud_task_ext+0x7e8>)
100054e2:	2210      	movs	r2, #16
100054e4:	21ff      	movs	r1, #255	; 0xff
100054e6:	1d18      	adds	r0, r3, #4
100054e8:	f7fd f968 	bl	100027bc <__wrap_memset>
100054ec:	2220      	movs	r2, #32
100054ee:	21ff      	movs	r1, #255	; 0xff
100054f0:	482f      	ldr	r0, [pc, #188]	; (100055b0 <tud_task_ext+0x7f8>)
100054f2:	f7fd f963 	bl	100027bc <__wrap_memset>
100054f6:	4b2a      	ldr	r3, [pc, #168]	; (100055a0 <tud_task_ext+0x7e8>)
100054f8:	9a00      	ldr	r2, [sp, #0]
100054fa:	709a      	strb	r2, [r3, #2]
100054fc:	e653      	b.n	100051a6 <tud_task_ext+0x3ee>
100054fe:	f7fe fec1 	bl	10004284 <tud_descriptor_bos_cb>
10005502:	1e02      	subs	r2, r0, #0
10005504:	d100      	bne.n	10005508 <tud_task_ext+0x750>
10005506:	e4f2      	b.n	10004eee <tud_task_ext+0x136>
10005508:	78d3      	ldrb	r3, [r2, #3]
1000550a:	7891      	ldrb	r1, [r2, #2]
1000550c:	021b      	lsls	r3, r3, #8
1000550e:	430b      	orrs	r3, r1
10005510:	4658      	mov	r0, fp
10005512:	a908      	add	r1, sp, #32
10005514:	f000 f91e 	bl	10005754 <tud_control_xfer>
10005518:	e5a5      	b.n	10005066 <tud_task_ext+0x2ae>
1000551a:	46b1      	mov	r9, r6
1000551c:	9e05      	ldr	r6, [sp, #20]
1000551e:	464b      	mov	r3, r9
10005520:	0032      	movs	r2, r6
10005522:	0039      	movs	r1, r7
10005524:	4822      	ldr	r0, [pc, #136]	; (100055b0 <tud_task_ext+0x7f8>)
10005526:	f000 fead 	bl	10006284 <tu_edpt_bind_driver>
1000552a:	46b4      	mov	ip, r6
1000552c:	4b1d      	ldr	r3, [pc, #116]	; (100055a4 <tud_task_ext+0x7ec>)
1000552e:	9a01      	ldr	r2, [sp, #4]
10005530:	781b      	ldrb	r3, [r3, #0]
10005532:	4467      	add	r7, ip
10005534:	3301      	adds	r3, #1
10005536:	4293      	cmp	r3, r2
10005538:	db00      	blt.n	1000553c <tud_task_ext+0x784>
1000553a:	e661      	b.n	10005200 <tud_task_ext+0x448>
1000553c:	e78a      	b.n	10005454 <tud_task_ext+0x69c>
1000553e:	4b1d      	ldr	r3, [pc, #116]	; (100055b4 <tud_task_ext+0x7fc>)
10005540:	6932      	ldr	r2, [r6, #16]
10005542:	429a      	cmp	r2, r3
10005544:	d000      	beq.n	10005548 <tud_task_ext+0x790>
10005546:	e773      	b.n	10005430 <tud_task_ext+0x678>
10005548:	9b04      	ldr	r3, [sp, #16]
1000554a:	9300      	str	r3, [sp, #0]
1000554c:	e770      	b.n	10005430 <tud_task_ext+0x678>
1000554e:	f7ff fba5 	bl	10004c9c <tud_descriptor_device_qualifier_cb>
10005552:	1e02      	subs	r2, r0, #0
10005554:	d100      	bne.n	10005558 <tud_task_ext+0x7a0>
10005556:	e4ca      	b.n	10004eee <tud_task_ext+0x136>
10005558:	4658      	mov	r0, fp
1000555a:	7813      	ldrb	r3, [r2, #0]
1000555c:	a908      	add	r1, sp, #32
1000555e:	f000 f8f9 	bl	10005754 <tud_control_xfer>
10005562:	e580      	b.n	10005066 <tud_task_ext+0x2ae>
10005564:	8921      	ldrh	r1, [r4, #8]
10005566:	f7ff f8d7 	bl	10004718 <tud_descriptor_string_cb>
1000556a:	1e02      	subs	r2, r0, #0
1000556c:	d1f4      	bne.n	10005558 <tud_task_ext+0x7a0>
1000556e:	e4be      	b.n	10004eee <tud_task_ext+0x136>
10005570:	2b02      	cmp	r3, #2
10005572:	d00f      	beq.n	10005594 <tud_task_ext+0x7dc>
10005574:	f7ff fb94 	bl	10004ca0 <tud_descriptor_other_speed_configuration_cb>
10005578:	1e02      	subs	r2, r0, #0
1000557a:	d1c5      	bne.n	10005508 <tud_task_ext+0x750>
1000557c:	e4b7      	b.n	10004eee <tud_task_ext+0x136>
1000557e:	f7ff f8c3 	bl	10004708 <tud_descriptor_device_cb>
10005582:	1e02      	subs	r2, r0, #0
10005584:	d100      	bne.n	10005588 <tud_task_ext+0x7d0>
10005586:	e4b2      	b.n	10004eee <tud_task_ext+0x136>
10005588:	2312      	movs	r3, #18
1000558a:	4658      	mov	r0, fp
1000558c:	a908      	add	r1, sp, #32
1000558e:	f000 f8e1 	bl	10005754 <tud_control_xfer>
10005592:	e568      	b.n	10005066 <tud_task_ext+0x2ae>
10005594:	f7ff f8bc 	bl	10004710 <tud_descriptor_configuration_cb>
10005598:	1e02      	subs	r2, r0, #0
1000559a:	d1b5      	bne.n	10005508 <tud_task_ext+0x750>
1000559c:	e4a7      	b.n	10004eee <tud_task_ext+0x136>
1000559e:	46c0      	nop			; (mov r8, r8)
100055a0:	20001798 	.word	0x20001798
100055a4:	20002135 	.word	0x20002135
100055a8:	2000146c 	.word	0x2000146c
100055ac:	10007230 	.word	0x10007230
100055b0:	200017ac 	.word	0x200017ac
100055b4:	10005c39 	.word	0x10005c39

100055b8 <usbd_open_edpt_pair>:
100055b8:	b5f8      	push	{r3, r4, r5, r6, r7, lr}
100055ba:	4657      	mov	r7, sl
100055bc:	464e      	mov	r6, r9
100055be:	46de      	mov	lr, fp
100055c0:	4645      	mov	r5, r8
100055c2:	000c      	movs	r4, r1
100055c4:	b5e0      	push	{r5, r6, r7, lr}
100055c6:	0016      	movs	r6, r2
100055c8:	001f      	movs	r7, r3
100055ca:	2a00      	cmp	r2, #0
100055cc:	d03c      	beq.n	10005648 <usbd_open_edpt_pair+0x90>
100055ce:	2370      	movs	r3, #112	; 0x70
100055d0:	4698      	mov	r8, r3
100055d2:	4b1e      	ldr	r3, [pc, #120]	; (1000564c <usbd_open_edpt_pair+0x94>)
100055d4:	2500      	movs	r5, #0
100055d6:	469b      	mov	fp, r3
100055d8:	4b1d      	ldr	r3, [pc, #116]	; (10005650 <usbd_open_edpt_pair+0x98>)
100055da:	469a      	mov	sl, r3
100055dc:	e01a      	b.n	10005614 <usbd_open_edpt_pair+0x5c>
100055de:	465b      	mov	r3, fp
100055e0:	781b      	ldrb	r3, [r3, #0]
100055e2:	0020      	movs	r0, r4
100055e4:	4699      	mov	r9, r3
100055e6:	4653      	mov	r3, sl
100055e8:	7899      	ldrb	r1, [r3, #2]
100055ea:	f000 fe0f 	bl	1000620c <tu_edpt_validate>
100055ee:	2800      	cmp	r0, #0
100055f0:	d01c      	beq.n	1000562c <usbd_open_edpt_pair+0x74>
100055f2:	0021      	movs	r1, r4
100055f4:	4648      	mov	r0, r9
100055f6:	f7ff fa37 	bl	10004a68 <dcd_edpt_open>
100055fa:	2800      	cmp	r0, #0
100055fc:	d016      	beq.n	1000562c <usbd_open_edpt_pair+0x74>
100055fe:	78a3      	ldrb	r3, [r4, #2]
10005600:	09da      	lsrs	r2, r3, #7
10005602:	2a01      	cmp	r2, #1
10005604:	d019      	beq.n	1000563a <usbd_open_edpt_pair+0x82>
10005606:	9a0a      	ldr	r2, [sp, #40]	; 0x28
10005608:	3501      	adds	r5, #1
1000560a:	7013      	strb	r3, [r2, #0]
1000560c:	7823      	ldrb	r3, [r4, #0]
1000560e:	18e4      	adds	r4, r4, r3
10005610:	42b5      	cmp	r5, r6
10005612:	da19      	bge.n	10005648 <usbd_open_edpt_pair+0x90>
10005614:	7863      	ldrb	r3, [r4, #1]
10005616:	2b05      	cmp	r3, #5
10005618:	d108      	bne.n	1000562c <usbd_open_edpt_pair+0x74>
1000561a:	78e3      	ldrb	r3, [r4, #3]
1000561c:	079b      	lsls	r3, r3, #30
1000561e:	0f9b      	lsrs	r3, r3, #30
10005620:	42bb      	cmp	r3, r7
10005622:	d103      	bne.n	1000562c <usbd_open_edpt_pair+0x74>
10005624:	4642      	mov	r2, r8
10005626:	78a3      	ldrb	r3, [r4, #2]
10005628:	421a      	tst	r2, r3
1000562a:	d0d8      	beq.n	100055de <usbd_open_edpt_pair+0x26>
1000562c:	2000      	movs	r0, #0
1000562e:	bcf0      	pop	{r4, r5, r6, r7}
10005630:	46bb      	mov	fp, r7
10005632:	46b2      	mov	sl, r6
10005634:	46a9      	mov	r9, r5
10005636:	46a0      	mov	r8, r4
10005638:	bdf8      	pop	{r3, r4, r5, r6, r7, pc}
1000563a:	9a0b      	ldr	r2, [sp, #44]	; 0x2c
1000563c:	3501      	adds	r5, #1
1000563e:	7013      	strb	r3, [r2, #0]
10005640:	7823      	ldrb	r3, [r4, #0]
10005642:	18e4      	adds	r4, r4, r3
10005644:	42b5      	cmp	r5, r6
10005646:	dbe5      	blt.n	10005614 <usbd_open_edpt_pair+0x5c>
10005648:	2001      	movs	r0, #1
1000564a:	e7f0      	b.n	1000562e <usbd_open_edpt_pair+0x76>
1000564c:	200010b4 	.word	0x200010b4
10005650:	20001798 	.word	0x20001798

10005654 <usbd_edpt_open>:
10005654:	2270      	movs	r2, #112	; 0x70
10005656:	b570      	push	{r4, r5, r6, lr}
10005658:	788b      	ldrb	r3, [r1, #2]
1000565a:	000c      	movs	r4, r1
1000565c:	421a      	tst	r2, r3
1000565e:	d001      	beq.n	10005664 <usbd_edpt_open+0x10>
10005660:	2000      	movs	r0, #0
10005662:	bd70      	pop	{r4, r5, r6, pc}
10005664:	4b06      	ldr	r3, [pc, #24]	; (10005680 <usbd_edpt_open+0x2c>)
10005666:	0020      	movs	r0, r4
10005668:	781d      	ldrb	r5, [r3, #0]
1000566a:	4b06      	ldr	r3, [pc, #24]	; (10005684 <usbd_edpt_open+0x30>)
1000566c:	7899      	ldrb	r1, [r3, #2]
1000566e:	f000 fdcd 	bl	1000620c <tu_edpt_validate>
10005672:	2800      	cmp	r0, #0
10005674:	d0f4      	beq.n	10005660 <usbd_edpt_open+0xc>
10005676:	0021      	movs	r1, r4
10005678:	0028      	movs	r0, r5
1000567a:	f7ff f9f5 	bl	10004a68 <dcd_edpt_open>
1000567e:	e7f0      	b.n	10005662 <usbd_edpt_open+0xe>
10005680:	200010b4 	.word	0x200010b4
10005684:	20001798 	.word	0x20001798

10005688 <usbd_edpt_claim>:
10005688:	4b07      	ldr	r3, [pc, #28]	; (100056a8 <usbd_edpt_claim+0x20>)
1000568a:	0008      	movs	r0, r1
1000568c:	6819      	ldr	r1, [r3, #0]
1000568e:	237f      	movs	r3, #127	; 0x7f
10005690:	b510      	push	{r4, lr}
10005692:	4003      	ands	r3, r0
10005694:	09c0      	lsrs	r0, r0, #7
10005696:	005b      	lsls	r3, r3, #1
10005698:	3034      	adds	r0, #52	; 0x34
1000569a:	1818      	adds	r0, r3, r0
1000569c:	4b03      	ldr	r3, [pc, #12]	; (100056ac <usbd_edpt_claim+0x24>)
1000569e:	1818      	adds	r0, r3, r0
100056a0:	f000 fd70 	bl	10006184 <tu_edpt_claim>
100056a4:	bd10      	pop	{r4, pc}
100056a6:	46c0      	nop			; (mov r8, r8)
100056a8:	200017ec 	.word	0x200017ec
100056ac:	20001798 	.word	0x20001798

100056b0 <usbd_edpt_release>:
100056b0:	4b07      	ldr	r3, [pc, #28]	; (100056d0 <usbd_edpt_release+0x20>)
100056b2:	0008      	movs	r0, r1
100056b4:	6819      	ldr	r1, [r3, #0]
100056b6:	237f      	movs	r3, #127	; 0x7f
100056b8:	b510      	push	{r4, lr}
100056ba:	4003      	ands	r3, r0
100056bc:	09c0      	lsrs	r0, r0, #7
100056be:	005b      	lsls	r3, r3, #1
100056c0:	3034      	adds	r0, #52	; 0x34
100056c2:	1818      	adds	r0, r3, r0
100056c4:	4b03      	ldr	r3, [pc, #12]	; (100056d4 <usbd_edpt_release+0x24>)
100056c6:	1818      	adds	r0, r3, r0
100056c8:	f000 fd84 	bl	100061d4 <tu_edpt_release>
100056cc:	bd10      	pop	{r4, pc}
100056ce:	46c0      	nop			; (mov r8, r8)
100056d0:	200017ec 	.word	0x200017ec
100056d4:	20001798 	.word	0x20001798

100056d8 <usbd_edpt_xfer>:
100056d8:	207f      	movs	r0, #127	; 0x7f
100056da:	b570      	push	{r4, r5, r6, lr}
100056dc:	4008      	ands	r0, r1
100056de:	4c0f      	ldr	r4, [pc, #60]	; (1000571c <usbd_edpt_xfer+0x44>)
100056e0:	0040      	lsls	r0, r0, #1
100056e2:	09cd      	lsrs	r5, r1, #7
100056e4:	1824      	adds	r4, r4, r0
100056e6:	1964      	adds	r4, r4, r5
100056e8:	3430      	adds	r4, #48	; 0x30
100056ea:	7925      	ldrb	r5, [r4, #4]
100056ec:	2000      	movs	r0, #0
100056ee:	07ed      	lsls	r5, r5, #31
100056f0:	d500      	bpl.n	100056f4 <usbd_edpt_xfer+0x1c>
100056f2:	bd70      	pop	{r4, r5, r6, pc}
100056f4:	2601      	movs	r6, #1
100056f6:	7925      	ldrb	r5, [r4, #4]
100056f8:	4809      	ldr	r0, [pc, #36]	; (10005720 <usbd_edpt_xfer+0x48>)
100056fa:	4335      	orrs	r5, r6
100056fc:	7800      	ldrb	r0, [r0, #0]
100056fe:	7125      	strb	r5, [r4, #4]
10005700:	f7ff fa3a 	bl	10004b78 <dcd_edpt_xfer>
10005704:	2800      	cmp	r0, #0
10005706:	d1f4      	bne.n	100056f2 <usbd_edpt_xfer+0x1a>
10005708:	2201      	movs	r2, #1
1000570a:	7923      	ldrb	r3, [r4, #4]
1000570c:	4393      	bics	r3, r2
1000570e:	7123      	strb	r3, [r4, #4]
10005710:	7923      	ldrb	r3, [r4, #4]
10005712:	3203      	adds	r2, #3
10005714:	4393      	bics	r3, r2
10005716:	7123      	strb	r3, [r4, #4]
10005718:	e7eb      	b.n	100056f2 <usbd_edpt_xfer+0x1a>
1000571a:	46c0      	nop			; (mov r8, r8)
1000571c:	20001798 	.word	0x20001798
10005720:	200010b4 	.word	0x200010b4

10005724 <tud_control_status>:
10005724:	b570      	push	{r4, r5, r6, lr}
10005726:	4e0a      	ldr	r6, [pc, #40]	; (10005750 <tud_control_status+0x2c>)
10005728:	0005      	movs	r5, r0
1000572a:	0030      	movs	r0, r6
1000572c:	2208      	movs	r2, #8
1000572e:	000c      	movs	r4, r1
10005730:	f7fd f84a 	bl	100027c8 <__wrap___aeabi_memcpy>
10005734:	2300      	movs	r3, #0
10005736:	217f      	movs	r1, #127	; 0x7f
10005738:	60f3      	str	r3, [r6, #12]
1000573a:	7822      	ldrb	r2, [r4, #0]
1000573c:	60b3      	str	r3, [r6, #8]
1000573e:	4291      	cmp	r1, r2
10005740:	415b      	adcs	r3, r3
10005742:	0028      	movs	r0, r5
10005744:	01d9      	lsls	r1, r3, #7
10005746:	2200      	movs	r2, #0
10005748:	2300      	movs	r3, #0
1000574a:	f7ff ffc5 	bl	100056d8 <usbd_edpt_xfer>
1000574e:	bd70      	pop	{r4, r5, r6, pc}
10005750:	2000173c 	.word	0x2000173c

10005754 <tud_control_xfer>:
10005754:	b5f8      	push	{r3, r4, r5, r6, r7, lr}
10005756:	46ce      	mov	lr, r9
10005758:	4647      	mov	r7, r8
1000575a:	4691      	mov	r9, r2
1000575c:	4e2a      	ldr	r6, [pc, #168]	; (10005808 <tud_control_xfer+0xb4>)
1000575e:	b580      	push	{r7, lr}
10005760:	2208      	movs	r2, #8
10005762:	0007      	movs	r7, r0
10005764:	0030      	movs	r0, r6
10005766:	000d      	movs	r5, r1
10005768:	4698      	mov	r8, r3
1000576a:	f7fd f82d 	bl	100027c8 <__wrap___aeabi_memcpy>
1000576e:	464b      	mov	r3, r9
10005770:	60b3      	str	r3, [r6, #8]
10005772:	2300      	movs	r3, #0
10005774:	81f3      	strh	r3, [r6, #14]
10005776:	79ec      	ldrb	r4, [r5, #7]
10005778:	79a9      	ldrb	r1, [r5, #6]
1000577a:	0224      	lsls	r4, r4, #8
1000577c:	430c      	orrs	r4, r1
1000577e:	1c23      	adds	r3, r4, #0
10005780:	4544      	cmp	r4, r8
10005782:	d900      	bls.n	10005786 <tud_control_xfer+0x32>
10005784:	4643      	mov	r3, r8
10005786:	b29a      	uxth	r2, r3
10005788:	4690      	mov	r8, r2
1000578a:	81b3      	strh	r3, [r6, #12]
1000578c:	2c00      	cmp	r4, #0
1000578e:	d013      	beq.n	100057b8 <tud_control_xfer+0x64>
10005790:	2a00      	cmp	r2, #0
10005792:	d01f      	beq.n	100057d4 <tud_control_xfer+0x80>
10005794:	464b      	mov	r3, r9
10005796:	2b00      	cmp	r3, #0
10005798:	d034      	beq.n	10005804 <tud_control_xfer+0xb0>
1000579a:	1c13      	adds	r3, r2, #0
1000579c:	2a40      	cmp	r2, #64	; 0x40
1000579e:	d81f      	bhi.n	100057e0 <tud_control_xfer+0x8c>
100057a0:	b29b      	uxth	r3, r3
100057a2:	4698      	mov	r8, r3
100057a4:	7833      	ldrb	r3, [r6, #0]
100057a6:	2b7f      	cmp	r3, #127	; 0x7f
100057a8:	d820      	bhi.n	100057ec <tud_control_xfer+0x98>
100057aa:	2100      	movs	r1, #0
100057ac:	4a17      	ldr	r2, [pc, #92]	; (1000580c <tud_control_xfer+0xb8>)
100057ae:	4643      	mov	r3, r8
100057b0:	0038      	movs	r0, r7
100057b2:	f7ff ff91 	bl	100056d8 <usbd_edpt_xfer>
100057b6:	e009      	b.n	100057cc <tud_control_xfer+0x78>
100057b8:	227f      	movs	r2, #127	; 0x7f
100057ba:	782b      	ldrb	r3, [r5, #0]
100057bc:	0038      	movs	r0, r7
100057be:	429a      	cmp	r2, r3
100057c0:	4164      	adcs	r4, r4
100057c2:	2300      	movs	r3, #0
100057c4:	2200      	movs	r2, #0
100057c6:	01e1      	lsls	r1, r4, #7
100057c8:	f7ff ff86 	bl	100056d8 <usbd_edpt_xfer>
100057cc:	bcc0      	pop	{r6, r7}
100057ce:	46b9      	mov	r9, r7
100057d0:	46b0      	mov	r8, r6
100057d2:	bdf8      	pop	{r3, r4, r5, r6, r7, pc}
100057d4:	7833      	ldrb	r3, [r6, #0]
100057d6:	2b7f      	cmp	r3, #127	; 0x7f
100057d8:	d911      	bls.n	100057fe <tud_control_xfer+0xaa>
100057da:	2180      	movs	r1, #128	; 0x80
100057dc:	2200      	movs	r2, #0
100057de:	e7e6      	b.n	100057ae <tud_control_xfer+0x5a>
100057e0:	2340      	movs	r3, #64	; 0x40
100057e2:	b29b      	uxth	r3, r3
100057e4:	4698      	mov	r8, r3
100057e6:	7833      	ldrb	r3, [r6, #0]
100057e8:	2b7f      	cmp	r3, #127	; 0x7f
100057ea:	d9de      	bls.n	100057aa <tud_control_xfer+0x56>
100057ec:	4c07      	ldr	r4, [pc, #28]	; (1000580c <tud_control_xfer+0xb8>)
100057ee:	4642      	mov	r2, r8
100057f0:	4649      	mov	r1, r9
100057f2:	0020      	movs	r0, r4
100057f4:	f7fc ffe8 	bl	100027c8 <__wrap___aeabi_memcpy>
100057f8:	2180      	movs	r1, #128	; 0x80
100057fa:	0022      	movs	r2, r4
100057fc:	e7d7      	b.n	100057ae <tud_control_xfer+0x5a>
100057fe:	2100      	movs	r1, #0
10005800:	2200      	movs	r2, #0
10005802:	e7d4      	b.n	100057ae <tud_control_xfer+0x5a>
10005804:	2000      	movs	r0, #0
10005806:	e7e1      	b.n	100057cc <tud_control_xfer+0x78>
10005808:	2000173c 	.word	0x2000173c
1000580c:	20001758 	.word	0x20001758

10005810 <usbd_control_reset>:
10005810:	b510      	push	{r4, lr}
10005812:	2214      	movs	r2, #20
10005814:	2100      	movs	r1, #0
10005816:	4802      	ldr	r0, [pc, #8]	; (10005820 <usbd_control_reset+0x10>)
10005818:	f7fc ffd0 	bl	100027bc <__wrap_memset>
1000581c:	bd10      	pop	{r4, pc}
1000581e:	46c0      	nop			; (mov r8, r8)
10005820:	2000173c 	.word	0x2000173c

10005824 <usbd_control_set_complete_callback>:
10005824:	4b01      	ldr	r3, [pc, #4]	; (1000582c <usbd_control_set_complete_callback+0x8>)
10005826:	6118      	str	r0, [r3, #16]
10005828:	4770      	bx	lr
1000582a:	46c0      	nop			; (mov r8, r8)
1000582c:	2000173c 	.word	0x2000173c

10005830 <usbd_control_set_request>:
10005830:	b510      	push	{r4, lr}
10005832:	4c05      	ldr	r4, [pc, #20]	; (10005848 <usbd_control_set_request+0x18>)
10005834:	0001      	movs	r1, r0
10005836:	2208      	movs	r2, #8
10005838:	0020      	movs	r0, r4
1000583a:	f7fc ffc5 	bl	100027c8 <__wrap___aeabi_memcpy>
1000583e:	2300      	movs	r3, #0
10005840:	60a3      	str	r3, [r4, #8]
10005842:	60e3      	str	r3, [r4, #12]
10005844:	bd10      	pop	{r4, pc}
10005846:	46c0      	nop			; (mov r8, r8)
10005848:	2000173c 	.word	0x2000173c

1000584c <usbd_control_xfer_cb>:
1000584c:	b5f8      	push	{r3, r4, r5, r6, r7, lr}
1000584e:	4c39      	ldr	r4, [pc, #228]	; (10005934 <usbd_control_xfer_cb+0xe8>)
10005850:	001d      	movs	r5, r3
10005852:	7823      	ldrb	r3, [r4, #0]
10005854:	0006      	movs	r6, r0
10005856:	09da      	lsrs	r2, r3, #7
10005858:	09c9      	lsrs	r1, r1, #7
1000585a:	428a      	cmp	r2, r1
1000585c:	d010      	beq.n	10005880 <usbd_control_xfer_cb+0x34>
1000585e:	2000      	movs	r0, #0
10005860:	2d00      	cmp	r5, #0
10005862:	d000      	beq.n	10005866 <usbd_control_xfer_cb+0x1a>
10005864:	bdf8      	pop	{r3, r4, r5, r6, r7, pc}
10005866:	0021      	movs	r1, r4
10005868:	0030      	movs	r0, r6
1000586a:	f7ff f8ef 	bl	10004a4c <dcd_edpt0_status_complete>
1000586e:	6923      	ldr	r3, [r4, #16]
10005870:	2b00      	cmp	r3, #0
10005872:	d042      	beq.n	100058fa <usbd_control_xfer_cb+0xae>
10005874:	0022      	movs	r2, r4
10005876:	2103      	movs	r1, #3
10005878:	0030      	movs	r0, r6
1000587a:	4798      	blx	r3
1000587c:	2001      	movs	r0, #1
1000587e:	e7f1      	b.n	10005864 <usbd_control_xfer_cb+0x18>
10005880:	2b7f      	cmp	r3, #127	; 0x7f
10005882:	d806      	bhi.n	10005892 <usbd_control_xfer_cb+0x46>
10005884:	68a0      	ldr	r0, [r4, #8]
10005886:	2800      	cmp	r0, #0
10005888:	d039      	beq.n	100058fe <usbd_control_xfer_cb+0xb2>
1000588a:	002a      	movs	r2, r5
1000588c:	492a      	ldr	r1, [pc, #168]	; (10005938 <usbd_control_xfer_cb+0xec>)
1000588e:	f7fc ff9b 	bl	100027c8 <__wrap___aeabi_memcpy>
10005892:	68a3      	ldr	r3, [r4, #8]
10005894:	89e2      	ldrh	r2, [r4, #14]
10005896:	1959      	adds	r1, r3, r5
10005898:	1952      	adds	r2, r2, r5
1000589a:	88e3      	ldrh	r3, [r4, #6]
1000589c:	b292      	uxth	r2, r2
1000589e:	81e2      	strh	r2, [r4, #14]
100058a0:	60a1      	str	r1, [r4, #8]
100058a2:	4293      	cmp	r3, r2
100058a4:	d014      	beq.n	100058d0 <usbd_control_xfer_cb+0x84>
100058a6:	2d3f      	cmp	r5, #63	; 0x3f
100058a8:	d912      	bls.n	100058d0 <usbd_control_xfer_cb+0x84>
100058aa:	89a5      	ldrh	r5, [r4, #12]
100058ac:	1aa8      	subs	r0, r5, r2
100058ae:	1c07      	adds	r7, r0, #0
100058b0:	b280      	uxth	r0, r0
100058b2:	2840      	cmp	r0, #64	; 0x40
100058b4:	d82f      	bhi.n	10005916 <usbd_control_xfer_cb+0xca>
100058b6:	7823      	ldrb	r3, [r4, #0]
100058b8:	b2bf      	uxth	r7, r7
100058ba:	2b7f      	cmp	r3, #127	; 0x7f
100058bc:	d82d      	bhi.n	1000591a <usbd_control_xfer_cb+0xce>
100058be:	2100      	movs	r1, #0
100058c0:	42aa      	cmp	r2, r5
100058c2:	d035      	beq.n	10005930 <usbd_control_xfer_cb+0xe4>
100058c4:	4a1c      	ldr	r2, [pc, #112]	; (10005938 <usbd_control_xfer_cb+0xec>)
100058c6:	003b      	movs	r3, r7
100058c8:	0030      	movs	r0, r6
100058ca:	f7ff ff05 	bl	100056d8 <usbd_edpt_xfer>
100058ce:	e7c9      	b.n	10005864 <usbd_control_xfer_cb+0x18>
100058d0:	6923      	ldr	r3, [r4, #16]
100058d2:	2b00      	cmp	r3, #0
100058d4:	d005      	beq.n	100058e2 <usbd_control_xfer_cb+0x96>
100058d6:	0022      	movs	r2, r4
100058d8:	2102      	movs	r1, #2
100058da:	0030      	movs	r0, r6
100058dc:	4798      	blx	r3
100058de:	2800      	cmp	r0, #0
100058e0:	d00f      	beq.n	10005902 <usbd_control_xfer_cb+0xb6>
100058e2:	227f      	movs	r2, #127	; 0x7f
100058e4:	2100      	movs	r1, #0
100058e6:	7823      	ldrb	r3, [r4, #0]
100058e8:	0030      	movs	r0, r6
100058ea:	429a      	cmp	r2, r3
100058ec:	4149      	adcs	r1, r1
100058ee:	2300      	movs	r3, #0
100058f0:	2200      	movs	r2, #0
100058f2:	01c9      	lsls	r1, r1, #7
100058f4:	f7ff fef0 	bl	100056d8 <usbd_edpt_xfer>
100058f8:	e7b4      	b.n	10005864 <usbd_control_xfer_cb+0x18>
100058fa:	2001      	movs	r0, #1
100058fc:	e7b2      	b.n	10005864 <usbd_control_xfer_cb+0x18>
100058fe:	2000      	movs	r0, #0
10005900:	e7b0      	b.n	10005864 <usbd_control_xfer_cb+0x18>
10005902:	2100      	movs	r1, #0
10005904:	0030      	movs	r0, r6
10005906:	f7ff f949 	bl	10004b9c <dcd_edpt_stall>
1000590a:	0030      	movs	r0, r6
1000590c:	2180      	movs	r1, #128	; 0x80
1000590e:	f7ff f945 	bl	10004b9c <dcd_edpt_stall>
10005912:	2001      	movs	r0, #1
10005914:	e7a6      	b.n	10005864 <usbd_control_xfer_cb+0x18>
10005916:	2740      	movs	r7, #64	; 0x40
10005918:	e7cd      	b.n	100058b6 <usbd_control_xfer_cb+0x6a>
1000591a:	42aa      	cmp	r2, r5
1000591c:	d007      	beq.n	1000592e <usbd_control_xfer_cb+0xe2>
1000591e:	4c06      	ldr	r4, [pc, #24]	; (10005938 <usbd_control_xfer_cb+0xec>)
10005920:	003a      	movs	r2, r7
10005922:	0020      	movs	r0, r4
10005924:	f7fc ff50 	bl	100027c8 <__wrap___aeabi_memcpy>
10005928:	2180      	movs	r1, #128	; 0x80
1000592a:	0022      	movs	r2, r4
1000592c:	e7cb      	b.n	100058c6 <usbd_control_xfer_cb+0x7a>
1000592e:	2180      	movs	r1, #128	; 0x80
10005930:	2200      	movs	r2, #0
10005932:	e7c8      	b.n	100058c6 <usbd_control_xfer_cb+0x7a>
10005934:	2000173c 	.word	0x2000173c
10005938:	20001758 	.word	0x20001758

1000593c <_prep_out_transaction.isra.0>:
1000593c:	b570      	push	{r4, r5, r6, lr}
1000593e:	0004      	movs	r4, r0
10005940:	f7ff f9b8 	bl	10004cb4 <tud_mounted>
10005944:	2800      	cmp	r0, #0
10005946:	d100      	bne.n	1000594a <_prep_out_transaction.isra.0+0xe>
10005948:	bd70      	pop	{r4, r5, r6, pc}
1000594a:	f7ff f9bb 	bl	10004cc4 <tud_suspended>
1000594e:	2800      	cmp	r0, #0
10005950:	d1fa      	bne.n	10005948 <_prep_out_transaction.isra.0+0xc>
10005952:	78e3      	ldrb	r3, [r4, #3]
10005954:	2b00      	cmp	r3, #0
10005956:	d0f7      	beq.n	10005948 <_prep_out_transaction.isra.0+0xc>
10005958:	0025      	movs	r5, r4
1000595a:	3510      	adds	r5, #16
1000595c:	0028      	movs	r0, r5
1000595e:	f000 fd01 	bl	10006364 <tu_fifo_remaining>
10005962:	283f      	cmp	r0, #63	; 0x3f
10005964:	d9f0      	bls.n	10005948 <_prep_out_transaction.isra.0+0xc>
10005966:	2000      	movs	r0, #0
10005968:	78e1      	ldrb	r1, [r4, #3]
1000596a:	f7ff fe8d 	bl	10005688 <usbd_edpt_claim>
1000596e:	2800      	cmp	r0, #0
10005970:	d0ea      	beq.n	10005948 <_prep_out_transaction.isra.0+0xc>
10005972:	0028      	movs	r0, r5
10005974:	f000 fcf6 	bl	10006364 <tu_fifo_remaining>
10005978:	283f      	cmp	r0, #63	; 0x3f
1000597a:	d908      	bls.n	1000598e <_prep_out_transaction.isra.0+0x52>
1000597c:	2392      	movs	r3, #146	; 0x92
1000597e:	009b      	lsls	r3, r3, #2
10005980:	18e2      	adds	r2, r4, r3
10005982:	78e1      	ldrb	r1, [r4, #3]
10005984:	2340      	movs	r3, #64	; 0x40
10005986:	2000      	movs	r0, #0
10005988:	f7ff fea6 	bl	100056d8 <usbd_edpt_xfer>
1000598c:	e7dc      	b.n	10005948 <_prep_out_transaction.isra.0+0xc>
1000598e:	78e1      	ldrb	r1, [r4, #3]
10005990:	2000      	movs	r0, #0
10005992:	f7ff fe8d 	bl	100056b0 <usbd_edpt_release>
10005996:	e7d7      	b.n	10005948 <_prep_out_transaction.isra.0+0xc>

10005998 <tud_cdc_n_connected>:
10005998:	b510      	push	{r4, lr}
1000599a:	0004      	movs	r4, r0
1000599c:	f7ff f98a 	bl	10004cb4 <tud_mounted>
100059a0:	2800      	cmp	r0, #0
100059a2:	d101      	bne.n	100059a8 <tud_cdc_n_connected+0x10>
100059a4:	2000      	movs	r0, #0
100059a6:	bd10      	pop	{r4, pc}
100059a8:	f7ff f98c 	bl	10004cc4 <tud_suspended>
100059ac:	2800      	cmp	r0, #0
100059ae:	d1f9      	bne.n	100059a4 <tud_cdc_n_connected+0xc>
100059b0:	20b2      	movs	r0, #178	; 0xb2
100059b2:	0080      	lsls	r0, r0, #2
100059b4:	4344      	muls	r4, r0
100059b6:	4803      	ldr	r0, [pc, #12]	; (100059c4 <tud_cdc_n_connected+0x2c>)
100059b8:	1900      	adds	r0, r0, r4
100059ba:	7903      	ldrb	r3, [r0, #4]
100059bc:	2001      	movs	r0, #1
100059be:	4018      	ands	r0, r3
100059c0:	e7f1      	b.n	100059a6 <tud_cdc_n_connected+0xe>
100059c2:	46c0      	nop			; (mov r8, r8)
100059c4:	20001474 	.word	0x20001474

100059c8 <tud_cdc_n_available>:
100059c8:	23b2      	movs	r3, #178	; 0xb2
100059ca:	009b      	lsls	r3, r3, #2
100059cc:	4358      	muls	r0, r3
100059ce:	b510      	push	{r4, lr}
100059d0:	4b02      	ldr	r3, [pc, #8]	; (100059dc <tud_cdc_n_available+0x14>)
100059d2:	3010      	adds	r0, #16
100059d4:	18c0      	adds	r0, r0, r3
100059d6:	f000 fca7 	bl	10006328 <tu_fifo_count>
100059da:	bd10      	pop	{r4, pc}
100059dc:	20001474 	.word	0x20001474

100059e0 <tud_cdc_n_read>:
100059e0:	b5f0      	push	{r4, r5, r6, r7, lr}
100059e2:	26b2      	movs	r6, #178	; 0xb2
100059e4:	00b6      	lsls	r6, r6, #2
100059e6:	4346      	muls	r6, r0
100059e8:	0035      	movs	r5, r6
100059ea:	46c6      	mov	lr, r8
100059ec:	4f1f      	ldr	r7, [pc, #124]	; (10005a6c <tud_cdc_n_read+0x8c>)
100059ee:	4b20      	ldr	r3, [pc, #128]	; (10005a70 <tud_cdc_n_read+0x90>)
100059f0:	3510      	adds	r5, #16
100059f2:	0004      	movs	r4, r0
100059f4:	b500      	push	{lr}
100059f6:	197d      	adds	r5, r7, r5
100059f8:	429a      	cmp	r2, r3
100059fa:	d900      	bls.n	100059fe <tud_cdc_n_read+0x1e>
100059fc:	4a1d      	ldr	r2, [pc, #116]	; (10005a74 <tud_cdc_n_read+0x94>)
100059fe:	0028      	movs	r0, r5
10005a00:	b292      	uxth	r2, r2
10005a02:	f000 fd15 	bl	10006430 <tu_fifo_read_n>
10005a06:	4680      	mov	r8, r0
10005a08:	f7ff f954 	bl	10004cb4 <tud_mounted>
10005a0c:	2800      	cmp	r0, #0
10005a0e:	d103      	bne.n	10005a18 <tud_cdc_n_read+0x38>
10005a10:	4640      	mov	r0, r8
10005a12:	bc80      	pop	{r7}
10005a14:	46b8      	mov	r8, r7
10005a16:	bdf0      	pop	{r4, r5, r6, r7, pc}
10005a18:	f7ff f954 	bl	10004cc4 <tud_suspended>
10005a1c:	2800      	cmp	r0, #0
10005a1e:	d1f7      	bne.n	10005a10 <tud_cdc_n_read+0x30>
10005a20:	23b2      	movs	r3, #178	; 0xb2
10005a22:	009b      	lsls	r3, r3, #2
10005a24:	435c      	muls	r4, r3
10005a26:	193c      	adds	r4, r7, r4
10005a28:	78e3      	ldrb	r3, [r4, #3]
10005a2a:	2b00      	cmp	r3, #0
10005a2c:	d0f0      	beq.n	10005a10 <tud_cdc_n_read+0x30>
10005a2e:	0028      	movs	r0, r5
10005a30:	f000 fc98 	bl	10006364 <tu_fifo_remaining>
10005a34:	283f      	cmp	r0, #63	; 0x3f
10005a36:	d9eb      	bls.n	10005a10 <tud_cdc_n_read+0x30>
10005a38:	2000      	movs	r0, #0
10005a3a:	78e1      	ldrb	r1, [r4, #3]
10005a3c:	f7ff fe24 	bl	10005688 <usbd_edpt_claim>
10005a40:	2800      	cmp	r0, #0
10005a42:	d0e5      	beq.n	10005a10 <tud_cdc_n_read+0x30>
10005a44:	0028      	movs	r0, r5
10005a46:	f000 fc8d 	bl	10006364 <tu_fifo_remaining>
10005a4a:	283f      	cmp	r0, #63	; 0x3f
10005a4c:	d909      	bls.n	10005a62 <tud_cdc_n_read+0x82>
10005a4e:	2392      	movs	r3, #146	; 0x92
10005a50:	009b      	lsls	r3, r3, #2
10005a52:	18f2      	adds	r2, r6, r3
10005a54:	78e1      	ldrb	r1, [r4, #3]
10005a56:	2340      	movs	r3, #64	; 0x40
10005a58:	18ba      	adds	r2, r7, r2
10005a5a:	2000      	movs	r0, #0
10005a5c:	f7ff fe3c 	bl	100056d8 <usbd_edpt_xfer>
10005a60:	e7d6      	b.n	10005a10 <tud_cdc_n_read+0x30>
10005a62:	78e1      	ldrb	r1, [r4, #3]
10005a64:	2000      	movs	r0, #0
10005a66:	f7ff fe23 	bl	100056b0 <usbd_edpt_release>
10005a6a:	e7d1      	b.n	10005a10 <tud_cdc_n_read+0x30>
10005a6c:	20001474 	.word	0x20001474
10005a70:	0000fffe 	.word	0x0000fffe
10005a74:	0000ffff 	.word	0x0000ffff

10005a78 <tud_cdc_n_write_flush>:
10005a78:	b5f8      	push	{r3, r4, r5, r6, r7, lr}
10005a7a:	0004      	movs	r4, r0
10005a7c:	f7ff f91a 	bl	10004cb4 <tud_mounted>
10005a80:	2800      	cmp	r0, #0
10005a82:	d101      	bne.n	10005a88 <tud_cdc_n_write_flush+0x10>
10005a84:	2000      	movs	r0, #0
10005a86:	bdf8      	pop	{r3, r4, r5, r6, r7, pc}
10005a88:	f7ff f91c 	bl	10004cc4 <tud_suspended>
10005a8c:	2800      	cmp	r0, #0
10005a8e:	d1f9      	bne.n	10005a84 <tud_cdc_n_write_flush+0xc>
10005a90:	20b2      	movs	r0, #178	; 0xb2
10005a92:	0080      	lsls	r0, r0, #2
10005a94:	4344      	muls	r4, r0
10005a96:	0025      	movs	r5, r4
10005a98:	4e14      	ldr	r6, [pc, #80]	; (10005aec <tud_cdc_n_write_flush+0x74>)
10005a9a:	3524      	adds	r5, #36	; 0x24
10005a9c:	19ad      	adds	r5, r5, r6
10005a9e:	0028      	movs	r0, r5
10005aa0:	f000 fc42 	bl	10006328 <tu_fifo_count>
10005aa4:	2800      	cmp	r0, #0
10005aa6:	d0ed      	beq.n	10005a84 <tud_cdc_n_write_flush+0xc>
10005aa8:	1937      	adds	r7, r6, r4
10005aaa:	2000      	movs	r0, #0
10005aac:	78b9      	ldrb	r1, [r7, #2]
10005aae:	f7ff fdeb 	bl	10005688 <usbd_edpt_claim>
10005ab2:	2800      	cmp	r0, #0
10005ab4:	d0e6      	beq.n	10005a84 <tud_cdc_n_write_flush+0xc>
10005ab6:	23a2      	movs	r3, #162	; 0xa2
10005ab8:	009b      	lsls	r3, r3, #2
10005aba:	469c      	mov	ip, r3
10005abc:	4464      	add	r4, ip
10005abe:	19a4      	adds	r4, r4, r6
10005ac0:	0021      	movs	r1, r4
10005ac2:	0028      	movs	r0, r5
10005ac4:	2240      	movs	r2, #64	; 0x40
10005ac6:	f000 fcb3 	bl	10006430 <tu_fifo_read_n>
10005aca:	78b9      	ldrb	r1, [r7, #2]
10005acc:	1e05      	subs	r5, r0, #0
10005ace:	d008      	beq.n	10005ae2 <tud_cdc_n_write_flush+0x6a>
10005ad0:	0003      	movs	r3, r0
10005ad2:	0022      	movs	r2, r4
10005ad4:	2000      	movs	r0, #0
10005ad6:	f7ff fdff 	bl	100056d8 <usbd_edpt_xfer>
10005ada:	2800      	cmp	r0, #0
10005adc:	d0d2      	beq.n	10005a84 <tud_cdc_n_write_flush+0xc>
10005ade:	0028      	movs	r0, r5
10005ae0:	e7d1      	b.n	10005a86 <tud_cdc_n_write_flush+0xe>
10005ae2:	2000      	movs	r0, #0
10005ae4:	f7ff fde4 	bl	100056b0 <usbd_edpt_release>
10005ae8:	e7cc      	b.n	10005a84 <tud_cdc_n_write_flush+0xc>
10005aea:	46c0      	nop			; (mov r8, r8)
10005aec:	20001474 	.word	0x20001474

10005af0 <tud_cdc_n_write>:
10005af0:	b570      	push	{r4, r5, r6, lr}
10005af2:	24b2      	movs	r4, #178	; 0xb2
10005af4:	00a4      	lsls	r4, r4, #2
10005af6:	4344      	muls	r4, r0
10005af8:	4b0b      	ldr	r3, [pc, #44]	; (10005b28 <tud_cdc_n_write+0x38>)
10005afa:	3424      	adds	r4, #36	; 0x24
10005afc:	18e4      	adds	r4, r4, r3
10005afe:	4b0b      	ldr	r3, [pc, #44]	; (10005b2c <tud_cdc_n_write+0x3c>)
10005b00:	0005      	movs	r5, r0
10005b02:	429a      	cmp	r2, r3
10005b04:	d900      	bls.n	10005b08 <tud_cdc_n_write+0x18>
10005b06:	4a0a      	ldr	r2, [pc, #40]	; (10005b30 <tud_cdc_n_write+0x40>)
10005b08:	0020      	movs	r0, r4
10005b0a:	b292      	uxth	r2, r2
10005b0c:	f000 fd4a 	bl	100065a4 <tu_fifo_write_n>
10005b10:	0006      	movs	r6, r0
10005b12:	0020      	movs	r0, r4
10005b14:	f000 fc08 	bl	10006328 <tu_fifo_count>
10005b18:	283f      	cmp	r0, #63	; 0x3f
10005b1a:	d801      	bhi.n	10005b20 <tud_cdc_n_write+0x30>
10005b1c:	0030      	movs	r0, r6
10005b1e:	bd70      	pop	{r4, r5, r6, pc}
10005b20:	0028      	movs	r0, r5
10005b22:	f7ff ffa9 	bl	10005a78 <tud_cdc_n_write_flush>
10005b26:	e7f9      	b.n	10005b1c <tud_cdc_n_write+0x2c>
10005b28:	20001474 	.word	0x20001474
10005b2c:	0000fffe 	.word	0x0000fffe
10005b30:	0000ffff 	.word	0x0000ffff

10005b34 <tud_cdc_n_write_available>:
10005b34:	23b2      	movs	r3, #178	; 0xb2
10005b36:	009b      	lsls	r3, r3, #2
10005b38:	4358      	muls	r0, r3
10005b3a:	b510      	push	{r4, lr}
10005b3c:	4b02      	ldr	r3, [pc, #8]	; (10005b48 <tud_cdc_n_write_available+0x14>)
10005b3e:	3024      	adds	r0, #36	; 0x24
10005b40:	18c0      	adds	r0, r0, r3
10005b42:	f000 fc0f 	bl	10006364 <tu_fifo_remaining>
10005b46:	bd10      	pop	{r4, pc}
10005b48:	20001474 	.word	0x20001474

10005b4c <cdcd_init>:
10005b4c:	22b2      	movs	r2, #178	; 0xb2
10005b4e:	b5f0      	push	{r4, r5, r6, r7, lr}
10005b50:	2500      	movs	r5, #0
10005b52:	4c1b      	ldr	r4, [pc, #108]	; (10005bc0 <cdcd_init+0x74>)
10005b54:	b083      	sub	sp, #12
10005b56:	2100      	movs	r1, #0
10005b58:	0020      	movs	r0, r4
10005b5a:	0092      	lsls	r2, r2, #2
10005b5c:	f7fc fe2e 	bl	100027bc <__wrap_memset>
10005b60:	4b18      	ldr	r3, [pc, #96]	; (10005bc4 <cdcd_init+0x78>)
10005b62:	2680      	movs	r6, #128	; 0x80
10005b64:	701d      	strb	r5, [r3, #0]
10005b66:	23ff      	movs	r3, #255	; 0xff
10005b68:	7163      	strb	r3, [r4, #5]
10005b6a:	23e1      	movs	r3, #225	; 0xe1
10005b6c:	025b      	lsls	r3, r3, #9
10005b6e:	60a3      	str	r3, [r4, #8]
10005b70:	0021      	movs	r1, r4
10005b72:	2308      	movs	r3, #8
10005b74:	0020      	movs	r0, r4
10005b76:	0076      	lsls	r6, r6, #1
10005b78:	73a3      	strb	r3, [r4, #14]
10005b7a:	0032      	movs	r2, r6
10005b7c:	3138      	adds	r1, #56	; 0x38
10005b7e:	9500      	str	r5, [sp, #0]
10005b80:	3b07      	subs	r3, #7
10005b82:	3010      	adds	r0, #16
10005b84:	f000 fb98 	bl	100062b8 <tu_fifo_config>
10005b88:	0021      	movs	r1, r4
10005b8a:	2301      	movs	r3, #1
10005b8c:	0020      	movs	r0, r4
10005b8e:	3139      	adds	r1, #57	; 0x39
10005b90:	0032      	movs	r2, r6
10005b92:	31ff      	adds	r1, #255	; 0xff
10005b94:	9300      	str	r3, [sp, #0]
10005b96:	3024      	adds	r0, #36	; 0x24
10005b98:	f000 fb8e 	bl	100062b8 <tu_fifo_config>
10005b9c:	238e      	movs	r3, #142	; 0x8e
10005b9e:	009b      	lsls	r3, r3, #2
10005ba0:	18e7      	adds	r7, r4, r3
10005ba2:	0038      	movs	r0, r7
10005ba4:	f7fa ffd0 	bl	10000b48 <mutex_init>
10005ba8:	2390      	movs	r3, #144	; 0x90
10005baa:	009b      	lsls	r3, r3, #2
10005bac:	18e6      	adds	r6, r4, r3
10005bae:	0030      	movs	r0, r6
10005bb0:	f7fa ffca 	bl	10000b48 <mutex_init>
10005bb4:	61e5      	str	r5, [r4, #28]
10005bb6:	6227      	str	r7, [r4, #32]
10005bb8:	6326      	str	r6, [r4, #48]	; 0x30
10005bba:	6365      	str	r5, [r4, #52]	; 0x34
10005bbc:	b003      	add	sp, #12
10005bbe:	bdf0      	pop	{r4, r5, r6, r7, pc}
10005bc0:	20001474 	.word	0x20001474
10005bc4:	20001470 	.word	0x20001470

10005bc8 <cdcd_deinit>:
10005bc8:	4b07      	ldr	r3, [pc, #28]	; (10005be8 <cdcd_deinit+0x20>)
10005bca:	6a1a      	ldr	r2, [r3, #32]
10005bcc:	6b19      	ldr	r1, [r3, #48]	; 0x30
10005bce:	2a00      	cmp	r2, #0
10005bd0:	d002      	beq.n	10005bd8 <cdcd_deinit+0x10>
10005bd2:	2200      	movs	r2, #0
10005bd4:	61da      	str	r2, [r3, #28]
10005bd6:	621a      	str	r2, [r3, #32]
10005bd8:	2900      	cmp	r1, #0
10005bda:	d002      	beq.n	10005be2 <cdcd_deinit+0x1a>
10005bdc:	2200      	movs	r2, #0
10005bde:	631a      	str	r2, [r3, #48]	; 0x30
10005be0:	635a      	str	r2, [r3, #52]	; 0x34
10005be2:	2001      	movs	r0, #1
10005be4:	4770      	bx	lr
10005be6:	46c0      	nop			; (mov r8, r8)
10005be8:	20001474 	.word	0x20001474

10005bec <cdcd_reset>:
10005bec:	b570      	push	{r4, r5, r6, lr}
10005bee:	4c0f      	ldr	r4, [pc, #60]	; (10005c2c <cdcd_reset+0x40>)
10005bf0:	2205      	movs	r2, #5
10005bf2:	2100      	movs	r1, #0
10005bf4:	0020      	movs	r0, r4
10005bf6:	f7fc fde1 	bl	100027bc <__wrap_memset>
10005bfa:	4d0d      	ldr	r5, [pc, #52]	; (10005c30 <cdcd_reset+0x44>)
10005bfc:	782b      	ldrb	r3, [r5, #0]
10005bfe:	07da      	lsls	r2, r3, #31
10005c00:	d507      	bpl.n	10005c12 <cdcd_reset+0x26>
10005c02:	4c0c      	ldr	r4, [pc, #48]	; (10005c34 <cdcd_reset+0x48>)
10005c04:	079b      	lsls	r3, r3, #30
10005c06:	d50c      	bpl.n	10005c22 <cdcd_reset+0x36>
10005c08:	2101      	movs	r1, #1
10005c0a:	0020      	movs	r0, r4
10005c0c:	f000 fd9e 	bl	1000674c <tu_fifo_set_overwritable>
10005c10:	bd70      	pop	{r4, r5, r6, pc}
10005c12:	0020      	movs	r0, r4
10005c14:	3010      	adds	r0, #16
10005c16:	f000 fd79 	bl	1000670c <tu_fifo_clear>
10005c1a:	782b      	ldrb	r3, [r5, #0]
10005c1c:	4c05      	ldr	r4, [pc, #20]	; (10005c34 <cdcd_reset+0x48>)
10005c1e:	079b      	lsls	r3, r3, #30
10005c20:	d4f2      	bmi.n	10005c08 <cdcd_reset+0x1c>
10005c22:	0020      	movs	r0, r4
10005c24:	f000 fd72 	bl	1000670c <tu_fifo_clear>
10005c28:	e7ee      	b.n	10005c08 <cdcd_reset+0x1c>
10005c2a:	46c0      	nop			; (mov r8, r8)
10005c2c:	20001474 	.word	0x20001474
10005c30:	20001470 	.word	0x20001470
10005c34:	20001498 	.word	0x20001498

10005c38 <cdcd_open>:
10005c38:	b5f0      	push	{r4, r5, r6, r7, lr}
10005c3a:	46c6      	mov	lr, r8
10005c3c:	b500      	push	{lr}
10005c3e:	794b      	ldrb	r3, [r1, #5]
10005c40:	0006      	movs	r6, r0
10005c42:	b082      	sub	sp, #8
10005c44:	2b02      	cmp	r3, #2
10005c46:	d102      	bne.n	10005c4e <cdcd_open+0x16>
10005c48:	798b      	ldrb	r3, [r1, #6]
10005c4a:	2b02      	cmp	r3, #2
10005c4c:	d005      	beq.n	10005c5a <cdcd_open+0x22>
10005c4e:	2500      	movs	r5, #0
10005c50:	0028      	movs	r0, r5
10005c52:	b002      	add	sp, #8
10005c54:	bc80      	pop	{r7}
10005c56:	46b8      	mov	r8, r7
10005c58:	bdf0      	pop	{r4, r5, r6, r7, pc}
10005c5a:	4f22      	ldr	r7, [pc, #136]	; (10005ce4 <cdcd_open+0xac>)
10005c5c:	78bb      	ldrb	r3, [r7, #2]
10005c5e:	2b00      	cmp	r3, #0
10005c60:	d1f5      	bne.n	10005c4e <cdcd_open+0x16>
10005c62:	788b      	ldrb	r3, [r1, #2]
10005c64:	2509      	movs	r5, #9
10005c66:	703b      	strb	r3, [r7, #0]
10005c68:	780c      	ldrb	r4, [r1, #0]
10005c6a:	190c      	adds	r4, r1, r4
10005c6c:	7863      	ldrb	r3, [r4, #1]
10005c6e:	2b24      	cmp	r3, #36	; 0x24
10005c70:	d10b      	bne.n	10005c8a <cdcd_open+0x52>
10005c72:	2a08      	cmp	r2, #8
10005c74:	d802      	bhi.n	10005c7c <cdcd_open+0x44>
10005c76:	e00f      	b.n	10005c98 <cdcd_open+0x60>
10005c78:	42aa      	cmp	r2, r5
10005c7a:	d30d      	bcc.n	10005c98 <cdcd_open+0x60>
10005c7c:	7823      	ldrb	r3, [r4, #0]
10005c7e:	18e4      	adds	r4, r4, r3
10005c80:	18ed      	adds	r5, r5, r3
10005c82:	7863      	ldrb	r3, [r4, #1]
10005c84:	b2ad      	uxth	r5, r5
10005c86:	2b24      	cmp	r3, #36	; 0x24
10005c88:	d0f6      	beq.n	10005c78 <cdcd_open+0x40>
10005c8a:	2b05      	cmp	r3, #5
10005c8c:	d008      	beq.n	10005ca0 <cdcd_open+0x68>
10005c8e:	2b04      	cmp	r3, #4
10005c90:	d102      	bne.n	10005c98 <cdcd_open+0x60>
10005c92:	7963      	ldrb	r3, [r4, #5]
10005c94:	2b0a      	cmp	r3, #10
10005c96:	d011      	beq.n	10005cbc <cdcd_open+0x84>
10005c98:	0038      	movs	r0, r7
10005c9a:	f7ff fe4f 	bl	1000593c <_prep_out_transaction.isra.0>
10005c9e:	e7d7      	b.n	10005c50 <cdcd_open+0x18>
10005ca0:	0021      	movs	r1, r4
10005ca2:	0030      	movs	r0, r6
10005ca4:	f7ff fcd6 	bl	10005654 <usbd_edpt_open>
10005ca8:	2800      	cmp	r0, #0
10005caa:	d0d0      	beq.n	10005c4e <cdcd_open+0x16>
10005cac:	78a3      	ldrb	r3, [r4, #2]
10005cae:	707b      	strb	r3, [r7, #1]
10005cb0:	7823      	ldrb	r3, [r4, #0]
10005cb2:	18ed      	adds	r5, r5, r3
10005cb4:	18e4      	adds	r4, r4, r3
10005cb6:	7863      	ldrb	r3, [r4, #1]
10005cb8:	b2ad      	uxth	r5, r5
10005cba:	e7e8      	b.n	10005c8e <cdcd_open+0x56>
10005cbc:	7823      	ldrb	r3, [r4, #0]
10005cbe:	0021      	movs	r1, r4
10005cc0:	4698      	mov	r8, r3
10005cc2:	4b09      	ldr	r3, [pc, #36]	; (10005ce8 <cdcd_open+0xb0>)
10005cc4:	2202      	movs	r2, #2
10005cc6:	9301      	str	r3, [sp, #4]
10005cc8:	3301      	adds	r3, #1
10005cca:	9300      	str	r3, [sp, #0]
10005ccc:	0030      	movs	r0, r6
10005cce:	2302      	movs	r3, #2
10005cd0:	4441      	add	r1, r8
10005cd2:	f7ff fc71 	bl	100055b8 <usbd_open_edpt_pair>
10005cd6:	2800      	cmp	r0, #0
10005cd8:	d0b9      	beq.n	10005c4e <cdcd_open+0x16>
10005cda:	350e      	adds	r5, #14
10005cdc:	4445      	add	r5, r8
10005cde:	b2ad      	uxth	r5, r5
10005ce0:	e7da      	b.n	10005c98 <cdcd_open+0x60>
10005ce2:	46c0      	nop			; (mov r8, r8)
10005ce4:	20001474 	.word	0x20001474
10005ce8:	20001476 	.word	0x20001476

10005cec <cdcd_control_xfer_cb>:
10005cec:	b5f8      	push	{r3, r4, r5, r6, r7, lr}
10005cee:	2360      	movs	r3, #96	; 0x60
10005cf0:	0014      	movs	r4, r2
10005cf2:	7812      	ldrb	r2, [r2, #0]
10005cf4:	0005      	movs	r5, r0
10005cf6:	4013      	ands	r3, r2
10005cf8:	2000      	movs	r0, #0
10005cfa:	2b20      	cmp	r3, #32
10005cfc:	d112      	bne.n	10005d24 <cdcd_control_xfer_cb+0x38>
10005cfe:	4a2f      	ldr	r2, [pc, #188]	; (10005dbc <cdcd_control_xfer_cb+0xd0>)
10005d00:	7963      	ldrb	r3, [r4, #5]
10005d02:	7927      	ldrb	r7, [r4, #4]
10005d04:	7816      	ldrb	r6, [r2, #0]
10005d06:	021b      	lsls	r3, r3, #8
10005d08:	433b      	orrs	r3, r7
10005d0a:	429e      	cmp	r6, r3
10005d0c:	d10a      	bne.n	10005d24 <cdcd_control_xfer_cb+0x38>
10005d0e:	7863      	ldrb	r3, [r4, #1]
10005d10:	2b22      	cmp	r3, #34	; 0x22
10005d12:	d028      	beq.n	10005d66 <cdcd_control_xfer_cb+0x7a>
10005d14:	d807      	bhi.n	10005d26 <cdcd_control_xfer_cb+0x3a>
10005d16:	2b20      	cmp	r3, #32
10005d18:	d017      	beq.n	10005d4a <cdcd_control_xfer_cb+0x5e>
10005d1a:	2b21      	cmp	r3, #33	; 0x21
10005d1c:	d102      	bne.n	10005d24 <cdcd_control_xfer_cb+0x38>
10005d1e:	2901      	cmp	r1, #1
10005d20:	d03e      	beq.n	10005da0 <cdcd_control_xfer_cb+0xb4>
10005d22:	2001      	movs	r0, #1
10005d24:	bdf8      	pop	{r3, r4, r5, r6, r7, pc}
10005d26:	2b23      	cmp	r3, #35	; 0x23
10005d28:	d1fc      	bne.n	10005d24 <cdcd_control_xfer_cb+0x38>
10005d2a:	2901      	cmp	r1, #1
10005d2c:	d040      	beq.n	10005db0 <cdcd_control_xfer_cb+0xc4>
10005d2e:	2903      	cmp	r1, #3
10005d30:	d1f7      	bne.n	10005d22 <cdcd_control_xfer_cb+0x36>
10005d32:	4b23      	ldr	r3, [pc, #140]	; (10005dc0 <cdcd_control_xfer_cb+0xd4>)
10005d34:	2b00      	cmp	r3, #0
10005d36:	d0f4      	beq.n	10005d22 <cdcd_control_xfer_cb+0x36>
10005d38:	78e1      	ldrb	r1, [r4, #3]
10005d3a:	78a3      	ldrb	r3, [r4, #2]
10005d3c:	0209      	lsls	r1, r1, #8
10005d3e:	2000      	movs	r0, #0
10005d40:	4319      	orrs	r1, r3
10005d42:	e000      	b.n	10005d46 <cdcd_control_xfer_cb+0x5a>
10005d44:	bf00      	nop
10005d46:	2001      	movs	r0, #1
10005d48:	e7ec      	b.n	10005d24 <cdcd_control_xfer_cb+0x38>
10005d4a:	2901      	cmp	r1, #1
10005d4c:	d028      	beq.n	10005da0 <cdcd_control_xfer_cb+0xb4>
10005d4e:	2903      	cmp	r1, #3
10005d50:	d1e7      	bne.n	10005d22 <cdcd_control_xfer_cb+0x36>
10005d52:	4b1c      	ldr	r3, [pc, #112]	; (10005dc4 <cdcd_control_xfer_cb+0xd8>)
10005d54:	2b00      	cmp	r3, #0
10005d56:	d0e4      	beq.n	10005d22 <cdcd_control_xfer_cb+0x36>
10005d58:	3208      	adds	r2, #8
10005d5a:	2000      	movs	r0, #0
10005d5c:	0011      	movs	r1, r2
10005d5e:	f7fe fab5 	bl	100042cc <tud_cdc_line_coding_cb>
10005d62:	2001      	movs	r0, #1
10005d64:	e7de      	b.n	10005d24 <cdcd_control_xfer_cb+0x38>
10005d66:	2901      	cmp	r1, #1
10005d68:	d022      	beq.n	10005db0 <cdcd_control_xfer_cb+0xc4>
10005d6a:	2903      	cmp	r1, #3
10005d6c:	d1d9      	bne.n	10005d22 <cdcd_control_xfer_cb+0x36>
10005d6e:	2501      	movs	r5, #1
10005d70:	002e      	movs	r6, r5
10005d72:	78a3      	ldrb	r3, [r4, #2]
10005d74:	78e4      	ldrb	r4, [r4, #3]
10005d76:	3902      	subs	r1, #2
10005d78:	0224      	lsls	r4, r4, #8
10005d7a:	431c      	orrs	r4, r3
10005d7c:	7114      	strb	r4, [r2, #4]
10005d7e:	4026      	ands	r6, r4
10005d80:	3224      	adds	r2, #36	; 0x24
10005d82:	0010      	movs	r0, r2
10005d84:	4071      	eors	r1, r6
10005d86:	f000 fce1 	bl	1000674c <tu_fifo_set_overwritable>
10005d8a:	4b0f      	ldr	r3, [pc, #60]	; (10005dc8 <cdcd_control_xfer_cb+0xdc>)
10005d8c:	2b00      	cmp	r3, #0
10005d8e:	d0c8      	beq.n	10005d22 <cdcd_control_xfer_cb+0x36>
10005d90:	0862      	lsrs	r2, r4, #1
10005d92:	2000      	movs	r0, #0
10005d94:	0031      	movs	r1, r6
10005d96:	402a      	ands	r2, r5
10005d98:	e000      	b.n	10005d9c <cdcd_control_xfer_cb+0xb0>
10005d9a:	bf00      	nop
10005d9c:	2001      	movs	r0, #1
10005d9e:	e7c1      	b.n	10005d24 <cdcd_control_xfer_cb+0x38>
10005da0:	2307      	movs	r3, #7
10005da2:	0021      	movs	r1, r4
10005da4:	0028      	movs	r0, r5
10005da6:	4a09      	ldr	r2, [pc, #36]	; (10005dcc <cdcd_control_xfer_cb+0xe0>)
10005da8:	f7ff fcd4 	bl	10005754 <tud_control_xfer>
10005dac:	2001      	movs	r0, #1
10005dae:	e7b9      	b.n	10005d24 <cdcd_control_xfer_cb+0x38>
10005db0:	0021      	movs	r1, r4
10005db2:	0028      	movs	r0, r5
10005db4:	f7ff fcb6 	bl	10005724 <tud_control_status>
10005db8:	2001      	movs	r0, #1
10005dba:	e7b3      	b.n	10005d24 <cdcd_control_xfer_cb+0x38>
10005dbc:	20001474 	.word	0x20001474
10005dc0:	00000000 	.word	0x00000000
10005dc4:	100042cd 	.word	0x100042cd
10005dc8:	00000000 	.word	0x00000000
10005dcc:	2000147c 	.word	0x2000147c

10005dd0 <cdcd_xfer_cb>:
10005dd0:	b5f0      	push	{r4, r5, r6, r7, lr}
10005dd2:	464f      	mov	r7, r9
10005dd4:	4646      	mov	r6, r8
10005dd6:	46d6      	mov	lr, sl
10005dd8:	b5c0      	push	{r6, r7, lr}
10005dda:	4d36      	ldr	r5, [pc, #216]	; (10005eb4 <cdcd_xfer_cb+0xe4>)
10005ddc:	4680      	mov	r8, r0
10005dde:	78ea      	ldrb	r2, [r5, #3]
10005de0:	000c      	movs	r4, r1
10005de2:	001f      	movs	r7, r3
10005de4:	428a      	cmp	r2, r1
10005de6:	d15d      	bne.n	10005ea4 <cdcd_xfer_cb+0xd4>
10005de8:	b29a      	uxth	r2, r3
10005dea:	2392      	movs	r3, #146	; 0x92
10005dec:	009b      	lsls	r3, r3, #2
10005dee:	18ee      	adds	r6, r5, r3
10005df0:	2310      	movs	r3, #16
10005df2:	469a      	mov	sl, r3
10005df4:	44aa      	add	sl, r5
10005df6:	0031      	movs	r1, r6
10005df8:	4650      	mov	r0, sl
10005dfa:	f000 fbd3 	bl	100065a4 <tu_fifo_write_n>
10005dfe:	4b2e      	ldr	r3, [pc, #184]	; (10005eb8 <cdcd_xfer_cb+0xe8>)
10005e00:	2b00      	cmp	r3, #0
10005e02:	d017      	beq.n	10005e34 <cdcd_xfer_cb+0x64>
10005e04:	796b      	ldrb	r3, [r5, #5]
10005e06:	2bff      	cmp	r3, #255	; 0xff
10005e08:	d014      	beq.n	10005e34 <cdcd_xfer_cb+0x64>
10005e0a:	2f00      	cmp	r7, #0
10005e0c:	d012      	beq.n	10005e34 <cdcd_xfer_cb+0x64>
10005e0e:	19f2      	adds	r2, r6, r7
10005e10:	4691      	mov	r9, r2
10005e12:	e003      	b.n	10005e1c <cdcd_xfer_cb+0x4c>
10005e14:	3601      	adds	r6, #1
10005e16:	454e      	cmp	r6, r9
10005e18:	d00c      	beq.n	10005e34 <cdcd_xfer_cb+0x64>
10005e1a:	796b      	ldrb	r3, [r5, #5]
10005e1c:	7832      	ldrb	r2, [r6, #0]
10005e1e:	429a      	cmp	r2, r3
10005e20:	d1f8      	bne.n	10005e14 <cdcd_xfer_cb+0x44>
10005e22:	4650      	mov	r0, sl
10005e24:	f000 fa96 	bl	10006354 <tu_fifo_empty>
10005e28:	2800      	cmp	r0, #0
10005e2a:	d1f3      	bne.n	10005e14 <cdcd_xfer_cb+0x44>
10005e2c:	7969      	ldrb	r1, [r5, #5]
10005e2e:	e000      	b.n	10005e32 <cdcd_xfer_cb+0x62>
10005e30:	bf00      	nop
10005e32:	e7ef      	b.n	10005e14 <cdcd_xfer_cb+0x44>
10005e34:	4b21      	ldr	r3, [pc, #132]	; (10005ebc <cdcd_xfer_cb+0xec>)
10005e36:	2b00      	cmp	r3, #0
10005e38:	d004      	beq.n	10005e44 <cdcd_xfer_cb+0x74>
10005e3a:	4821      	ldr	r0, [pc, #132]	; (10005ec0 <cdcd_xfer_cb+0xf0>)
10005e3c:	f000 fa8a 	bl	10006354 <tu_fifo_empty>
10005e40:	2800      	cmp	r0, #0
10005e42:	d034      	beq.n	10005eae <cdcd_xfer_cb+0xde>
10005e44:	0028      	movs	r0, r5
10005e46:	f7ff fd79 	bl	1000593c <_prep_out_transaction.isra.0>
10005e4a:	78ab      	ldrb	r3, [r5, #2]
10005e4c:	42a3      	cmp	r3, r4
10005e4e:	d006      	beq.n	10005e5e <cdcd_xfer_cb+0x8e>
10005e50:	2401      	movs	r4, #1
10005e52:	0020      	movs	r0, r4
10005e54:	bce0      	pop	{r5, r6, r7}
10005e56:	46ba      	mov	sl, r7
10005e58:	46b1      	mov	r9, r6
10005e5a:	46a8      	mov	r8, r5
10005e5c:	bdf0      	pop	{r4, r5, r6, r7, pc}
10005e5e:	4b19      	ldr	r3, [pc, #100]	; (10005ec4 <cdcd_xfer_cb+0xf4>)
10005e60:	2b00      	cmp	r3, #0
10005e62:	d002      	beq.n	10005e6a <cdcd_xfer_cb+0x9a>
10005e64:	2000      	movs	r0, #0
10005e66:	e000      	b.n	10005e6a <cdcd_xfer_cb+0x9a>
10005e68:	bf00      	nop
10005e6a:	2000      	movs	r0, #0
10005e6c:	f7ff fe04 	bl	10005a78 <tud_cdc_n_write_flush>
10005e70:	2800      	cmp	r0, #0
10005e72:	d1ed      	bne.n	10005e50 <cdcd_xfer_cb+0x80>
10005e74:	4d14      	ldr	r5, [pc, #80]	; (10005ec8 <cdcd_xfer_cb+0xf8>)
10005e76:	0028      	movs	r0, r5
10005e78:	f000 fa56 	bl	10006328 <tu_fifo_count>
10005e7c:	2800      	cmp	r0, #0
10005e7e:	d1e7      	bne.n	10005e50 <cdcd_xfer_cb+0x80>
10005e80:	2f00      	cmp	r7, #0
10005e82:	d0e5      	beq.n	10005e50 <cdcd_xfer_cb+0x80>
10005e84:	06bb      	lsls	r3, r7, #26
10005e86:	d1e3      	bne.n	10005e50 <cdcd_xfer_cb+0x80>
10005e88:	3d24      	subs	r5, #36	; 0x24
10005e8a:	4640      	mov	r0, r8
10005e8c:	78a9      	ldrb	r1, [r5, #2]
10005e8e:	f7ff fbfb 	bl	10005688 <usbd_edpt_claim>
10005e92:	1e04      	subs	r4, r0, #0
10005e94:	d0dc      	beq.n	10005e50 <cdcd_xfer_cb+0x80>
10005e96:	2300      	movs	r3, #0
10005e98:	2200      	movs	r2, #0
10005e9a:	4640      	mov	r0, r8
10005e9c:	78a9      	ldrb	r1, [r5, #2]
10005e9e:	f7ff fc1b 	bl	100056d8 <usbd_edpt_xfer>
10005ea2:	e7d6      	b.n	10005e52 <cdcd_xfer_cb+0x82>
10005ea4:	78ab      	ldrb	r3, [r5, #2]
10005ea6:	428b      	cmp	r3, r1
10005ea8:	d0d9      	beq.n	10005e5e <cdcd_xfer_cb+0x8e>
10005eaa:	2400      	movs	r4, #0
10005eac:	e7d1      	b.n	10005e52 <cdcd_xfer_cb+0x82>
10005eae:	e000      	b.n	10005eb2 <cdcd_xfer_cb+0xe2>
10005eb0:	bf00      	nop
10005eb2:	e7c7      	b.n	10005e44 <cdcd_xfer_cb+0x74>
10005eb4:	20001474 	.word	0x20001474
	...
10005ec0:	20001484 	.word	0x20001484
10005ec4:	00000000 	.word	0x00000000
10005ec8:	20001498 	.word	0x20001498

10005ecc <tud_vendor_n_write_flush>:
10005ecc:	b5f8      	push	{r3, r4, r5, r6, r7, lr}
10005ece:	0004      	movs	r4, r0
10005ed0:	f7fe fef0 	bl	10004cb4 <tud_mounted>
10005ed4:	2800      	cmp	r0, #0
10005ed6:	d101      	bne.n	10005edc <tud_vendor_n_write_flush+0x10>
10005ed8:	2000      	movs	r0, #0
10005eda:	bdf8      	pop	{r3, r4, r5, r6, r7, pc}
10005edc:	f7fe fef2 	bl	10004cc4 <tud_suspended>
10005ee0:	2800      	cmp	r0, #0
10005ee2:	d1f9      	bne.n	10005ed8 <tud_vendor_n_write_flush+0xc>
10005ee4:	20af      	movs	r0, #175	; 0xaf
10005ee6:	0080      	lsls	r0, r0, #2
10005ee8:	4344      	muls	r4, r0
10005eea:	0025      	movs	r5, r4
10005eec:	4e14      	ldr	r6, [pc, #80]	; (10005f40 <tud_vendor_n_write_flush+0x74>)
10005eee:	3518      	adds	r5, #24
10005ef0:	19ad      	adds	r5, r5, r6
10005ef2:	0028      	movs	r0, r5
10005ef4:	f000 fa18 	bl	10006328 <tu_fifo_count>
10005ef8:	2800      	cmp	r0, #0
10005efa:	d0ed      	beq.n	10005ed8 <tud_vendor_n_write_flush+0xc>
10005efc:	1937      	adds	r7, r6, r4
10005efe:	2000      	movs	r0, #0
10005f00:	7879      	ldrb	r1, [r7, #1]
10005f02:	f7ff fbc1 	bl	10005688 <usbd_edpt_claim>
10005f06:	2800      	cmp	r0, #0
10005f08:	d0e6      	beq.n	10005ed8 <tud_vendor_n_write_flush+0xc>
10005f0a:	239f      	movs	r3, #159	; 0x9f
10005f0c:	009b      	lsls	r3, r3, #2
10005f0e:	469c      	mov	ip, r3
10005f10:	4464      	add	r4, ip
10005f12:	19a4      	adds	r4, r4, r6
10005f14:	0021      	movs	r1, r4
10005f16:	0028      	movs	r0, r5
10005f18:	2240      	movs	r2, #64	; 0x40
10005f1a:	f000 fa89 	bl	10006430 <tu_fifo_read_n>
10005f1e:	7879      	ldrb	r1, [r7, #1]
10005f20:	1e05      	subs	r5, r0, #0
10005f22:	d008      	beq.n	10005f36 <tud_vendor_n_write_flush+0x6a>
10005f24:	0003      	movs	r3, r0
10005f26:	0022      	movs	r2, r4
10005f28:	2000      	movs	r0, #0
10005f2a:	f7ff fbd5 	bl	100056d8 <usbd_edpt_xfer>
10005f2e:	2800      	cmp	r0, #0
10005f30:	d0d2      	beq.n	10005ed8 <tud_vendor_n_write_flush+0xc>
10005f32:	0028      	movs	r0, r5
10005f34:	e7d1      	b.n	10005eda <tud_vendor_n_write_flush+0xe>
10005f36:	2000      	movs	r0, #0
10005f38:	f7ff fbba 	bl	100056b0 <usbd_edpt_release>
10005f3c:	e7cc      	b.n	10005ed8 <tud_vendor_n_write_flush+0xc>
10005f3e:	46c0      	nop			; (mov r8, r8)
10005f40:	200018b4 	.word	0x200018b4

10005f44 <vendord_init>:
10005f44:	22af      	movs	r2, #175	; 0xaf
10005f46:	b5f0      	push	{r4, r5, r6, r7, lr}
10005f48:	4c16      	ldr	r4, [pc, #88]	; (10005fa4 <vendord_init+0x60>)
10005f4a:	b083      	sub	sp, #12
10005f4c:	2100      	movs	r1, #0
10005f4e:	0020      	movs	r0, r4
10005f50:	0092      	lsls	r2, r2, #2
10005f52:	2680      	movs	r6, #128	; 0x80
10005f54:	f7fc fc32 	bl	100027bc <__wrap_memset>
10005f58:	2500      	movs	r5, #0
10005f5a:	0021      	movs	r1, r4
10005f5c:	0076      	lsls	r6, r6, #1
10005f5e:	0032      	movs	r2, r6
10005f60:	2301      	movs	r3, #1
10005f62:	312c      	adds	r1, #44	; 0x2c
10005f64:	1d20      	adds	r0, r4, #4
10005f66:	9500      	str	r5, [sp, #0]
10005f68:	f000 f9a6 	bl	100062b8 <tu_fifo_config>
10005f6c:	0021      	movs	r1, r4
10005f6e:	0020      	movs	r0, r4
10005f70:	312d      	adds	r1, #45	; 0x2d
10005f72:	0032      	movs	r2, r6
10005f74:	31ff      	adds	r1, #255	; 0xff
10005f76:	2301      	movs	r3, #1
10005f78:	9500      	str	r5, [sp, #0]
10005f7a:	3018      	adds	r0, #24
10005f7c:	f000 f99c 	bl	100062b8 <tu_fifo_config>
10005f80:	238b      	movs	r3, #139	; 0x8b
10005f82:	009b      	lsls	r3, r3, #2
10005f84:	18e7      	adds	r7, r4, r3
10005f86:	0038      	movs	r0, r7
10005f88:	f7fa fdde 	bl	10000b48 <mutex_init>
10005f8c:	238d      	movs	r3, #141	; 0x8d
10005f8e:	009b      	lsls	r3, r3, #2
10005f90:	18e6      	adds	r6, r4, r3
10005f92:	0030      	movs	r0, r6
10005f94:	f7fa fdd8 	bl	10000b48 <mutex_init>
10005f98:	6125      	str	r5, [r4, #16]
10005f9a:	6167      	str	r7, [r4, #20]
10005f9c:	6266      	str	r6, [r4, #36]	; 0x24
10005f9e:	62a5      	str	r5, [r4, #40]	; 0x28
10005fa0:	b003      	add	sp, #12
10005fa2:	bdf0      	pop	{r4, r5, r6, r7, pc}
10005fa4:	200018b4 	.word	0x200018b4

10005fa8 <vendord_deinit>:
10005fa8:	4b07      	ldr	r3, [pc, #28]	; (10005fc8 <vendord_deinit+0x20>)
10005faa:	695a      	ldr	r2, [r3, #20]
10005fac:	6a59      	ldr	r1, [r3, #36]	; 0x24
10005fae:	2a00      	cmp	r2, #0
10005fb0:	d002      	beq.n	10005fb8 <vendord_deinit+0x10>
10005fb2:	2200      	movs	r2, #0
10005fb4:	611a      	str	r2, [r3, #16]
10005fb6:	615a      	str	r2, [r3, #20]
10005fb8:	2900      	cmp	r1, #0
10005fba:	d002      	beq.n	10005fc2 <vendord_deinit+0x1a>
10005fbc:	2200      	movs	r2, #0
10005fbe:	625a      	str	r2, [r3, #36]	; 0x24
10005fc0:	629a      	str	r2, [r3, #40]	; 0x28
10005fc2:	2001      	movs	r0, #1
10005fc4:	4770      	bx	lr
10005fc6:	46c0      	nop			; (mov r8, r8)
10005fc8:	200018b4 	.word	0x200018b4

10005fcc <vendord_reset>:
10005fcc:	b510      	push	{r4, lr}
10005fce:	4c05      	ldr	r4, [pc, #20]	; (10005fe4 <vendord_reset+0x18>)
10005fd0:	2300      	movs	r3, #0
10005fd2:	0020      	movs	r0, r4
10005fd4:	c008      	stmia	r0!, {r3}
10005fd6:	f000 fb99 	bl	1000670c <tu_fifo_clear>
10005fda:	0020      	movs	r0, r4
10005fdc:	3018      	adds	r0, #24
10005fde:	f000 fb95 	bl	1000670c <tu_fifo_clear>
10005fe2:	bd10      	pop	{r4, pc}
10005fe4:	200018b4 	.word	0x200018b4

10005fe8 <vendord_open>:
10005fe8:	b5f0      	push	{r4, r5, r6, r7, lr}
10005fea:	46c6      	mov	lr, r8
10005fec:	b500      	push	{lr}
10005fee:	794b      	ldrb	r3, [r1, #5]
10005ff0:	0007      	movs	r7, r0
10005ff2:	000e      	movs	r6, r1
10005ff4:	b082      	sub	sp, #8
10005ff6:	2bff      	cmp	r3, #255	; 0xff
10005ff8:	d004      	beq.n	10006004 <vendord_open+0x1c>
10005ffa:	2000      	movs	r0, #0
10005ffc:	b002      	add	sp, #8
10005ffe:	bc80      	pop	{r7}
10006000:	46b8      	mov	r8, r7
10006002:	bdf0      	pop	{r4, r5, r6, r7, pc}
10006004:	4d27      	ldr	r5, [pc, #156]	; (100060a4 <vendord_open+0xbc>)
10006006:	786b      	ldrb	r3, [r5, #1]
10006008:	78ac      	ldrb	r4, [r5, #2]
1000600a:	4323      	orrs	r3, r4
1000600c:	d1f5      	bne.n	10005ffa <vendord_open+0x12>
1000600e:	788b      	ldrb	r3, [r1, #2]
10006010:	780c      	ldrb	r4, [r1, #0]
10006012:	702b      	strb	r3, [r5, #0]
10006014:	7908      	ldrb	r0, [r1, #4]
10006016:	190c      	adds	r4, r1, r4
10006018:	2800      	cmp	r0, #0
1000601a:	d024      	beq.n	10006066 <vendord_open+0x7e>
1000601c:	7863      	ldrb	r3, [r4, #1]
1000601e:	2b05      	cmp	r3, #5
10006020:	d008      	beq.n	10006034 <vendord_open+0x4c>
10006022:	18a2      	adds	r2, r4, r2
10006024:	e004      	b.n	10006030 <vendord_open+0x48>
10006026:	7821      	ldrb	r1, [r4, #0]
10006028:	1864      	adds	r4, r4, r1
1000602a:	7861      	ldrb	r1, [r4, #1]
1000602c:	2905      	cmp	r1, #5
1000602e:	d001      	beq.n	10006034 <vendord_open+0x4c>
10006030:	4294      	cmp	r4, r2
10006032:	d3f8      	bcc.n	10006026 <vendord_open+0x3e>
10006034:	4b1c      	ldr	r3, [pc, #112]	; (100060a8 <vendord_open+0xc0>)
10006036:	0002      	movs	r2, r0
10006038:	4698      	mov	r8, r3
1000603a:	9301      	str	r3, [sp, #4]
1000603c:	3301      	adds	r3, #1
1000603e:	9300      	str	r3, [sp, #0]
10006040:	0021      	movs	r1, r4
10006042:	2302      	movs	r3, #2
10006044:	0038      	movs	r0, r7
10006046:	f7ff fab7 	bl	100055b8 <usbd_open_edpt_pair>
1000604a:	2800      	cmp	r0, #0
1000604c:	d0d5      	beq.n	10005ffa <vendord_open+0x12>
1000604e:	7932      	ldrb	r2, [r6, #4]
10006050:	00d3      	lsls	r3, r2, #3
10006052:	1a9b      	subs	r3, r3, r2
10006054:	18e4      	adds	r4, r4, r3
10006056:	4643      	mov	r3, r8
10006058:	7859      	ldrb	r1, [r3, #1]
1000605a:	1e5f      	subs	r7, r3, #1
1000605c:	2900      	cmp	r1, #0
1000605e:	d109      	bne.n	10006074 <vendord_open+0x8c>
10006060:	786b      	ldrb	r3, [r5, #1]
10006062:	2b00      	cmp	r3, #0
10006064:	d102      	bne.n	1000606c <vendord_open+0x84>
10006066:	1ba0      	subs	r0, r4, r6
10006068:	b280      	uxth	r0, r0
1000606a:	e7c7      	b.n	10005ffc <vendord_open+0x14>
1000606c:	2000      	movs	r0, #0
1000606e:	f7ff ff2d 	bl	10005ecc <tud_vendor_n_write_flush>
10006072:	e7f8      	b.n	10006066 <vendord_open+0x7e>
10006074:	2000      	movs	r0, #0
10006076:	f7ff fb07 	bl	10005688 <usbd_edpt_claim>
1000607a:	2800      	cmp	r0, #0
1000607c:	d0f0      	beq.n	10006060 <vendord_open+0x78>
1000607e:	4643      	mov	r3, r8
10006080:	1cd8      	adds	r0, r3, #3
10006082:	f000 f96f 	bl	10006364 <tu_fifo_remaining>
10006086:	283f      	cmp	r0, #63	; 0x3f
10006088:	d907      	bls.n	1000609a <vendord_open+0xb2>
1000608a:	4a08      	ldr	r2, [pc, #32]	; (100060ac <vendord_open+0xc4>)
1000608c:	2340      	movs	r3, #64	; 0x40
1000608e:	78b9      	ldrb	r1, [r7, #2]
10006090:	4442      	add	r2, r8
10006092:	2000      	movs	r0, #0
10006094:	f7ff fb20 	bl	100056d8 <usbd_edpt_xfer>
10006098:	e7e2      	b.n	10006060 <vendord_open+0x78>
1000609a:	78b9      	ldrb	r1, [r7, #2]
1000609c:	2000      	movs	r0, #0
1000609e:	f7ff fb07 	bl	100056b0 <usbd_edpt_release>
100060a2:	e7dd      	b.n	10006060 <vendord_open+0x78>
100060a4:	200018b4 	.word	0x200018b4
100060a8:	200018b5 	.word	0x200018b5
100060ac:	0000023b 	.word	0x0000023b

100060b0 <vendord_xfer_cb>:
100060b0:	b570      	push	{r4, r5, r6, lr}
100060b2:	4c2d      	ldr	r4, [pc, #180]	; (10006168 <vendord_xfer_cb+0xb8>)
100060b4:	0006      	movs	r6, r0
100060b6:	78a2      	ldrb	r2, [r4, #2]
100060b8:	001d      	movs	r5, r3
100060ba:	428a      	cmp	r2, r1
100060bc:	d014      	beq.n	100060e8 <vendord_xfer_cb+0x38>
100060be:	7863      	ldrb	r3, [r4, #1]
100060c0:	428b      	cmp	r3, r1
100060c2:	d10e      	bne.n	100060e2 <vendord_xfer_cb+0x32>
100060c4:	4b29      	ldr	r3, [pc, #164]	; (1000616c <vendord_xfer_cb+0xbc>)
100060c6:	2b00      	cmp	r3, #0
100060c8:	d004      	beq.n	100060d4 <vendord_xfer_cb+0x24>
100060ca:	0429      	lsls	r1, r5, #16
100060cc:	2000      	movs	r0, #0
100060ce:	0c09      	lsrs	r1, r1, #16
100060d0:	e000      	b.n	100060d4 <vendord_xfer_cb+0x24>
100060d2:	bf00      	nop
100060d4:	2000      	movs	r0, #0
100060d6:	f7ff fef9 	bl	10005ecc <tud_vendor_n_write_flush>
100060da:	2800      	cmp	r0, #0
100060dc:	d026      	beq.n	1000612c <vendord_xfer_cb+0x7c>
100060de:	2501      	movs	r5, #1
100060e0:	e000      	b.n	100060e4 <vendord_xfer_cb+0x34>
100060e2:	2500      	movs	r5, #0
100060e4:	0028      	movs	r0, r5
100060e6:	bd70      	pop	{r4, r5, r6, pc}
100060e8:	b29a      	uxth	r2, r3
100060ea:	238f      	movs	r3, #143	; 0x8f
100060ec:	009b      	lsls	r3, r3, #2
100060ee:	18e1      	adds	r1, r4, r3
100060f0:	1d20      	adds	r0, r4, #4
100060f2:	f000 fa57 	bl	100065a4 <tu_fifo_write_n>
100060f6:	4b1e      	ldr	r3, [pc, #120]	; (10006170 <vendord_xfer_cb+0xc0>)
100060f8:	2b00      	cmp	r3, #0
100060fa:	d002      	beq.n	10006102 <vendord_xfer_cb+0x52>
100060fc:	2000      	movs	r0, #0
100060fe:	e000      	b.n	10006102 <vendord_xfer_cb+0x52>
10006100:	bf00      	nop
10006102:	2000      	movs	r0, #0
10006104:	78a1      	ldrb	r1, [r4, #2]
10006106:	f7ff fabf 	bl	10005688 <usbd_edpt_claim>
1000610a:	1e05      	subs	r5, r0, #0
1000610c:	d0e7      	beq.n	100060de <vendord_xfer_cb+0x2e>
1000610e:	1d20      	adds	r0, r4, #4
10006110:	f000 f928 	bl	10006364 <tu_fifo_remaining>
10006114:	283f      	cmp	r0, #63	; 0x3f
10006116:	d921      	bls.n	1000615c <vendord_xfer_cb+0xac>
10006118:	238f      	movs	r3, #143	; 0x8f
1000611a:	009b      	lsls	r3, r3, #2
1000611c:	18e2      	adds	r2, r4, r3
1000611e:	3bfd      	subs	r3, #253	; 0xfd
10006120:	78a1      	ldrb	r1, [r4, #2]
10006122:	3bff      	subs	r3, #255	; 0xff
10006124:	2000      	movs	r0, #0
10006126:	f7ff fad7 	bl	100056d8 <usbd_edpt_xfer>
1000612a:	e7db      	b.n	100060e4 <vendord_xfer_cb+0x34>
1000612c:	4c11      	ldr	r4, [pc, #68]	; (10006174 <vendord_xfer_cb+0xc4>)
1000612e:	0020      	movs	r0, r4
10006130:	f000 f8fa 	bl	10006328 <tu_fifo_count>
10006134:	2800      	cmp	r0, #0
10006136:	d1d2      	bne.n	100060de <vendord_xfer_cb+0x2e>
10006138:	2d00      	cmp	r5, #0
1000613a:	d0d0      	beq.n	100060de <vendord_xfer_cb+0x2e>
1000613c:	06ab      	lsls	r3, r5, #26
1000613e:	d1ce      	bne.n	100060de <vendord_xfer_cb+0x2e>
10006140:	3c18      	subs	r4, #24
10006142:	0030      	movs	r0, r6
10006144:	7861      	ldrb	r1, [r4, #1]
10006146:	f7ff fa9f 	bl	10005688 <usbd_edpt_claim>
1000614a:	1e05      	subs	r5, r0, #0
1000614c:	d0c7      	beq.n	100060de <vendord_xfer_cb+0x2e>
1000614e:	2300      	movs	r3, #0
10006150:	0030      	movs	r0, r6
10006152:	001a      	movs	r2, r3
10006154:	7861      	ldrb	r1, [r4, #1]
10006156:	f7ff fabf 	bl	100056d8 <usbd_edpt_xfer>
1000615a:	e7c3      	b.n	100060e4 <vendord_xfer_cb+0x34>
1000615c:	78a1      	ldrb	r1, [r4, #2]
1000615e:	2000      	movs	r0, #0
10006160:	f7ff faa6 	bl	100056b0 <usbd_edpt_release>
10006164:	e7be      	b.n	100060e4 <vendord_xfer_cb+0x34>
10006166:	46c0      	nop			; (mov r8, r8)
10006168:	200018b4 	.word	0x200018b4
	...
10006174:	200018cc 	.word	0x200018cc

10006178 <tusb_init>:
10006178:	b510      	push	{r4, lr}
1000617a:	2000      	movs	r0, #0
1000617c:	f7fe fdaa 	bl	10004cd4 <tud_init>
10006180:	bd10      	pop	{r4, pc}
10006182:	46c0      	nop			; (mov r8, r8)

10006184 <tu_edpt_claim>:
10006184:	7803      	ldrb	r3, [r0, #0]
10006186:	b570      	push	{r4, r5, r6, lr}
10006188:	07db      	lsls	r3, r3, #31
1000618a:	0004      	movs	r4, r0
1000618c:	000e      	movs	r6, r1
1000618e:	0fdd      	lsrs	r5, r3, #31
10006190:	2b00      	cmp	r3, #0
10006192:	d117      	bne.n	100061c4 <tu_edpt_claim+0x40>
10006194:	7803      	ldrb	r3, [r0, #0]
10006196:	075b      	lsls	r3, r3, #29
10006198:	d501      	bpl.n	1000619e <tu_edpt_claim+0x1a>
1000619a:	0028      	movs	r0, r5
1000619c:	bd70      	pop	{r4, r5, r6, pc}
1000619e:	2101      	movs	r1, #1
100061a0:	0030      	movs	r0, r6
100061a2:	4249      	negs	r1, r1
100061a4:	f000 fca8 	bl	10006af8 <__mutex_enter_timeout_ms_veneer>
100061a8:	7823      	ldrb	r3, [r4, #0]
100061aa:	07db      	lsls	r3, r3, #31
100061ac:	0fdd      	lsrs	r5, r3, #31
100061ae:	2b00      	cmp	r3, #0
100061b0:	d10a      	bne.n	100061c8 <tu_edpt_claim+0x44>
100061b2:	7823      	ldrb	r3, [r4, #0]
100061b4:	075b      	lsls	r3, r3, #29
100061b6:	d408      	bmi.n	100061ca <tu_edpt_claim+0x46>
100061b8:	2204      	movs	r2, #4
100061ba:	7823      	ldrb	r3, [r4, #0]
100061bc:	2501      	movs	r5, #1
100061be:	4313      	orrs	r3, r2
100061c0:	7023      	strb	r3, [r4, #0]
100061c2:	e002      	b.n	100061ca <tu_edpt_claim+0x46>
100061c4:	2500      	movs	r5, #0
100061c6:	e7e8      	b.n	1000619a <tu_edpt_claim+0x16>
100061c8:	2500      	movs	r5, #0
100061ca:	0030      	movs	r0, r6
100061cc:	f000 fc6c 	bl	10006aa8 <__mutex_exit_veneer>
100061d0:	e7e3      	b.n	1000619a <tu_edpt_claim+0x16>
100061d2:	46c0      	nop			; (mov r8, r8)

100061d4 <tu_edpt_release>:
100061d4:	b570      	push	{r4, r5, r6, lr}
100061d6:	000d      	movs	r5, r1
100061d8:	2101      	movs	r1, #1
100061da:	0004      	movs	r4, r0
100061dc:	4249      	negs	r1, r1
100061de:	0028      	movs	r0, r5
100061e0:	f000 fc8a 	bl	10006af8 <__mutex_enter_timeout_ms_veneer>
100061e4:	7823      	ldrb	r3, [r4, #0]
100061e6:	075b      	lsls	r3, r3, #29
100061e8:	0fde      	lsrs	r6, r3, #31
100061ea:	2b00      	cmp	r3, #0
100061ec:	db04      	blt.n	100061f8 <tu_edpt_release+0x24>
100061ee:	0028      	movs	r0, r5
100061f0:	f000 fc5a 	bl	10006aa8 <__mutex_exit_veneer>
100061f4:	0030      	movs	r0, r6
100061f6:	bd70      	pop	{r4, r5, r6, pc}
100061f8:	7823      	ldrb	r3, [r4, #0]
100061fa:	07db      	lsls	r3, r3, #31
100061fc:	d404      	bmi.n	10006208 <tu_edpt_release+0x34>
100061fe:	2204      	movs	r2, #4
10006200:	7823      	ldrb	r3, [r4, #0]
10006202:	4393      	bics	r3, r2
10006204:	7023      	strb	r3, [r4, #0]
10006206:	e7f2      	b.n	100061ee <tu_edpt_release+0x1a>
10006208:	2600      	movs	r6, #0
1000620a:	e7f0      	b.n	100061ee <tu_edpt_release+0x1a>

1000620c <tu_edpt_validate>:
1000620c:	b510      	push	{r4, lr}
1000620e:	7943      	ldrb	r3, [r0, #5]
10006210:	7904      	ldrb	r4, [r0, #4]
10006212:	021b      	lsls	r3, r3, #8
10006214:	4323      	orrs	r3, r4
10006216:	055b      	lsls	r3, r3, #21
10006218:	0d5a      	lsrs	r2, r3, #21
1000621a:	78c3      	ldrb	r3, [r0, #3]
1000621c:	079b      	lsls	r3, r3, #30
1000621e:	0f9b      	lsrs	r3, r3, #30
10006220:	2b02      	cmp	r3, #2
10006222:	d005      	beq.n	10006230 <tu_edpt_validate+0x24>
10006224:	2b03      	cmp	r3, #3
10006226:	d015      	beq.n	10006254 <tu_edpt_validate+0x48>
10006228:	2000      	movs	r0, #0
1000622a:	2b01      	cmp	r3, #1
1000622c:	d008      	beq.n	10006240 <tu_edpt_validate+0x34>
1000622e:	bd10      	pop	{r4, pc}
10006230:	2902      	cmp	r1, #2
10006232:	d01c      	beq.n	1000626e <tu_edpt_validate+0x62>
10006234:	2000      	movs	r0, #0
10006236:	2340      	movs	r3, #64	; 0x40
10006238:	4293      	cmp	r3, r2
1000623a:	4140      	adcs	r0, r0
1000623c:	b2c0      	uxtb	r0, r0
1000623e:	e7f6      	b.n	1000622e <tu_edpt_validate+0x22>
10006240:	3902      	subs	r1, #2
10006242:	424b      	negs	r3, r1
10006244:	4159      	adcs	r1, r3
10006246:	4b0d      	ldr	r3, [pc, #52]	; (1000627c <tu_edpt_validate+0x70>)
10006248:	469c      	mov	ip, r3
1000624a:	4461      	add	r1, ip
1000624c:	4291      	cmp	r1, r2
1000624e:	4140      	adcs	r0, r0
10006250:	b2c0      	uxtb	r0, r0
10006252:	e7ec      	b.n	1000622e <tu_edpt_validate+0x22>
10006254:	3902      	subs	r1, #2
10006256:	424b      	negs	r3, r1
10006258:	4159      	adcs	r1, r3
1000625a:	23f0      	movs	r3, #240	; 0xf0
1000625c:	2000      	movs	r0, #0
1000625e:	4249      	negs	r1, r1
10006260:	009b      	lsls	r3, r3, #2
10006262:	4019      	ands	r1, r3
10006264:	3140      	adds	r1, #64	; 0x40
10006266:	4291      	cmp	r1, r2
10006268:	4140      	adcs	r0, r0
1000626a:	b2c0      	uxtb	r0, r0
1000626c:	e7df      	b.n	1000622e <tu_edpt_validate+0x22>
1000626e:	4b04      	ldr	r3, [pc, #16]	; (10006280 <tu_edpt_validate+0x74>)
10006270:	18d3      	adds	r3, r2, r3
10006272:	425a      	negs	r2, r3
10006274:	4153      	adcs	r3, r2
10006276:	b2d8      	uxtb	r0, r3
10006278:	e7d9      	b.n	1000622e <tu_edpt_validate+0x22>
1000627a:	46c0      	nop			; (mov r8, r8)
1000627c:	000003ff 	.word	0x000003ff
10006280:	fffffe00 	.word	0xfffffe00

10006284 <tu_edpt_bind_driver>:
10006284:	188a      	adds	r2, r1, r2
10006286:	b570      	push	{r4, r5, r6, lr}
10006288:	4291      	cmp	r1, r2
1000628a:	d207      	bcs.n	1000629c <tu_edpt_bind_driver+0x18>
1000628c:	267f      	movs	r6, #127	; 0x7f
1000628e:	784c      	ldrb	r4, [r1, #1]
10006290:	2c05      	cmp	r4, #5
10006292:	d004      	beq.n	1000629e <tu_edpt_bind_driver+0x1a>
10006294:	780c      	ldrb	r4, [r1, #0]
10006296:	1909      	adds	r1, r1, r4
10006298:	428a      	cmp	r2, r1
1000629a:	d8f8      	bhi.n	1000628e <tu_edpt_bind_driver+0xa>
1000629c:	bd70      	pop	{r4, r5, r6, pc}
1000629e:	0034      	movs	r4, r6
100062a0:	788d      	ldrb	r5, [r1, #2]
100062a2:	402c      	ands	r4, r5
100062a4:	0064      	lsls	r4, r4, #1
100062a6:	1904      	adds	r4, r0, r4
100062a8:	09ed      	lsrs	r5, r5, #7
100062aa:	5563      	strb	r3, [r4, r5]
100062ac:	780c      	ldrb	r4, [r1, #0]
100062ae:	1909      	adds	r1, r1, r4
100062b0:	428a      	cmp	r2, r1
100062b2:	d8ec      	bhi.n	1000628e <tu_edpt_bind_driver+0xa>
100062b4:	e7f2      	b.n	1000629c <tu_edpt_bind_driver+0x18>
100062b6:	46c0      	nop			; (mov r8, r8)

100062b8 <tu_fifo_config>:
100062b8:	b5f0      	push	{r4, r5, r6, r7, lr}
100062ba:	46c6      	mov	lr, r8
100062bc:	b500      	push	{lr}
100062be:	0004      	movs	r4, r0
100062c0:	a806      	add	r0, sp, #24
100062c2:	7805      	ldrb	r5, [r0, #0]
100062c4:	2080      	movs	r0, #128	; 0x80
100062c6:	4688      	mov	r8, r1
100062c8:	0017      	movs	r7, r2
100062ca:	001e      	movs	r6, r3
100062cc:	0200      	lsls	r0, r0, #8
100062ce:	4282      	cmp	r2, r0
100062d0:	d827      	bhi.n	10006322 <tu_fifo_config+0x6a>
100062d2:	68e0      	ldr	r0, [r4, #12]
100062d4:	2800      	cmp	r0, #0
100062d6:	d003      	beq.n	100062e0 <tu_fifo_config+0x28>
100062d8:	2101      	movs	r1, #1
100062da:	4249      	negs	r1, r1
100062dc:	f000 fc0c 	bl	10006af8 <__mutex_enter_timeout_ms_veneer>
100062e0:	6920      	ldr	r0, [r4, #16]
100062e2:	2800      	cmp	r0, #0
100062e4:	d003      	beq.n	100062ee <tu_fifo_config+0x36>
100062e6:	2101      	movs	r1, #1
100062e8:	4249      	negs	r1, r1
100062ea:	f000 fc05 	bl	10006af8 <__mutex_enter_timeout_ms_veneer>
100062ee:	4643      	mov	r3, r8
100062f0:	6023      	str	r3, [r4, #0]
100062f2:	0473      	lsls	r3, r6, #17
100062f4:	0c5b      	lsrs	r3, r3, #17
100062f6:	03ed      	lsls	r5, r5, #15
100062f8:	431d      	orrs	r5, r3
100062fa:	2300      	movs	r3, #0
100062fc:	68e0      	ldr	r0, [r4, #12]
100062fe:	8163      	strh	r3, [r4, #10]
10006300:	80a7      	strh	r7, [r4, #4]
10006302:	80e5      	strh	r5, [r4, #6]
10006304:	8123      	strh	r3, [r4, #8]
10006306:	2800      	cmp	r0, #0
10006308:	d001      	beq.n	1000630e <tu_fifo_config+0x56>
1000630a:	f000 fbcd 	bl	10006aa8 <__mutex_exit_veneer>
1000630e:	6920      	ldr	r0, [r4, #16]
10006310:	2401      	movs	r4, #1
10006312:	2800      	cmp	r0, #0
10006314:	d001      	beq.n	1000631a <tu_fifo_config+0x62>
10006316:	f000 fbc7 	bl	10006aa8 <__mutex_exit_veneer>
1000631a:	0020      	movs	r0, r4
1000631c:	bc80      	pop	{r7}
1000631e:	46b8      	mov	r8, r7
10006320:	bdf0      	pop	{r4, r5, r6, r7, pc}
10006322:	2400      	movs	r4, #0
10006324:	e7f9      	b.n	1000631a <tu_fifo_config+0x62>
10006326:	46c0      	nop			; (mov r8, r8)

10006328 <tu_fifo_count>:
10006328:	b510      	push	{r4, lr}
1000632a:	8904      	ldrh	r4, [r0, #8]
1000632c:	8941      	ldrh	r1, [r0, #10]
1000632e:	8882      	ldrh	r2, [r0, #4]
10006330:	b2a3      	uxth	r3, r4
10006332:	b288      	uxth	r0, r1
10006334:	428c      	cmp	r4, r1
10006336:	d307      	bcc.n	10006348 <tu_fifo_count+0x20>
10006338:	1a1b      	subs	r3, r3, r0
1000633a:	b29b      	uxth	r3, r3
1000633c:	1c10      	adds	r0, r2, #0
1000633e:	429a      	cmp	r2, r3
10006340:	d900      	bls.n	10006344 <tu_fifo_count+0x1c>
10006342:	1c18      	adds	r0, r3, #0
10006344:	b280      	uxth	r0, r0
10006346:	bd10      	pop	{r4, pc}
10006348:	0051      	lsls	r1, r2, #1
1000634a:	1a09      	subs	r1, r1, r0
1000634c:	185b      	adds	r3, r3, r1
1000634e:	b29b      	uxth	r3, r3
10006350:	e7f4      	b.n	1000633c <tu_fifo_count+0x14>
10006352:	46c0      	nop			; (mov r8, r8)

10006354 <tu_fifo_empty>:
10006354:	0003      	movs	r3, r0
10006356:	8900      	ldrh	r0, [r0, #8]
10006358:	895b      	ldrh	r3, [r3, #10]
1000635a:	1ac0      	subs	r0, r0, r3
1000635c:	4243      	negs	r3, r0
1000635e:	4158      	adcs	r0, r3
10006360:	b2c0      	uxtb	r0, r0
10006362:	4770      	bx	lr

10006364 <tu_fifo_remaining>:
10006364:	b510      	push	{r4, lr}
10006366:	8904      	ldrh	r4, [r0, #8]
10006368:	8941      	ldrh	r1, [r0, #10]
1000636a:	8882      	ldrh	r2, [r0, #4]
1000636c:	b2a3      	uxth	r3, r4
1000636e:	b288      	uxth	r0, r1
10006370:	428c      	cmp	r4, r1
10006372:	d307      	bcc.n	10006384 <tu_fifo_remaining+0x20>
10006374:	1a1b      	subs	r3, r3, r0
10006376:	b29b      	uxth	r3, r3
10006378:	2000      	movs	r0, #0
1000637a:	429a      	cmp	r2, r3
1000637c:	d901      	bls.n	10006382 <tu_fifo_remaining+0x1e>
1000637e:	1ad3      	subs	r3, r2, r3
10006380:	b298      	uxth	r0, r3
10006382:	bd10      	pop	{r4, pc}
10006384:	0051      	lsls	r1, r2, #1
10006386:	1a09      	subs	r1, r1, r0
10006388:	185b      	adds	r3, r3, r1
1000638a:	b29b      	uxth	r3, r3
1000638c:	e7f4      	b.n	10006378 <tu_fifo_remaining+0x14>
1000638e:	46c0      	nop			; (mov r8, r8)

10006390 <tu_fifo_read>:
10006390:	b570      	push	{r4, r5, r6, lr}
10006392:	0004      	movs	r4, r0
10006394:	6900      	ldr	r0, [r0, #16]
10006396:	000e      	movs	r6, r1
10006398:	2800      	cmp	r0, #0
1000639a:	d003      	beq.n	100063a4 <tu_fifo_read+0x14>
1000639c:	2101      	movs	r1, #1
1000639e:	4249      	negs	r1, r1
100063a0:	f000 fbaa 	bl	10006af8 <__mutex_enter_timeout_ms_veneer>
100063a4:	8925      	ldrh	r5, [r4, #8]
100063a6:	8960      	ldrh	r0, [r4, #10]
100063a8:	88a2      	ldrh	r2, [r4, #4]
100063aa:	b2a9      	uxth	r1, r5
100063ac:	b283      	uxth	r3, r0
100063ae:	4285      	cmp	r5, r0
100063b0:	d32c      	bcc.n	1000640c <tu_fifo_read+0x7c>
100063b2:	1acd      	subs	r5, r1, r3
100063b4:	b2ad      	uxth	r5, r5
100063b6:	2d00      	cmp	r5, #0
100063b8:	d02e      	beq.n	10006418 <tu_fifo_read+0x88>
100063ba:	42aa      	cmp	r2, r5
100063bc:	d208      	bcs.n	100063d0 <tu_fifo_read+0x40>
100063be:	4291      	cmp	r1, r2
100063c0:	d331      	bcc.n	10006426 <tu_fifo_read+0x96>
100063c2:	1a8b      	subs	r3, r1, r2
100063c4:	b29b      	uxth	r3, r3
100063c6:	8163      	strh	r3, [r4, #10]
100063c8:	429a      	cmp	r2, r3
100063ca:	d803      	bhi.n	100063d4 <tu_fifo_read+0x44>
100063cc:	1a9b      	subs	r3, r3, r2
100063ce:	b29b      	uxth	r3, r3
100063d0:	429a      	cmp	r2, r3
100063d2:	d9fb      	bls.n	100063cc <tu_fifo_read+0x3c>
100063d4:	88e2      	ldrh	r2, [r4, #6]
100063d6:	6821      	ldr	r1, [r4, #0]
100063d8:	0452      	lsls	r2, r2, #17
100063da:	0c52      	lsrs	r2, r2, #17
100063dc:	4353      	muls	r3, r2
100063de:	0030      	movs	r0, r6
100063e0:	18c9      	adds	r1, r1, r3
100063e2:	f7fc f9f1 	bl	100027c8 <__wrap___aeabi_memcpy>
100063e6:	8961      	ldrh	r1, [r4, #10]
100063e8:	2501      	movs	r5, #1
100063ea:	1c4b      	adds	r3, r1, #1
100063ec:	b29b      	uxth	r3, r3
100063ee:	88a2      	ldrh	r2, [r4, #4]
100063f0:	4299      	cmp	r1, r3
100063f2:	d914      	bls.n	1000641e <tu_fifo_read+0x8e>
100063f4:	2300      	movs	r3, #0
100063f6:	0052      	lsls	r2, r2, #1
100063f8:	1a9b      	subs	r3, r3, r2
100063fa:	b29b      	uxth	r3, r3
100063fc:	6920      	ldr	r0, [r4, #16]
100063fe:	8163      	strh	r3, [r4, #10]
10006400:	2800      	cmp	r0, #0
10006402:	d001      	beq.n	10006408 <tu_fifo_read+0x78>
10006404:	f000 fb50 	bl	10006aa8 <__mutex_exit_veneer>
10006408:	0028      	movs	r0, r5
1000640a:	bd70      	pop	{r4, r5, r6, pc}
1000640c:	0055      	lsls	r5, r2, #1
1000640e:	1aed      	subs	r5, r5, r3
10006410:	194d      	adds	r5, r1, r5
10006412:	b2ad      	uxth	r5, r5
10006414:	2d00      	cmp	r5, #0
10006416:	d1d0      	bne.n	100063ba <tu_fifo_read+0x2a>
10006418:	2500      	movs	r5, #0
1000641a:	8963      	ldrh	r3, [r4, #10]
1000641c:	b29b      	uxth	r3, r3
1000641e:	0052      	lsls	r2, r2, #1
10006420:	4293      	cmp	r3, r2
10006422:	dbeb      	blt.n	100063fc <tu_fifo_read+0x6c>
10006424:	e7e8      	b.n	100063f8 <tu_fifo_read+0x68>
10006426:	1889      	adds	r1, r1, r2
10006428:	b28b      	uxth	r3, r1
1000642a:	8163      	strh	r3, [r4, #10]
1000642c:	e7cc      	b.n	100063c8 <tu_fifo_read+0x38>
1000642e:	46c0      	nop			; (mov r8, r8)

10006430 <tu_fifo_read_n>:
10006430:	b5f0      	push	{r4, r5, r6, r7, lr}
10006432:	4646      	mov	r6, r8
10006434:	464f      	mov	r7, r9
10006436:	46d6      	mov	lr, sl
10006438:	b5c0      	push	{r6, r7, lr}
1000643a:	0006      	movs	r6, r0
1000643c:	6900      	ldr	r0, [r0, #16]
1000643e:	4689      	mov	r9, r1
10006440:	4690      	mov	r8, r2
10006442:	2800      	cmp	r0, #0
10006444:	d003      	beq.n	1000644e <tu_fifo_read_n+0x1e>
10006446:	2101      	movs	r1, #1
10006448:	4249      	negs	r1, r1
1000644a:	f000 fb55 	bl	10006af8 <__mutex_enter_timeout_ms_veneer>
1000644e:	8931      	ldrh	r1, [r6, #8]
10006450:	8972      	ldrh	r2, [r6, #10]
10006452:	88b5      	ldrh	r5, [r6, #4]
10006454:	b28b      	uxth	r3, r1
10006456:	b294      	uxth	r4, r2
10006458:	4291      	cmp	r1, r2
1000645a:	d357      	bcc.n	1000650c <tu_fifo_read_n+0xdc>
1000645c:	1b1f      	subs	r7, r3, r4
1000645e:	b2bf      	uxth	r7, r7
10006460:	2f00      	cmp	r7, #0
10006462:	d04d      	beq.n	10006500 <tu_fifo_read_n+0xd0>
10006464:	42bd      	cmp	r5, r7
10006466:	d205      	bcs.n	10006474 <tu_fifo_read_n+0x44>
10006468:	42ab      	cmp	r3, r5
1000646a:	d254      	bcs.n	10006516 <tu_fifo_read_n+0xe6>
1000646c:	195b      	adds	r3, r3, r5
1000646e:	b29c      	uxth	r4, r3
10006470:	002f      	movs	r7, r5
10006472:	8174      	strh	r4, [r6, #10]
10006474:	4643      	mov	r3, r8
10006476:	45b8      	cmp	r8, r7
10006478:	d840      	bhi.n	100064fc <tu_fifo_read_n+0xcc>
1000647a:	b29f      	uxth	r7, r3
1000647c:	42a5      	cmp	r5, r4
1000647e:	d803      	bhi.n	10006488 <tu_fifo_read_n+0x58>
10006480:	1b64      	subs	r4, r4, r5
10006482:	b2a4      	uxth	r4, r4
10006484:	42a5      	cmp	r5, r4
10006486:	d9fb      	bls.n	10006480 <tu_fifo_read_n+0x50>
10006488:	88f2      	ldrh	r2, [r6, #6]
1000648a:	1b28      	subs	r0, r5, r4
1000648c:	0452      	lsls	r2, r2, #17
1000648e:	0c53      	lsrs	r3, r2, #17
10006490:	0019      	movs	r1, r3
10006492:	4698      	mov	r8, r3
10006494:	6833      	ldr	r3, [r6, #0]
10006496:	4361      	muls	r1, r4
10006498:	469c      	mov	ip, r3
1000649a:	b280      	uxth	r0, r0
1000649c:	4461      	add	r1, ip
1000649e:	4287      	cmp	r7, r0
100064a0:	d926      	bls.n	100064f0 <tu_fifo_read_n+0xc0>
100064a2:	4643      	mov	r3, r8
100064a4:	4358      	muls	r0, r3
100064a6:	b283      	uxth	r3, r0
100064a8:	001a      	movs	r2, r3
100064aa:	4648      	mov	r0, r9
100064ac:	469a      	mov	sl, r3
100064ae:	f7fc f98b 	bl	100027c8 <__wrap___aeabi_memcpy>
100064b2:	4643      	mov	r3, r8
100064b4:	4648      	mov	r0, r9
100064b6:	1b7d      	subs	r5, r7, r5
100064b8:	1964      	adds	r4, r4, r5
100064ba:	435c      	muls	r4, r3
100064bc:	6831      	ldr	r1, [r6, #0]
100064be:	4450      	add	r0, sl
100064c0:	b2a2      	uxth	r2, r4
100064c2:	f7fc f981 	bl	100027c8 <__wrap___aeabi_memcpy>
100064c6:	8971      	ldrh	r1, [r6, #10]
100064c8:	88b5      	ldrh	r5, [r6, #4]
100064ca:	19cb      	adds	r3, r1, r7
100064cc:	b29b      	uxth	r3, r3
100064ce:	006a      	lsls	r2, r5, #1
100064d0:	4299      	cmp	r1, r3
100064d2:	d917      	bls.n	10006504 <tu_fifo_read_n+0xd4>
100064d4:	1a9b      	subs	r3, r3, r2
100064d6:	b29b      	uxth	r3, r3
100064d8:	6930      	ldr	r0, [r6, #16]
100064da:	8173      	strh	r3, [r6, #10]
100064dc:	2800      	cmp	r0, #0
100064de:	d001      	beq.n	100064e4 <tu_fifo_read_n+0xb4>
100064e0:	f000 fae2 	bl	10006aa8 <__mutex_exit_veneer>
100064e4:	0038      	movs	r0, r7
100064e6:	bce0      	pop	{r5, r6, r7}
100064e8:	46ba      	mov	sl, r7
100064ea:	46b1      	mov	r9, r6
100064ec:	46a8      	mov	r8, r5
100064ee:	bdf0      	pop	{r4, r5, r6, r7, pc}
100064f0:	4642      	mov	r2, r8
100064f2:	4648      	mov	r0, r9
100064f4:	437a      	muls	r2, r7
100064f6:	f7fc f967 	bl	100027c8 <__wrap___aeabi_memcpy>
100064fa:	e7e4      	b.n	100064c6 <tu_fifo_read_n+0x96>
100064fc:	1c3b      	adds	r3, r7, #0
100064fe:	e7bc      	b.n	1000647a <tu_fifo_read_n+0x4a>
10006500:	8973      	ldrh	r3, [r6, #10]
10006502:	b29b      	uxth	r3, r3
10006504:	006a      	lsls	r2, r5, #1
10006506:	4293      	cmp	r3, r2
10006508:	dbe6      	blt.n	100064d8 <tu_fifo_read_n+0xa8>
1000650a:	e7e3      	b.n	100064d4 <tu_fifo_read_n+0xa4>
1000650c:	006f      	lsls	r7, r5, #1
1000650e:	1b3f      	subs	r7, r7, r4
10006510:	19df      	adds	r7, r3, r7
10006512:	b2bf      	uxth	r7, r7
10006514:	e7a4      	b.n	10006460 <tu_fifo_read_n+0x30>
10006516:	1b5b      	subs	r3, r3, r5
10006518:	b29c      	uxth	r4, r3
1000651a:	e7a9      	b.n	10006470 <tu_fifo_read_n+0x40>

1000651c <tu_fifo_write>:
1000651c:	b5f8      	push	{r3, r4, r5, r6, r7, lr}
1000651e:	0004      	movs	r4, r0
10006520:	68c0      	ldr	r0, [r0, #12]
10006522:	000e      	movs	r6, r1
10006524:	2800      	cmp	r0, #0
10006526:	d003      	beq.n	10006530 <tu_fifo_write+0x14>
10006528:	2101      	movs	r1, #1
1000652a:	4249      	negs	r1, r1
1000652c:	f000 fae4 	bl	10006af8 <__mutex_enter_timeout_ms_veneer>
10006530:	8925      	ldrh	r5, [r4, #8]
10006532:	8920      	ldrh	r0, [r4, #8]
10006534:	8961      	ldrh	r1, [r4, #10]
10006536:	88a2      	ldrh	r2, [r4, #4]
10006538:	b2ad      	uxth	r5, r5
1000653a:	b283      	uxth	r3, r0
1000653c:	b28f      	uxth	r7, r1
1000653e:	4288      	cmp	r0, r1
10006540:	d328      	bcc.n	10006594 <tu_fifo_write+0x78>
10006542:	1bdb      	subs	r3, r3, r7
10006544:	b29b      	uxth	r3, r3
10006546:	429a      	cmp	r2, r3
10006548:	d809      	bhi.n	1000655e <tu_fifo_write+0x42>
1000654a:	79e7      	ldrb	r7, [r4, #7]
1000654c:	09ff      	lsrs	r7, r7, #7
1000654e:	d106      	bne.n	1000655e <tu_fifo_write+0x42>
10006550:	68e0      	ldr	r0, [r4, #12]
10006552:	2800      	cmp	r0, #0
10006554:	d001      	beq.n	1000655a <tu_fifo_write+0x3e>
10006556:	f000 faa7 	bl	10006aa8 <__mutex_exit_veneer>
1000655a:	0038      	movs	r0, r7
1000655c:	bdf8      	pop	{r3, r4, r5, r6, r7, pc}
1000655e:	002b      	movs	r3, r5
10006560:	4295      	cmp	r5, r2
10006562:	d303      	bcc.n	1000656c <tu_fifo_write+0x50>
10006564:	1a9b      	subs	r3, r3, r2
10006566:	b29b      	uxth	r3, r3
10006568:	4293      	cmp	r3, r2
1000656a:	d2fb      	bcs.n	10006564 <tu_fifo_write+0x48>
1000656c:	88e2      	ldrh	r2, [r4, #6]
1000656e:	6821      	ldr	r1, [r4, #0]
10006570:	0452      	lsls	r2, r2, #17
10006572:	0c52      	lsrs	r2, r2, #17
10006574:	4353      	muls	r3, r2
10006576:	18c8      	adds	r0, r1, r3
10006578:	0031      	movs	r1, r6
1000657a:	f7fc f925 	bl	100027c8 <__wrap___aeabi_memcpy>
1000657e:	88a2      	ldrh	r2, [r4, #4]
10006580:	1c6b      	adds	r3, r5, #1
10006582:	b29b      	uxth	r3, r3
10006584:	0052      	lsls	r2, r2, #1
10006586:	429d      	cmp	r5, r3
10006588:	d909      	bls.n	1000659e <tu_fifo_write+0x82>
1000658a:	1a9b      	subs	r3, r3, r2
1000658c:	b29b      	uxth	r3, r3
1000658e:	2701      	movs	r7, #1
10006590:	8123      	strh	r3, [r4, #8]
10006592:	e7dd      	b.n	10006550 <tu_fifo_write+0x34>
10006594:	0051      	lsls	r1, r2, #1
10006596:	1bc9      	subs	r1, r1, r7
10006598:	185b      	adds	r3, r3, r1
1000659a:	b29b      	uxth	r3, r3
1000659c:	e7d3      	b.n	10006546 <tu_fifo_write+0x2a>
1000659e:	4293      	cmp	r3, r2
100065a0:	dbf5      	blt.n	1000658e <tu_fifo_write+0x72>
100065a2:	e7f2      	b.n	1000658a <tu_fifo_write+0x6e>

100065a4 <tu_fifo_write_n>:
100065a4:	b5f0      	push	{r4, r5, r6, r7, lr}
100065a6:	464e      	mov	r6, r9
100065a8:	4645      	mov	r5, r8
100065aa:	46de      	mov	lr, fp
100065ac:	4657      	mov	r7, sl
100065ae:	b5e0      	push	{r5, r6, r7, lr}
100065b0:	4689      	mov	r9, r1
100065b2:	0005      	movs	r5, r0
100065b4:	0014      	movs	r4, r2
100065b6:	b083      	sub	sp, #12
100065b8:	2a00      	cmp	r2, #0
100065ba:	d06e      	beq.n	1000669a <tu_fifo_write_n+0xf6>
100065bc:	68c0      	ldr	r0, [r0, #12]
100065be:	2800      	cmp	r0, #0
100065c0:	d003      	beq.n	100065ca <tu_fifo_write_n+0x26>
100065c2:	2101      	movs	r1, #1
100065c4:	4249      	negs	r1, r1
100065c6:	f000 fa97 	bl	10006af8 <__mutex_enter_timeout_ms_veneer>
100065ca:	892f      	ldrh	r7, [r5, #8]
100065cc:	79ea      	ldrb	r2, [r5, #7]
100065ce:	896b      	ldrh	r3, [r5, #10]
100065d0:	b2bf      	uxth	r7, r7
100065d2:	b29b      	uxth	r3, r3
100065d4:	09d2      	lsrs	r2, r2, #7
100065d6:	d142      	bne.n	1000665e <tu_fifo_write_n+0xba>
100065d8:	88ae      	ldrh	r6, [r5, #4]
100065da:	429f      	cmp	r7, r3
100065dc:	d267      	bcs.n	100066ae <tu_fifo_write_n+0x10a>
100065de:	0072      	lsls	r2, r6, #1
100065e0:	1ad3      	subs	r3, r2, r3
100065e2:	18fb      	adds	r3, r7, r3
100065e4:	b29b      	uxth	r3, r3
100065e6:	2200      	movs	r2, #0
100065e8:	4690      	mov	r8, r2
100065ea:	429e      	cmp	r6, r3
100065ec:	d931      	bls.n	10006652 <tu_fifo_write_n+0xae>
100065ee:	1af3      	subs	r3, r6, r3
100065f0:	1c1a      	adds	r2, r3, #0
100065f2:	b29b      	uxth	r3, r3
100065f4:	42a3      	cmp	r3, r4
100065f6:	d900      	bls.n	100065fa <tu_fifo_write_n+0x56>
100065f8:	1c22      	adds	r2, r4, #0
100065fa:	b293      	uxth	r3, r2
100065fc:	4698      	mov	r8, r3
100065fe:	88e8      	ldrh	r0, [r5, #6]
10006600:	4643      	mov	r3, r8
10006602:	19db      	adds	r3, r3, r7
10006604:	b29b      	uxth	r3, r3
10006606:	469b      	mov	fp, r3
10006608:	003c      	movs	r4, r7
1000660a:	42be      	cmp	r6, r7
1000660c:	d803      	bhi.n	10006616 <tu_fifo_write_n+0x72>
1000660e:	1ba4      	subs	r4, r4, r6
10006610:	b2a4      	uxth	r4, r4
10006612:	42b4      	cmp	r4, r6
10006614:	d2fb      	bcs.n	1000660e <tu_fifo_write_n+0x6a>
10006616:	0440      	lsls	r0, r0, #17
10006618:	0c43      	lsrs	r3, r0, #17
1000661a:	0018      	movs	r0, r3
1000661c:	469a      	mov	sl, r3
1000661e:	682b      	ldr	r3, [r5, #0]
10006620:	4360      	muls	r0, r4
10006622:	469c      	mov	ip, r3
10006624:	1b31      	subs	r1, r6, r4
10006626:	b289      	uxth	r1, r1
10006628:	4460      	add	r0, ip
1000662a:	4541      	cmp	r1, r8
1000662c:	d34e      	bcc.n	100066cc <tu_fifo_write_n+0x128>
1000662e:	4652      	mov	r2, sl
10006630:	4643      	mov	r3, r8
10006632:	4649      	mov	r1, r9
10006634:	435a      	muls	r2, r3
10006636:	f7fc f8c7 	bl	100027c8 <__wrap___aeabi_memcpy>
1000663a:	88ab      	ldrh	r3, [r5, #4]
1000663c:	005b      	lsls	r3, r3, #1
1000663e:	45bb      	cmp	fp, r7
10006640:	d301      	bcc.n	10006646 <tu_fifo_write_n+0xa2>
10006642:	459b      	cmp	fp, r3
10006644:	db03      	blt.n	1000664e <tu_fifo_write_n+0xaa>
10006646:	465a      	mov	r2, fp
10006648:	1ad3      	subs	r3, r2, r3
1000664a:	b29b      	uxth	r3, r3
1000664c:	469b      	mov	fp, r3
1000664e:	465b      	mov	r3, fp
10006650:	812b      	strh	r3, [r5, #8]
10006652:	68e8      	ldr	r0, [r5, #12]
10006654:	2800      	cmp	r0, #0
10006656:	d022      	beq.n	1000669e <tu_fifo_write_n+0xfa>
10006658:	f000 fa26 	bl	10006aa8 <__mutex_exit_veneer>
1000665c:	e01f      	b.n	1000669e <tu_fifo_write_n+0xfa>
1000665e:	88aa      	ldrh	r2, [r5, #4]
10006660:	4690      	mov	r8, r2
10006662:	4294      	cmp	r4, r2
10006664:	d226      	bcs.n	100066b4 <tu_fifo_write_n+0x110>
10006666:	429f      	cmp	r7, r3
10006668:	d345      	bcc.n	100066f6 <tu_fifo_write_n+0x152>
1000666a:	4641      	mov	r1, r8
1000666c:	1afa      	subs	r2, r7, r3
1000666e:	b292      	uxth	r2, r2
10006670:	0049      	lsls	r1, r1, #1
10006672:	1912      	adds	r2, r2, r4
10006674:	428a      	cmp	r2, r1
10006676:	db09      	blt.n	1000668c <tu_fifo_write_n+0xe8>
10006678:	4642      	mov	r2, r8
1000667a:	189a      	adds	r2, r3, r2
1000667c:	b292      	uxth	r2, r2
1000667e:	1b17      	subs	r7, r2, r4
10006680:	b2bf      	uxth	r7, r7
10006682:	4693      	mov	fp, r2
10006684:	42bb      	cmp	r3, r7
10006686:	d93b      	bls.n	10006700 <tu_fifo_write_n+0x15c>
10006688:	1a7f      	subs	r7, r7, r1
1000668a:	b2bf      	uxth	r7, r7
1000668c:	19e3      	adds	r3, r4, r7
1000668e:	b29b      	uxth	r3, r3
10006690:	4646      	mov	r6, r8
10006692:	469b      	mov	fp, r3
10006694:	46a0      	mov	r8, r4
10006696:	88e8      	ldrh	r0, [r5, #6]
10006698:	e7b6      	b.n	10006608 <tu_fifo_write_n+0x64>
1000669a:	2300      	movs	r3, #0
1000669c:	4698      	mov	r8, r3
1000669e:	4640      	mov	r0, r8
100066a0:	b003      	add	sp, #12
100066a2:	bcf0      	pop	{r4, r5, r6, r7}
100066a4:	46bb      	mov	fp, r7
100066a6:	46b2      	mov	sl, r6
100066a8:	46a9      	mov	r9, r5
100066aa:	46a0      	mov	r8, r4
100066ac:	bdf0      	pop	{r4, r5, r6, r7, pc}
100066ae:	1afb      	subs	r3, r7, r3
100066b0:	b29b      	uxth	r3, r3
100066b2:	e798      	b.n	100065e6 <tu_fifo_write_n+0x42>
100066b4:	88e8      	ldrh	r0, [r5, #6]
100066b6:	1aa2      	subs	r2, r4, r2
100066b8:	0444      	lsls	r4, r0, #17
100066ba:	0c64      	lsrs	r4, r4, #17
100066bc:	4354      	muls	r4, r2
100066be:	4642      	mov	r2, r8
100066c0:	44a1      	add	r9, r4
100066c2:	2a00      	cmp	r2, #0
100066c4:	d0c5      	beq.n	10006652 <tu_fifo_write_n+0xae>
100066c6:	4646      	mov	r6, r8
100066c8:	001f      	movs	r7, r3
100066ca:	e799      	b.n	10006600 <tu_fifo_write_n+0x5c>
100066cc:	4653      	mov	r3, sl
100066ce:	4359      	muls	r1, r3
100066d0:	b28b      	uxth	r3, r1
100066d2:	001a      	movs	r2, r3
100066d4:	4649      	mov	r1, r9
100066d6:	9301      	str	r3, [sp, #4]
100066d8:	f7fc f876 	bl	100027c8 <__wrap___aeabi_memcpy>
100066dc:	4641      	mov	r1, r8
100066de:	1b8a      	subs	r2, r1, r6
100066e0:	4651      	mov	r1, sl
100066e2:	18a2      	adds	r2, r4, r2
100066e4:	434a      	muls	r2, r1
100066e6:	9b01      	ldr	r3, [sp, #4]
100066e8:	6828      	ldr	r0, [r5, #0]
100066ea:	444b      	add	r3, r9
100066ec:	0019      	movs	r1, r3
100066ee:	b292      	uxth	r2, r2
100066f0:	f7fc f86a 	bl	100027c8 <__wrap___aeabi_memcpy>
100066f4:	e7a1      	b.n	1000663a <tu_fifo_write_n+0x96>
100066f6:	0051      	lsls	r1, r2, #1
100066f8:	1aca      	subs	r2, r1, r3
100066fa:	18ba      	adds	r2, r7, r2
100066fc:	b292      	uxth	r2, r2
100066fe:	e7b8      	b.n	10006672 <tu_fifo_write_n+0xce>
10006700:	42b9      	cmp	r1, r7
10006702:	ddc1      	ble.n	10006688 <tu_fifo_write_n+0xe4>
10006704:	4646      	mov	r6, r8
10006706:	88e8      	ldrh	r0, [r5, #6]
10006708:	46a0      	mov	r8, r4
1000670a:	e77d      	b.n	10006608 <tu_fifo_write_n+0x64>

1000670c <tu_fifo_clear>:
1000670c:	b510      	push	{r4, lr}
1000670e:	0004      	movs	r4, r0
10006710:	68c0      	ldr	r0, [r0, #12]
10006712:	2800      	cmp	r0, #0
10006714:	d003      	beq.n	1000671e <tu_fifo_clear+0x12>
10006716:	2101      	movs	r1, #1
10006718:	4249      	negs	r1, r1
1000671a:	f000 f9ed 	bl	10006af8 <__mutex_enter_timeout_ms_veneer>
1000671e:	6920      	ldr	r0, [r4, #16]
10006720:	2800      	cmp	r0, #0
10006722:	d003      	beq.n	1000672c <tu_fifo_clear+0x20>
10006724:	2101      	movs	r1, #1
10006726:	4249      	negs	r1, r1
10006728:	f000 f9e6 	bl	10006af8 <__mutex_enter_timeout_ms_veneer>
1000672c:	2300      	movs	r3, #0
1000672e:	68e0      	ldr	r0, [r4, #12]
10006730:	8163      	strh	r3, [r4, #10]
10006732:	8123      	strh	r3, [r4, #8]
10006734:	2800      	cmp	r0, #0
10006736:	d001      	beq.n	1000673c <tu_fifo_clear+0x30>
10006738:	f000 f9b6 	bl	10006aa8 <__mutex_exit_veneer>
1000673c:	6920      	ldr	r0, [r4, #16]
1000673e:	2800      	cmp	r0, #0
10006740:	d001      	beq.n	10006746 <tu_fifo_clear+0x3a>
10006742:	f000 f9b1 	bl	10006aa8 <__mutex_exit_veneer>
10006746:	2001      	movs	r0, #1
10006748:	bd10      	pop	{r4, pc}
1000674a:	46c0      	nop			; (mov r8, r8)

1000674c <tu_fifo_set_overwritable>:
1000674c:	b570      	push	{r4, r5, r6, lr}
1000674e:	0004      	movs	r4, r0
10006750:	68c0      	ldr	r0, [r0, #12]
10006752:	000d      	movs	r5, r1
10006754:	2800      	cmp	r0, #0
10006756:	d003      	beq.n	10006760 <tu_fifo_set_overwritable+0x14>
10006758:	2101      	movs	r1, #1
1000675a:	4249      	negs	r1, r1
1000675c:	f000 f9cc 	bl	10006af8 <__mutex_enter_timeout_ms_veneer>
10006760:	6920      	ldr	r0, [r4, #16]
10006762:	2800      	cmp	r0, #0
10006764:	d003      	beq.n	1000676e <tu_fifo_set_overwritable+0x22>
10006766:	2101      	movs	r1, #1
10006768:	4249      	negs	r1, r1
1000676a:	f000 f9c5 	bl	10006af8 <__mutex_enter_timeout_ms_veneer>
1000676e:	217f      	movs	r1, #127	; 0x7f
10006770:	79e3      	ldrb	r3, [r4, #7]
10006772:	01ed      	lsls	r5, r5, #7
10006774:	4019      	ands	r1, r3
10006776:	68e0      	ldr	r0, [r4, #12]
10006778:	4329      	orrs	r1, r5
1000677a:	71e1      	strb	r1, [r4, #7]
1000677c:	2800      	cmp	r0, #0
1000677e:	d001      	beq.n	10006784 <tu_fifo_set_overwritable+0x38>
10006780:	f000 f992 	bl	10006aa8 <__mutex_exit_veneer>
10006784:	6920      	ldr	r0, [r4, #16]
10006786:	2800      	cmp	r0, #0
10006788:	d001      	beq.n	1000678e <tu_fifo_set_overwritable+0x42>
1000678a:	f000 f98d 	bl	10006aa8 <__mutex_exit_veneer>
1000678e:	2001      	movs	r0, #1
10006790:	bd70      	pop	{r4, r5, r6, pc}
10006792:	46c0      	nop			; (mov r8, r8)

10006794 <i2c_set_baudrate>:
10006794:	b5f8      	push	{r3, r4, r5, r6, r7, lr}
10006796:	46de      	mov	lr, fp
10006798:	4657      	mov	r7, sl
1000679a:	464e      	mov	r6, r9
1000679c:	4645      	mov	r5, r8
1000679e:	4683      	mov	fp, r0
100067a0:	b5e0      	push	{r5, r6, r7, lr}
100067a2:	2005      	movs	r0, #5
100067a4:	000c      	movs	r4, r1
100067a6:	f7fa ff19 	bl	100015dc <clock_get_hz>
100067aa:	0006      	movs	r6, r0
100067ac:	0860      	lsrs	r0, r4, #1
100067ae:	0021      	movs	r1, r4
100067b0:	1980      	adds	r0, r0, r6
100067b2:	f7fb f91b 	bl	100019ec <__wrap___aeabi_uidiv>
100067b6:	0043      	lsls	r3, r0, #1
100067b8:	4698      	mov	r8, r3
100067ba:	4480      	add	r8, r0
100067bc:	0007      	movs	r7, r0
100067be:	2105      	movs	r1, #5
100067c0:	4640      	mov	r0, r8
100067c2:	f7fb f913 	bl	100019ec <__wrap___aeabi_uidiv>
100067c6:	1a3b      	subs	r3, r7, r0
100067c8:	469a      	mov	sl, r3
100067ca:	4b1e      	ldr	r3, [pc, #120]	; (10006844 <i2c_set_baudrate+0xb0>)
100067cc:	4681      	mov	r9, r0
100067ce:	0070      	lsls	r0, r6, #1
100067d0:	1980      	adds	r0, r0, r6
100067d2:	429c      	cmp	r4, r3
100067d4:	d831      	bhi.n	1000683a <i2c_set_baudrate+0xa6>
100067d6:	491c      	ldr	r1, [pc, #112]	; (10006848 <i2c_set_baudrate+0xb4>)
100067d8:	f7fb f908 	bl	100019ec <__wrap___aeabi_uidiv>
100067dc:	1c45      	adds	r5, r0, #1
100067de:	465b      	mov	r3, fp
100067e0:	681c      	ldr	r4, [r3, #0]
100067e2:	2300      	movs	r3, #0
100067e4:	2204      	movs	r2, #4
100067e6:	66e3      	str	r3, [r4, #108]	; 0x6c
100067e8:	6823      	ldr	r3, [r4, #0]
100067ea:	2001      	movs	r0, #1
100067ec:	405a      	eors	r2, r3
100067ee:	2306      	movs	r3, #6
100067f0:	4013      	ands	r3, r2
100067f2:	2280      	movs	r2, #128	; 0x80
100067f4:	0152      	lsls	r2, r2, #5
100067f6:	18a2      	adds	r2, r4, r2
100067f8:	6013      	str	r3, [r2, #0]
100067fa:	4653      	mov	r3, sl
100067fc:	61e3      	str	r3, [r4, #28]
100067fe:	464b      	mov	r3, r9
10006800:	6223      	str	r3, [r4, #32]
10006802:	4643      	mov	r3, r8
10006804:	2b4f      	cmp	r3, #79	; 0x4f
10006806:	d903      	bls.n	10006810 <i2c_set_baudrate+0x7c>
10006808:	2150      	movs	r1, #80	; 0x50
1000680a:	4640      	mov	r0, r8
1000680c:	f7fb f8ee 	bl	100019ec <__wrap___aeabi_uidiv>
10006810:	23a0      	movs	r3, #160	; 0xa0
10006812:	50e0      	str	r0, [r4, r3]
10006814:	6fe0      	ldr	r0, [r4, #124]	; 0x7c
10006816:	4b0d      	ldr	r3, [pc, #52]	; (1000684c <i2c_set_baudrate+0xb8>)
10006818:	4045      	eors	r5, r0
1000681a:	042d      	lsls	r5, r5, #16
1000681c:	0c2d      	lsrs	r5, r5, #16
1000681e:	18e3      	adds	r3, r4, r3
10006820:	601d      	str	r5, [r3, #0]
10006822:	2301      	movs	r3, #1
10006824:	0039      	movs	r1, r7
10006826:	0030      	movs	r0, r6
10006828:	66e3      	str	r3, [r4, #108]	; 0x6c
1000682a:	f7fb f8df 	bl	100019ec <__wrap___aeabi_uidiv>
1000682e:	bcf0      	pop	{r4, r5, r6, r7}
10006830:	46bb      	mov	fp, r7
10006832:	46b2      	mov	sl, r6
10006834:	46a9      	mov	r9, r5
10006836:	46a0      	mov	r8, r4
10006838:	bdf8      	pop	{r3, r4, r5, r6, r7, pc}
1000683a:	4905      	ldr	r1, [pc, #20]	; (10006850 <i2c_set_baudrate+0xbc>)
1000683c:	f7fb f8d6 	bl	100019ec <__wrap___aeabi_uidiv>
10006840:	1c45      	adds	r5, r0, #1
10006842:	e7cc      	b.n	100067de <i2c_set_baudrate+0x4a>
10006844:	000f423f 	.word	0x000f423f
10006848:	00989680 	.word	0x00989680
1000684c:	0000107c 	.word	0x0000107c
10006850:	017d7840 	.word	0x017d7840

10006854 <i2c_init>:
10006854:	4a10      	ldr	r2, [pc, #64]	; (10006898 <i2c_init+0x44>)
10006856:	b570      	push	{r4, r5, r6, lr}
10006858:	1a82      	subs	r2, r0, r2
1000685a:	4253      	negs	r3, r2
1000685c:	415a      	adcs	r2, r3
1000685e:	2307      	movs	r3, #7
10006860:	4252      	negs	r2, r2
10006862:	439a      	bics	r2, r3
10006864:	4b0d      	ldr	r3, [pc, #52]	; (1000689c <i2c_init+0x48>)
10006866:	3210      	adds	r2, #16
10006868:	601a      	str	r2, [r3, #0]
1000686a:	4b0d      	ldr	r3, [pc, #52]	; (100068a0 <i2c_init+0x4c>)
1000686c:	4c0d      	ldr	r4, [pc, #52]	; (100068a4 <i2c_init+0x50>)
1000686e:	601a      	str	r2, [r3, #0]
10006870:	0015      	movs	r5, r2
10006872:	6823      	ldr	r3, [r4, #0]
10006874:	439d      	bics	r5, r3
10006876:	1e2b      	subs	r3, r5, #0
10006878:	d1fa      	bne.n	10006870 <i2c_init+0x1c>
1000687a:	2466      	movs	r4, #102	; 0x66
1000687c:	6802      	ldr	r2, [r0, #0]
1000687e:	34ff      	adds	r4, #255	; 0xff
10006880:	7105      	strb	r5, [r0, #4]
10006882:	66d5      	str	r5, [r2, #108]	; 0x6c
10006884:	6014      	str	r4, [r2, #0]
10006886:	3c63      	subs	r4, #99	; 0x63
10006888:	3388      	adds	r3, #136	; 0x88
1000688a:	3cff      	subs	r4, #255	; 0xff
1000688c:	63d5      	str	r5, [r2, #60]	; 0x3c
1000688e:	6395      	str	r5, [r2, #56]	; 0x38
10006890:	50d4      	str	r4, [r2, r3]
10006892:	f7ff ff7f 	bl	10006794 <i2c_set_baudrate>
10006896:	bd70      	pop	{r4, r5, r6, pc}
10006898:	200010b8 	.word	0x200010b8
1000689c:	4000e000 	.word	0x4000e000
100068a0:	4000f000 	.word	0x4000f000
100068a4:	4000c008 	.word	0x4000c008

100068a8 <i2c_write_blocking>:
100068a8:	b5f0      	push	{r4, r5, r6, r7, lr}
100068aa:	4657      	mov	r7, sl
100068ac:	464e      	mov	r6, r9
100068ae:	4645      	mov	r5, r8
100068b0:	46de      	mov	lr, fp
100068b2:	4690      	mov	r8, r2
100068b4:	2200      	movs	r2, #0
100068b6:	b5e0      	push	{r5, r6, r7, lr}
100068b8:	b083      	sub	sp, #12
100068ba:	001e      	movs	r6, r3
100068bc:	ab0c      	add	r3, sp, #48	; 0x30
100068be:	781b      	ldrb	r3, [r3, #0]
100068c0:	4684      	mov	ip, r0
100068c2:	469a      	mov	sl, r3
100068c4:	6803      	ldr	r3, [r0, #0]
100068c6:	66da      	str	r2, [r3, #108]	; 0x6c
100068c8:	3201      	adds	r2, #1
100068ca:	6059      	str	r1, [r3, #4]
100068cc:	66da      	str	r2, [r3, #108]	; 0x6c
100068ce:	2e00      	cmp	r6, #0
100068d0:	dd4f      	ble.n	10006972 <i2c_write_blocking+0xca>
100068d2:	4651      	mov	r1, sl
100068d4:	404a      	eors	r2, r1
100068d6:	0252      	lsls	r2, r2, #9
100068d8:	9201      	str	r2, [sp, #4]
100068da:	2280      	movs	r2, #128	; 0x80
100068dc:	4691      	mov	r9, r2
100068de:	0032      	movs	r2, r6
100068e0:	2580      	movs	r5, #128	; 0x80
100068e2:	1e77      	subs	r7, r6, #1
100068e4:	2000      	movs	r0, #0
100068e6:	4646      	mov	r6, r8
100068e8:	2110      	movs	r1, #16
100068ea:	4690      	mov	r8, r2
100068ec:	00ad      	lsls	r5, r5, #2
100068ee:	2400      	movs	r4, #0
100068f0:	2800      	cmp	r0, #0
100068f2:	d104      	bne.n	100068fe <i2c_write_blocking+0x56>
100068f4:	4662      	mov	r2, ip
100068f6:	7914      	ldrb	r4, [r2, #4]
100068f8:	1e62      	subs	r2, r4, #1
100068fa:	4194      	sbcs	r4, r2
100068fc:	02a4      	lsls	r4, r4, #10
100068fe:	2200      	movs	r2, #0
10006900:	4693      	mov	fp, r2
10006902:	42b8      	cmp	r0, r7
10006904:	d01a      	beq.n	1000693c <i2c_write_blocking+0x94>
10006906:	5c32      	ldrb	r2, [r6, r0]
10006908:	4322      	orrs	r2, r4
1000690a:	465c      	mov	r4, fp
1000690c:	4322      	orrs	r2, r4
1000690e:	611a      	str	r2, [r3, #16]
10006910:	6b5a      	ldr	r2, [r3, #52]	; 0x34
10006912:	4211      	tst	r1, r2
10006914:	d0fc      	beq.n	10006910 <i2c_write_blocking+0x68>
10006916:	464a      	mov	r2, r9
10006918:	589c      	ldr	r4, [r3, r2]
1000691a:	2c00      	cmp	r4, #0
1000691c:	d111      	bne.n	10006942 <i2c_write_blocking+0x9a>
1000691e:	42b8      	cmp	r0, r7
10006920:	d022      	beq.n	10006968 <i2c_write_blocking+0xc0>
10006922:	3001      	adds	r0, #1
10006924:	4580      	cmp	r8, r0
10006926:	d1e2      	bne.n	100068ee <i2c_write_blocking+0x46>
10006928:	4663      	mov	r3, ip
1000692a:	4652      	mov	r2, sl
1000692c:	711a      	strb	r2, [r3, #4]
1000692e:	b003      	add	sp, #12
10006930:	bcf0      	pop	{r4, r5, r6, r7}
10006932:	46bb      	mov	fp, r7
10006934:	46b2      	mov	sl, r6
10006936:	46a9      	mov	r9, r5
10006938:	46a0      	mov	r8, r4
1000693a:	bdf0      	pop	{r4, r5, r6, r7, pc}
1000693c:	9a01      	ldr	r2, [sp, #4]
1000693e:	4693      	mov	fp, r2
10006940:	e7e1      	b.n	10006906 <i2c_write_blocking+0x5e>
10006942:	6d5a      	ldr	r2, [r3, #84]	; 0x54
10006944:	2201      	movs	r2, #1
10006946:	4693      	mov	fp, r2
10006948:	6b5a      	ldr	r2, [r3, #52]	; 0x34
1000694a:	422a      	tst	r2, r5
1000694c:	d0fc      	beq.n	10006948 <i2c_write_blocking+0xa0>
1000694e:	6e1a      	ldr	r2, [r3, #96]	; 0x60
10006950:	465a      	mov	r2, fp
10006952:	2a00      	cmp	r2, #0
10006954:	d0e5      	beq.n	10006922 <i2c_write_blocking+0x7a>
10006956:	2c00      	cmp	r4, #0
10006958:	d003      	beq.n	10006962 <i2c_write_blocking+0xba>
1000695a:	07e3      	lsls	r3, r4, #31
1000695c:	d401      	bmi.n	10006962 <i2c_write_blocking+0xba>
1000695e:	0723      	lsls	r3, r4, #28
10006960:	d4e2      	bmi.n	10006928 <i2c_write_blocking+0x80>
10006962:	2001      	movs	r0, #1
10006964:	4240      	negs	r0, r0
10006966:	e7df      	b.n	10006928 <i2c_write_blocking+0x80>
10006968:	4652      	mov	r2, sl
1000696a:	2a00      	cmp	r2, #0
1000696c:	d1d9      	bne.n	10006922 <i2c_write_blocking+0x7a>
1000696e:	46d3      	mov	fp, sl
10006970:	e7ea      	b.n	10006948 <i2c_write_blocking+0xa0>
10006972:	2000      	movs	r0, #0
10006974:	e7d8      	b.n	10006928 <i2c_write_blocking+0x80>
10006976:	46c0      	nop			; (mov r8, r8)

10006978 <i2c_read_blocking>:
10006978:	b5f0      	push	{r4, r5, r6, r7, lr}
1000697a:	4645      	mov	r5, r8
1000697c:	46de      	mov	lr, fp
1000697e:	4657      	mov	r7, sl
10006980:	464e      	mov	r6, r9
10006982:	4693      	mov	fp, r2
10006984:	2200      	movs	r2, #0
10006986:	b5e0      	push	{r5, r6, r7, lr}
10006988:	001d      	movs	r5, r3
1000698a:	ab09      	add	r3, sp, #36	; 0x24
1000698c:	781b      	ldrb	r3, [r3, #0]
1000698e:	0004      	movs	r4, r0
10006990:	4698      	mov	r8, r3
10006992:	6803      	ldr	r3, [r0, #0]
10006994:	66da      	str	r2, [r3, #108]	; 0x6c
10006996:	3201      	adds	r2, #1
10006998:	6059      	str	r1, [r3, #4]
1000699a:	66da      	str	r2, [r3, #108]	; 0x6c
1000699c:	2d00      	cmp	r5, #0
1000699e:	dd3e      	ble.n	10006a1e <i2c_read_blocking+0xa6>
100069a0:	4641      	mov	r1, r8
100069a2:	404a      	eors	r2, r1
100069a4:	0252      	lsls	r2, r2, #9
100069a6:	4694      	mov	ip, r2
100069a8:	2280      	movs	r2, #128	; 0x80
100069aa:	2000      	movs	r0, #0
100069ac:	0052      	lsls	r2, r2, #1
100069ae:	4691      	mov	r9, r2
100069b0:	1e6f      	subs	r7, r5, #1
100069b2:	3a80      	subs	r2, #128	; 0x80
100069b4:	6f59      	ldr	r1, [r3, #116]	; 0x74
100069b6:	2910      	cmp	r1, #16
100069b8:	d0fc      	beq.n	100069b4 <i2c_read_blocking+0x3c>
100069ba:	2800      	cmp	r0, #0
100069bc:	d026      	beq.n	10006a0c <i2c_read_blocking+0x94>
100069be:	2600      	movs	r6, #0
100069c0:	2180      	movs	r1, #128	; 0x80
100069c2:	46b2      	mov	sl, r6
100069c4:	0049      	lsls	r1, r1, #1
100069c6:	42b8      	cmp	r0, r7
100069c8:	d012      	beq.n	100069f0 <i2c_read_blocking+0x78>
100069ca:	6119      	str	r1, [r3, #16]
100069cc:	e002      	b.n	100069d4 <i2c_read_blocking+0x5c>
100069ce:	6f99      	ldr	r1, [r3, #120]	; 0x78
100069d0:	2900      	cmp	r1, #0
100069d2:	d113      	bne.n	100069fc <i2c_read_blocking+0x84>
100069d4:	5899      	ldr	r1, [r3, r2]
100069d6:	6d59      	ldr	r1, [r3, #84]	; 0x54
100069d8:	2900      	cmp	r1, #0
100069da:	d0f8      	beq.n	100069ce <i2c_read_blocking+0x56>
100069dc:	2001      	movs	r0, #1
100069de:	4240      	negs	r0, r0
100069e0:	4643      	mov	r3, r8
100069e2:	7123      	strb	r3, [r4, #4]
100069e4:	bcf0      	pop	{r4, r5, r6, r7}
100069e6:	46bb      	mov	fp, r7
100069e8:	46b2      	mov	sl, r6
100069ea:	46a9      	mov	r9, r5
100069ec:	46a0      	mov	r8, r4
100069ee:	bdf0      	pop	{r4, r5, r6, r7, pc}
100069f0:	4666      	mov	r6, ip
100069f2:	4651      	mov	r1, sl
100069f4:	4331      	orrs	r1, r6
100069f6:	464e      	mov	r6, r9
100069f8:	4331      	orrs	r1, r6
100069fa:	e7e6      	b.n	100069ca <i2c_read_blocking+0x52>
100069fc:	4659      	mov	r1, fp
100069fe:	691b      	ldr	r3, [r3, #16]
10006a00:	540b      	strb	r3, [r1, r0]
10006a02:	3001      	adds	r0, #1
10006a04:	4285      	cmp	r5, r0
10006a06:	d0eb      	beq.n	100069e0 <i2c_read_blocking+0x68>
10006a08:	6823      	ldr	r3, [r4, #0]
10006a0a:	e7d3      	b.n	100069b4 <i2c_read_blocking+0x3c>
10006a0c:	7921      	ldrb	r1, [r4, #4]
10006a0e:	2900      	cmp	r1, #0
10006a10:	d0d5      	beq.n	100069be <i2c_read_blocking+0x46>
10006a12:	2680      	movs	r6, #128	; 0x80
10006a14:	21a0      	movs	r1, #160	; 0xa0
10006a16:	00f6      	lsls	r6, r6, #3
10006a18:	46b2      	mov	sl, r6
10006a1a:	00c9      	lsls	r1, r1, #3
10006a1c:	e7d3      	b.n	100069c6 <i2c_read_blocking+0x4e>
10006a1e:	2000      	movs	r0, #0
10006a20:	e7de      	b.n	100069e0 <i2c_read_blocking+0x68>
10006a22:	46c0      	nop			; (mov r8, r8)

10006a24 <strlen>:
10006a24:	b510      	push	{r4, lr}
10006a26:	0783      	lsls	r3, r0, #30
10006a28:	d00a      	beq.n	10006a40 <strlen+0x1c>
10006a2a:	0003      	movs	r3, r0
10006a2c:	2103      	movs	r1, #3
10006a2e:	e002      	b.n	10006a36 <strlen+0x12>
10006a30:	3301      	adds	r3, #1
10006a32:	420b      	tst	r3, r1
10006a34:	d005      	beq.n	10006a42 <strlen+0x1e>
10006a36:	781a      	ldrb	r2, [r3, #0]
10006a38:	2a00      	cmp	r2, #0
10006a3a:	d1f9      	bne.n	10006a30 <strlen+0xc>
10006a3c:	1a18      	subs	r0, r3, r0
10006a3e:	bd10      	pop	{r4, pc}
10006a40:	0003      	movs	r3, r0
10006a42:	6819      	ldr	r1, [r3, #0]
10006a44:	4a0c      	ldr	r2, [pc, #48]	; (10006a78 <strlen+0x54>)
10006a46:	4c0d      	ldr	r4, [pc, #52]	; (10006a7c <strlen+0x58>)
10006a48:	188a      	adds	r2, r1, r2
10006a4a:	438a      	bics	r2, r1
10006a4c:	4222      	tst	r2, r4
10006a4e:	d10f      	bne.n	10006a70 <strlen+0x4c>
10006a50:	6859      	ldr	r1, [r3, #4]
10006a52:	4a09      	ldr	r2, [pc, #36]	; (10006a78 <strlen+0x54>)
10006a54:	3304      	adds	r3, #4
10006a56:	188a      	adds	r2, r1, r2
10006a58:	438a      	bics	r2, r1
10006a5a:	4222      	tst	r2, r4
10006a5c:	d108      	bne.n	10006a70 <strlen+0x4c>
10006a5e:	6859      	ldr	r1, [r3, #4]
10006a60:	4a05      	ldr	r2, [pc, #20]	; (10006a78 <strlen+0x54>)
10006a62:	3304      	adds	r3, #4
10006a64:	188a      	adds	r2, r1, r2
10006a66:	438a      	bics	r2, r1
10006a68:	4222      	tst	r2, r4
10006a6a:	d0f1      	beq.n	10006a50 <strlen+0x2c>
10006a6c:	e000      	b.n	10006a70 <strlen+0x4c>
10006a6e:	3301      	adds	r3, #1
10006a70:	781a      	ldrb	r2, [r3, #0]
10006a72:	2a00      	cmp	r2, #0
10006a74:	d1fb      	bne.n	10006a6e <strlen+0x4a>
10006a76:	e7e1      	b.n	10006a3c <strlen+0x18>
10006a78:	fefefeff 	.word	0xfefefeff
10006a7c:	80808080 	.word	0x80808080

10006a80 <_fini>:
10006a80:	b5f8      	push	{r3, r4, r5, r6, r7, lr}
10006a82:	46c0      	nop			; (mov r8, r8)
10006a84:	0000      	movs	r0, r0
	...

10006a88 <__reset_non_control_endpoints_veneer>:
10006a88:	b401      	push	{r0}
10006a8a:	4802      	ldr	r0, [pc, #8]	; (10006a94 <__reset_non_control_endpoints_veneer+0xc>)
10006a8c:	4684      	mov	ip, r0
10006a8e:	bc01      	pop	{r0}
10006a90:	4760      	bx	ip
10006a92:	bf00      	nop
10006a94:	20000395 	.word	0x20000395

10006a98 <__flash_do_cmd_veneer>:
10006a98:	b401      	push	{r0}
10006a9a:	4802      	ldr	r0, [pc, #8]	; (10006aa4 <__flash_do_cmd_veneer+0xc>)
10006a9c:	4684      	mov	ip, r0
10006a9e:	bc01      	pop	{r0}
10006aa0:	4760      	bx	ip
10006aa2:	bf00      	nop
10006aa4:	200002d1 	.word	0x200002d1

10006aa8 <__mutex_exit_veneer>:
10006aa8:	b401      	push	{r0}
10006aaa:	4802      	ldr	r0, [pc, #8]	; (10006ab4 <__mutex_exit_veneer+0xc>)
10006aac:	4684      	mov	ip, r0
10006aae:	bc01      	pop	{r0}
10006ab0:	4760      	bx	ip
10006ab2:	bf00      	nop
10006ab4:	20000231 	.word	0x20000231

10006ab8 <____aeabi_ldiv0_veneer>:
10006ab8:	b401      	push	{r0}
10006aba:	4802      	ldr	r0, [pc, #8]	; (10006ac4 <____aeabi_ldiv0_veneer+0xc>)
10006abc:	4684      	mov	ip, r0
10006abe:	bc01      	pop	{r0}
10006ac0:	4760      	bx	ip
10006ac2:	bf00      	nop
10006ac4:	20000f71 	.word	0x20000f71

10006ac8 <__e15_is_bulkin_ep_veneer>:
10006ac8:	b401      	push	{r0}
10006aca:	4802      	ldr	r0, [pc, #8]	; (10006ad4 <__e15_is_bulkin_ep_veneer+0xc>)
10006acc:	4684      	mov	ip, r0
10006ace:	bc01      	pop	{r0}
10006ad0:	4760      	bx	ip
10006ad2:	bf00      	nop
10006ad4:	20000c1d 	.word	0x20000c1d

10006ad8 <____aeabi_idiv0_veneer>:
10006ad8:	b401      	push	{r0}
10006ada:	4802      	ldr	r0, [pc, #8]	; (10006ae4 <____aeabi_idiv0_veneer+0xc>)
10006adc:	4684      	mov	ip, r0
10006ade:	bc01      	pop	{r0}
10006ae0:	4760      	bx	ip
10006ae2:	bf00      	nop
10006ae4:	20000f71 	.word	0x20000f71

10006ae8 <__mutex_try_enter_veneer>:
10006ae8:	b401      	push	{r0}
10006aea:	4802      	ldr	r0, [pc, #8]	; (10006af4 <__mutex_try_enter_veneer+0xc>)
10006aec:	4684      	mov	ip, r0
10006aee:	bc01      	pop	{r0}
10006af0:	4760      	bx	ip
10006af2:	bf00      	nop
10006af4:	200000c1 	.word	0x200000c1

10006af8 <__mutex_enter_timeout_ms_veneer>:
10006af8:	b401      	push	{r0}
10006afa:	4802      	ldr	r0, [pc, #8]	; (10006b04 <__mutex_enter_timeout_ms_veneer+0xc>)
10006afc:	4684      	mov	ip, r0
10006afe:	bc01      	pop	{r0}
10006b00:	4760      	bx	ip
10006b02:	bf00      	nop
10006b04:	200001a1 	.word	0x200001a1

10006b08 <__mutex_try_enter_block_until_veneer>:
10006b08:	b401      	push	{r0}
10006b0a:	4802      	ldr	r0, [pc, #8]	; (10006b14 <__mutex_try_enter_block_until_veneer+0xc>)
10006b0c:	4684      	mov	ip, r0
10006b0e:	bc01      	pop	{r0}
10006b10:	4760      	bx	ip
10006b12:	bf00      	nop
10006b14:	20000105 	.word	0x20000105

10006b18 <__hw_endpoint_start_next_buffer_veneer>:
10006b18:	b401      	push	{r0}
10006b1a:	4802      	ldr	r0, [pc, #8]	; (10006b24 <__hw_endpoint_start_next_buffer_veneer+0xc>)
10006b1c:	4684      	mov	ip, r0
10006b1e:	bc01      	pop	{r0}
10006b20:	4760      	bx	ip
10006b22:	bf00      	nop
10006b24:	20000cd5 	.word	0x20000cd5

10006b28 <__hw_endpoint_reset_transfer_veneer>:
10006b28:	b401      	push	{r0}
10006b2a:	4802      	ldr	r0, [pc, #8]	; (10006b34 <__hw_endpoint_reset_transfer_veneer+0xc>)
10006b2c:	4684      	mov	ip, r0
10006b2e:	bc01      	pop	{r0}
10006b30:	4760      	bx	ip
10006b32:	bf00      	nop
10006b34:	20000c79 	.word	0x20000c79

10006b38 <___hw_endpoint_buffer_control_update32_veneer>:
10006b38:	b401      	push	{r0}
10006b3a:	4802      	ldr	r0, [pc, #8]	; (10006b44 <___hw_endpoint_buffer_control_update32_veneer+0xc>)
10006b3c:	4684      	mov	ip, r0
10006b3e:	bc01      	pop	{r0}
10006b40:	4760      	bx	ip
10006b42:	bf00      	nop
10006b44:	20000c85 	.word	0x20000c85

10006b48 <__e15_is_critical_frame_period_veneer>:
10006b48:	b401      	push	{r0}
10006b4a:	4802      	ldr	r0, [pc, #8]	; (10006b54 <__e15_is_critical_frame_period_veneer+0xc>)
10006b4c:	4684      	mov	ip, r0
10006b4e:	bc01      	pop	{r0}
10006b50:	4760      	bx	ip
10006b52:	bf00      	nop
10006b54:	20000c45 	.word	0x20000c45

10006b58 <__pre_init_runtime_init_early_resets>:
10006b58:	10001791                                ....

10006b5c <__pre_init_runtime_init_usb_power_down>:
10006b5c:	100017bd 10001909 100027ad 10002049     .........'..I ..
10006b6c:	100026ed                                .&..

10006b70 <__pre_init_runtime_init_clocks>:
10006b70:	10001831                                1...

10006b74 <__pre_init_runtime_init_post_clock_resets>:
10006b74:	100017d9                                ....

10006b78 <__pre_init_runtime_init_rp2040_gpio_ie_disable>:
10006b78:	100017f9                                ....

10006b7c <__pre_init_runtime_init_spin_locks_reset>:
10006b7c:	1000180d                                ....

10006b80 <__pre_init_runtime_init_mutex>:
10006b80:	10000af1                                ....

10006b84 <__pre_init_runtime_init_install_ram_vector_table>:
10006b84:	10001815                                ....

10006b88 <__pre_init_runtime_init_default_alarm_pool>:
10006b88:	10000ead                                ....

10006b8c <__pre_init_first_per_core_initializer>:
10006b8c:	10001759                                Y...

10006b90 <__pre_init_runtime_init_per_core_irq_priorities>:
10006b90:	1000072d                                -...

10006b94 <__frame_dummy_init_array_entry>:
10006b94:	100002b1 10000541 1000478d              ....A....G..

Disassembly of section .data:

200000c0 <mutex_try_enter>:
200000c0:	0003      	movs	r3, r0
200000c2:	6800      	ldr	r0, [r0, #0]
200000c4:	f3ef 8c10 	mrs	ip, PRIMASK
200000c8:	b672      	cpsid	i
200000ca:	6802      	ldr	r2, [r0, #0]
200000cc:	2a00      	cmp	r2, #0
200000ce:	d0fc      	beq.n	200000ca <mutex_try_enter+0xa>
200000d0:	f3bf 8f5f 	dmb	sy
200000d4:	2204      	movs	r2, #4
200000d6:	569a      	ldrsb	r2, [r3, r2]
200000d8:	2a00      	cmp	r2, #0
200000da:	db0b      	blt.n	200000f4 <mutex_try_enter+0x34>
200000dc:	2900      	cmp	r1, #0
200000de:	d00f      	beq.n	20000100 <mutex_try_enter+0x40>
200000e0:	2000      	movs	r0, #0
200000e2:	600a      	str	r2, [r1, #0]
200000e4:	681b      	ldr	r3, [r3, #0]
200000e6:	f3bf 8f5f 	dmb	sy
200000ea:	2200      	movs	r2, #0
200000ec:	601a      	str	r2, [r3, #0]
200000ee:	f38c 8810 	msr	PRIMASK, ip
200000f2:	4770      	bx	lr
200000f4:	22d0      	movs	r2, #208	; 0xd0
200000f6:	0612      	lsls	r2, r2, #24
200000f8:	6812      	ldr	r2, [r2, #0]
200000fa:	2001      	movs	r0, #1
200000fc:	711a      	strb	r2, [r3, #4]
200000fe:	e7f1      	b.n	200000e4 <mutex_try_enter+0x24>
20000100:	2000      	movs	r0, #0
20000102:	e7ef      	b.n	200000e4 <mutex_try_enter+0x24>

20000104 <mutex_try_enter_block_until>:
20000104:	b5f0      	push	{r4, r5, r6, r7, lr}
20000106:	46c6      	mov	lr, r8
20000108:	0015      	movs	r5, r2
2000010a:	b500      	push	{lr}
2000010c:	0004      	movs	r4, r0
2000010e:	001e      	movs	r6, r3
20000110:	6802      	ldr	r2, [r0, #0]
20000112:	f3ef 8110 	mrs	r1, PRIMASK
20000116:	b672      	cpsid	i
20000118:	6813      	ldr	r3, [r2, #0]
2000011a:	2b00      	cmp	r3, #0
2000011c:	d0fc      	beq.n	20000118 <mutex_try_enter_block_until+0x14>
2000011e:	f3bf 8f5f 	dmb	sy
20000122:	2304      	movs	r3, #4
20000124:	56e3      	ldrsb	r3, [r4, r3]
20000126:	2b00      	cmp	r3, #0
20000128:	db2d      	blt.n	20000186 <mutex_try_enter_block_until+0x82>
2000012a:	6822      	ldr	r2, [r4, #0]
2000012c:	f3bf 8f5f 	dmb	sy
20000130:	2000      	movs	r0, #0
20000132:	6010      	str	r0, [r2, #0]
20000134:	f381 8810 	msr	PRIMASK, r1
20000138:	22d0      	movs	r2, #208	; 0xd0
2000013a:	0612      	lsls	r2, r2, #24
2000013c:	7812      	ldrb	r2, [r2, #0]
2000013e:	b252      	sxtb	r2, r2
20000140:	4690      	mov	r8, r2
20000142:	429a      	cmp	r2, r3
20000144:	d103      	bne.n	2000014e <mutex_try_enter_block_until+0x4a>
20000146:	2000      	movs	r0, #0
20000148:	bc80      	pop	{r7}
2000014a:	46b8      	mov	r8, r7
2000014c:	bdf0      	pop	{r4, r5, r6, r7, pc}
2000014e:	2700      	movs	r7, #0
20000150:	e00b      	b.n	2000016a <mutex_try_enter_block_until+0x66>
20000152:	6823      	ldr	r3, [r4, #0]
20000154:	f3bf 8f5f 	dmb	sy
20000158:	601f      	str	r7, [r3, #0]
2000015a:	f381 8810 	msr	PRIMASK, r1
2000015e:	0028      	movs	r0, r5
20000160:	0031      	movs	r1, r6
20000162:	f000 ff09 	bl	20000f78 <__best_effort_wfe_or_timeout_veneer>
20000166:	2800      	cmp	r0, #0
20000168:	d1ed      	bne.n	20000146 <mutex_try_enter_block_until+0x42>
2000016a:	6822      	ldr	r2, [r4, #0]
2000016c:	f3ef 8110 	mrs	r1, PRIMASK
20000170:	b672      	cpsid	i
20000172:	6813      	ldr	r3, [r2, #0]
20000174:	2b00      	cmp	r3, #0
20000176:	d0fc      	beq.n	20000172 <mutex_try_enter_block_until+0x6e>
20000178:	f3bf 8f5f 	dmb	sy
2000017c:	7923      	ldrb	r3, [r4, #4]
2000017e:	2b7f      	cmp	r3, #127	; 0x7f
20000180:	d9e7      	bls.n	20000152 <mutex_try_enter_block_until+0x4e>
20000182:	4643      	mov	r3, r8
20000184:	e002      	b.n	2000018c <mutex_try_enter_block_until+0x88>
20000186:	23d0      	movs	r3, #208	; 0xd0
20000188:	061b      	lsls	r3, r3, #24
2000018a:	681b      	ldr	r3, [r3, #0]
2000018c:	7123      	strb	r3, [r4, #4]
2000018e:	6823      	ldr	r3, [r4, #0]
20000190:	f3bf 8f5f 	dmb	sy
20000194:	2200      	movs	r2, #0
20000196:	601a      	str	r2, [r3, #0]
20000198:	f381 8810 	msr	PRIMASK, r1
2000019c:	2001      	movs	r0, #1
2000019e:	e7d3      	b.n	20000148 <mutex_try_enter_block_until+0x44>

200001a0 <mutex_enter_timeout_ms>:
200001a0:	b5f0      	push	{r4, r5, r6, r7, lr}
200001a2:	46c6      	mov	lr, r8
200001a4:	b500      	push	{lr}
200001a6:	000d      	movs	r5, r1
200001a8:	0004      	movs	r4, r0
200001aa:	f000 ff0d 	bl	20000fc8 <__time_us_64_veneer>
200001ae:	22fa      	movs	r2, #250	; 0xfa
200001b0:	0006      	movs	r6, r0
200001b2:	000f      	movs	r7, r1
200001b4:	2300      	movs	r3, #0
200001b6:	0028      	movs	r0, r5
200001b8:	2100      	movs	r1, #0
200001ba:	0092      	lsls	r2, r2, #2
200001bc:	f000 ff14 	bl	20000fe8 <____wrap___aeabi_lmul_veneer>
200001c0:	1836      	adds	r6, r6, r0
200001c2:	414f      	adcs	r7, r1
200001c4:	2f00      	cmp	r7, #0
200001c6:	db2c      	blt.n	20000222 <mutex_enter_timeout_ms+0x82>
200001c8:	23d0      	movs	r3, #208	; 0xd0
200001ca:	061b      	lsls	r3, r3, #24
200001cc:	681b      	ldr	r3, [r3, #0]
200001ce:	2500      	movs	r5, #0
200001d0:	4698      	mov	r8, r3
200001d2:	e00b      	b.n	200001ec <mutex_enter_timeout_ms+0x4c>
200001d4:	6823      	ldr	r3, [r4, #0]
200001d6:	f3bf 8f5f 	dmb	sy
200001da:	601d      	str	r5, [r3, #0]
200001dc:	f381 8810 	msr	PRIMASK, r1
200001e0:	0030      	movs	r0, r6
200001e2:	0039      	movs	r1, r7
200001e4:	f000 fec8 	bl	20000f78 <__best_effort_wfe_or_timeout_veneer>
200001e8:	2800      	cmp	r0, #0
200001ea:	d118      	bne.n	2000021e <mutex_enter_timeout_ms+0x7e>
200001ec:	6822      	ldr	r2, [r4, #0]
200001ee:	f3ef 8110 	mrs	r1, PRIMASK
200001f2:	b672      	cpsid	i
200001f4:	6813      	ldr	r3, [r2, #0]
200001f6:	2b00      	cmp	r3, #0
200001f8:	d0fc      	beq.n	200001f4 <mutex_enter_timeout_ms+0x54>
200001fa:	f3bf 8f5f 	dmb	sy
200001fe:	7923      	ldrb	r3, [r4, #4]
20000200:	2b7f      	cmp	r3, #127	; 0x7f
20000202:	d9e7      	bls.n	200001d4 <mutex_enter_timeout_ms+0x34>
20000204:	4643      	mov	r3, r8
20000206:	7123      	strb	r3, [r4, #4]
20000208:	6823      	ldr	r3, [r4, #0]
2000020a:	f3bf 8f5f 	dmb	sy
2000020e:	2200      	movs	r2, #0
20000210:	601a      	str	r2, [r3, #0]
20000212:	f381 8810 	msr	PRIMASK, r1
20000216:	2001      	movs	r0, #1
20000218:	bc80      	pop	{r7}
2000021a:	46b8      	mov	r8, r7
2000021c:	bdf0      	pop	{r4, r5, r6, r7, pc}
2000021e:	2000      	movs	r0, #0
20000220:	e7fa      	b.n	20000218 <mutex_enter_timeout_ms+0x78>
20000222:	2601      	movs	r6, #1
20000224:	4f01      	ldr	r7, [pc, #4]	; (2000022c <mutex_enter_timeout_ms+0x8c>)
20000226:	4276      	negs	r6, r6
20000228:	e7ce      	b.n	200001c8 <mutex_enter_timeout_ms+0x28>
2000022a:	46c0      	nop			; (mov r8, r8)
2000022c:	7fffffff 	.word	0x7fffffff

20000230 <mutex_exit>:
20000230:	6802      	ldr	r2, [r0, #0]
20000232:	f3ef 8110 	mrs	r1, PRIMASK
20000236:	b672      	cpsid	i
20000238:	6813      	ldr	r3, [r2, #0]
2000023a:	2b00      	cmp	r3, #0
2000023c:	d0fc      	beq.n	20000238 <mutex_exit+0x8>
2000023e:	f3bf 8f5f 	dmb	sy
20000242:	23ff      	movs	r3, #255	; 0xff
20000244:	7103      	strb	r3, [r0, #4]
20000246:	6803      	ldr	r3, [r0, #0]
20000248:	f3bf 8f5f 	dmb	sy
2000024c:	2200      	movs	r2, #0
2000024e:	601a      	str	r2, [r3, #0]
20000250:	f381 8810 	msr	PRIMASK, r1
20000254:	bf40      	sev
20000256:	4770      	bx	lr

20000258 <flash_init_boot2_copyout>:
20000258:	b510      	push	{r4, lr}
2000025a:	4c08      	ldr	r4, [pc, #32]	; (2000027c <flash_init_boot2_copyout+0x24>)
2000025c:	7823      	ldrb	r3, [r4, #0]
2000025e:	2b00      	cmp	r3, #0
20000260:	d10a      	bne.n	20000278 <flash_init_boot2_copyout+0x20>
20000262:	2380      	movs	r3, #128	; 0x80
20000264:	4806      	ldr	r0, [pc, #24]	; (20000280 <flash_init_boot2_copyout+0x28>)
20000266:	4907      	ldr	r1, [pc, #28]	; (20000284 <flash_init_boot2_copyout+0x2c>)
20000268:	055b      	lsls	r3, r3, #21
2000026a:	681a      	ldr	r2, [r3, #0]
2000026c:	50c2      	str	r2, [r0, r3]
2000026e:	3304      	adds	r3, #4
20000270:	428b      	cmp	r3, r1
20000272:	d1fa      	bne.n	2000026a <flash_init_boot2_copyout+0x12>
20000274:	2301      	movs	r3, #1
20000276:	7023      	strb	r3, [r4, #0]
20000278:	bd10      	pop	{r4, pc}
2000027a:	46c0      	nop			; (mov r8, r8)
2000027c:	20002138 	.word	0x20002138
20000280:	10001b70 	.word	0x10001b70
20000284:	10000100 	.word	0x10000100

20000288 <flash_enable_xip_via_boot2>:
20000288:	b510      	push	{r4, lr}
2000028a:	4b02      	ldr	r3, [pc, #8]	; (20000294 <flash_enable_xip_via_boot2+0xc>)
2000028c:	3301      	adds	r3, #1
2000028e:	4798      	blx	r3
20000290:	bd10      	pop	{r4, pc}
20000292:	46c0      	nop			; (mov r8, r8)
20000294:	20001b70 	.word	0x20001b70

20000298 <flash_cs_force.constprop.0>:
20000298:	4b03      	ldr	r3, [pc, #12]	; (200002a8 <flash_cs_force.constprop.0+0x10>)
2000029a:	681a      	ldr	r2, [r3, #0]
2000029c:	23c0      	movs	r3, #192	; 0xc0
2000029e:	009b      	lsls	r3, r3, #2
200002a0:	4393      	bics	r3, r2
200002a2:	4a02      	ldr	r2, [pc, #8]	; (200002ac <flash_cs_force.constprop.0+0x14>)
200002a4:	6013      	str	r3, [r2, #0]
200002a6:	4770      	bx	lr
200002a8:	4001800c 	.word	0x4001800c
200002ac:	4001900c 	.word	0x4001900c

200002b0 <flash_cs_force.constprop.1>:
200002b0:	4b05      	ldr	r3, [pc, #20]	; (200002c8 <flash_cs_force.constprop.1+0x18>)
200002b2:	681a      	ldr	r2, [r3, #0]
200002b4:	2380      	movs	r3, #128	; 0x80
200002b6:	009b      	lsls	r3, r3, #2
200002b8:	4053      	eors	r3, r2
200002ba:	22c0      	movs	r2, #192	; 0xc0
200002bc:	0092      	lsls	r2, r2, #2
200002be:	4013      	ands	r3, r2
200002c0:	4a02      	ldr	r2, [pc, #8]	; (200002cc <flash_cs_force.constprop.1+0x1c>)
200002c2:	6013      	str	r3, [r2, #0]
200002c4:	4770      	bx	lr
200002c6:	46c0      	nop			; (mov r8, r8)
200002c8:	4001800c 	.word	0x4001800c
200002cc:	4001900c 	.word	0x4001900c

200002d0 <flash_do_cmd>:
200002d0:	2314      	movs	r3, #20
200002d2:	b5f0      	push	{r4, r5, r6, r7, lr}
200002d4:	46d6      	mov	lr, sl
200002d6:	464f      	mov	r7, r9
200002d8:	4646      	mov	r6, r8
200002da:	469a      	mov	sl, r3
200002dc:	4681      	mov	r9, r0
200002de:	8818      	ldrh	r0, [r3, #0]
200002e0:	3304      	adds	r3, #4
200002e2:	b5c0      	push	{r6, r7, lr}
200002e4:	4698      	mov	r8, r3
200002e6:	000e      	movs	r6, r1
200002e8:	881b      	ldrh	r3, [r3, #0]
200002ea:	4927      	ldr	r1, [pc, #156]	; (20000388 <flash_do_cmd+0xb8>)
200002ec:	0014      	movs	r4, r2
200002ee:	4798      	blx	r3
200002f0:	4653      	mov	r3, sl
200002f2:	0007      	movs	r7, r0
200002f4:	8818      	ldrh	r0, [r3, #0]
200002f6:	4643      	mov	r3, r8
200002f8:	4924      	ldr	r1, [pc, #144]	; (2000038c <flash_do_cmd+0xbc>)
200002fa:	881b      	ldrh	r3, [r3, #0]
200002fc:	4798      	blx	r3
200002fe:	4653      	mov	r3, sl
20000300:	0005      	movs	r5, r0
20000302:	8818      	ldrh	r0, [r3, #0]
20000304:	4643      	mov	r3, r8
20000306:	4922      	ldr	r1, [pc, #136]	; (20000390 <flash_do_cmd+0xc0>)
20000308:	881b      	ldrh	r3, [r3, #0]
2000030a:	4798      	blx	r3
2000030c:	4680      	mov	r8, r0
2000030e:	f7ff ffa3 	bl	20000258 <flash_init_boot2_copyout>
20000312:	47b8      	blx	r7
20000314:	47a8      	blx	r5
20000316:	f7ff ffcb 	bl	200002b0 <flash_cs_force.constprop.1>
2000031a:	2c00      	cmp	r4, #0
2000031c:	d01b      	beq.n	20000356 <flash_do_cmd+0x86>
2000031e:	21c0      	movs	r1, #192	; 0xc0
20000320:	0022      	movs	r2, r4
20000322:	2708      	movs	r7, #8
20000324:	2002      	movs	r0, #2
20000326:	0549      	lsls	r1, r1, #21
20000328:	003d      	movs	r5, r7
2000032a:	6a8b      	ldr	r3, [r1, #40]	; 0x28
2000032c:	401d      	ands	r5, r3
2000032e:	4218      	tst	r0, r3
20000330:	d00b      	beq.n	2000034a <flash_do_cmd+0x7a>
20000332:	2c00      	cmp	r4, #0
20000334:	d009      	beq.n	2000034a <flash_do_cmd+0x7a>
20000336:	1b13      	subs	r3, r2, r4
20000338:	2b0d      	cmp	r3, #13
2000033a:	d81f      	bhi.n	2000037c <flash_do_cmd+0xac>
2000033c:	464b      	mov	r3, r9
2000033e:	781b      	ldrb	r3, [r3, #0]
20000340:	3c01      	subs	r4, #1
20000342:	660b      	str	r3, [r1, #96]	; 0x60
20000344:	2301      	movs	r3, #1
20000346:	469c      	mov	ip, r3
20000348:	44e1      	add	r9, ip
2000034a:	0023      	movs	r3, r4
2000034c:	2d00      	cmp	r5, #0
2000034e:	d10c      	bne.n	2000036a <flash_do_cmd+0x9a>
20000350:	4313      	orrs	r3, r2
20000352:	2b00      	cmp	r3, #0
20000354:	d1e8      	bne.n	20000328 <flash_do_cmd+0x58>
20000356:	f7ff ff9f 	bl	20000298 <flash_cs_force.constprop.0>
2000035a:	47c0      	blx	r8
2000035c:	f7ff ff94 	bl	20000288 <flash_enable_xip_via_boot2>
20000360:	bce0      	pop	{r5, r6, r7}
20000362:	46ba      	mov	sl, r7
20000364:	46b1      	mov	r9, r6
20000366:	46a8      	mov	r8, r5
20000368:	bdf0      	pop	{r4, r5, r6, r7, pc}
2000036a:	2a00      	cmp	r2, #0
2000036c:	d0f1      	beq.n	20000352 <flash_do_cmd+0x82>
2000036e:	6e0b      	ldr	r3, [r1, #96]	; 0x60
20000370:	3a01      	subs	r2, #1
20000372:	7033      	strb	r3, [r6, #0]
20000374:	0013      	movs	r3, r2
20000376:	3601      	adds	r6, #1
20000378:	4323      	orrs	r3, r4
2000037a:	e7ea      	b.n	20000352 <flash_do_cmd+0x82>
2000037c:	2d00      	cmp	r5, #0
2000037e:	d0d3      	beq.n	20000328 <flash_do_cmd+0x58>
20000380:	2a00      	cmp	r2, #0
20000382:	d0d1      	beq.n	20000328 <flash_do_cmd+0x58>
20000384:	e7f3      	b.n	2000036e <flash_do_cmd+0x9e>
20000386:	46c0      	nop			; (mov r8, r8)
20000388:	00004649 	.word	0x00004649
2000038c:	00005845 	.word	0x00005845
20000390:	00004346 	.word	0x00004346

20000394 <reset_non_control_endpoints>:
20000394:	2300      	movs	r3, #0
20000396:	4a1c      	ldr	r2, [pc, #112]	; (20000408 <reset_non_control_endpoints+0x74>)
20000398:	b510      	push	{r4, lr}
2000039a:	6093      	str	r3, [r2, #8]
2000039c:	60d3      	str	r3, [r2, #12]
2000039e:	4a1b      	ldr	r2, [pc, #108]	; (2000040c <reset_non_control_endpoints+0x78>)
200003a0:	2100      	movs	r1, #0
200003a2:	6093      	str	r3, [r2, #8]
200003a4:	60d3      	str	r3, [r2, #12]
200003a6:	4a1a      	ldr	r2, [pc, #104]	; (20000410 <reset_non_control_endpoints+0x7c>)
200003a8:	481a      	ldr	r0, [pc, #104]	; (20000414 <reset_non_control_endpoints+0x80>)
200003aa:	6093      	str	r3, [r2, #8]
200003ac:	60d3      	str	r3, [r2, #12]
200003ae:	4a1a      	ldr	r2, [pc, #104]	; (20000418 <reset_non_control_endpoints+0x84>)
200003b0:	6093      	str	r3, [r2, #8]
200003b2:	60d3      	str	r3, [r2, #12]
200003b4:	4a19      	ldr	r2, [pc, #100]	; (2000041c <reset_non_control_endpoints+0x88>)
200003b6:	6093      	str	r3, [r2, #8]
200003b8:	60d3      	str	r3, [r2, #12]
200003ba:	4a19      	ldr	r2, [pc, #100]	; (20000420 <reset_non_control_endpoints+0x8c>)
200003bc:	6093      	str	r3, [r2, #8]
200003be:	60d3      	str	r3, [r2, #12]
200003c0:	4a18      	ldr	r2, [pc, #96]	; (20000424 <reset_non_control_endpoints+0x90>)
200003c2:	6093      	str	r3, [r2, #8]
200003c4:	60d3      	str	r3, [r2, #12]
200003c6:	4a18      	ldr	r2, [pc, #96]	; (20000428 <reset_non_control_endpoints+0x94>)
200003c8:	6093      	str	r3, [r2, #8]
200003ca:	60d3      	str	r3, [r2, #12]
200003cc:	4a17      	ldr	r2, [pc, #92]	; (2000042c <reset_non_control_endpoints+0x98>)
200003ce:	6093      	str	r3, [r2, #8]
200003d0:	60d3      	str	r3, [r2, #12]
200003d2:	4a17      	ldr	r2, [pc, #92]	; (20000430 <reset_non_control_endpoints+0x9c>)
200003d4:	6093      	str	r3, [r2, #8]
200003d6:	60d3      	str	r3, [r2, #12]
200003d8:	4a16      	ldr	r2, [pc, #88]	; (20000434 <reset_non_control_endpoints+0xa0>)
200003da:	6093      	str	r3, [r2, #8]
200003dc:	60d3      	str	r3, [r2, #12]
200003de:	4a16      	ldr	r2, [pc, #88]	; (20000438 <reset_non_control_endpoints+0xa4>)
200003e0:	6093      	str	r3, [r2, #8]
200003e2:	60d3      	str	r3, [r2, #12]
200003e4:	4a15      	ldr	r2, [pc, #84]	; (2000043c <reset_non_control_endpoints+0xa8>)
200003e6:	6093      	str	r3, [r2, #8]
200003e8:	60d3      	str	r3, [r2, #12]
200003ea:	4a15      	ldr	r2, [pc, #84]	; (20000440 <reset_non_control_endpoints+0xac>)
200003ec:	6093      	str	r3, [r2, #8]
200003ee:	60d3      	str	r3, [r2, #12]
200003f0:	4a14      	ldr	r2, [pc, #80]	; (20000444 <reset_non_control_endpoints+0xb0>)
200003f2:	6093      	str	r3, [r2, #8]
200003f4:	60d3      	str	r3, [r2, #12]
200003f6:	22f0      	movs	r2, #240	; 0xf0
200003f8:	0092      	lsls	r2, r2, #2
200003fa:	f000 fdd5 	bl	20000fa8 <____wrap_memset_veneer>
200003fe:	4b12      	ldr	r3, [pc, #72]	; (20000448 <reset_non_control_endpoints+0xb4>)
20000400:	4a12      	ldr	r2, [pc, #72]	; (2000044c <reset_non_control_endpoints+0xb8>)
20000402:	601a      	str	r2, [r3, #0]
20000404:	bd10      	pop	{r4, pc}
20000406:	46c0      	nop			; (mov r8, r8)
20000408:	50100000 	.word	0x50100000
2000040c:	50100008 	.word	0x50100008
20000410:	50100010 	.word	0x50100010
20000414:	20001d1c 	.word	0x20001d1c
20000418:	50100018 	.word	0x50100018
2000041c:	50100020 	.word	0x50100020
20000420:	50100028 	.word	0x50100028
20000424:	50100030 	.word	0x50100030
20000428:	50100038 	.word	0x50100038
2000042c:	50100040 	.word	0x50100040
20000430:	50100048 	.word	0x50100048
20000434:	50100050 	.word	0x50100050
20000438:	50100058 	.word	0x50100058
2000043c:	50100060 	.word	0x50100060
20000440:	50100068 	.word	0x50100068
20000444:	50100070 	.word	0x50100070
20000448:	200020f0 	.word	0x200020f0
2000044c:	50100180 	.word	0x50100180

20000450 <hw_handle_buff_status>:
20000450:	b5f0      	push	{r4, r5, r6, r7, lr}
20000452:	4657      	mov	r7, sl
20000454:	46de      	mov	lr, fp
20000456:	464e      	mov	r6, r9
20000458:	4645      	mov	r5, r8
2000045a:	b5e0      	push	{r5, r6, r7, lr}
2000045c:	4b23      	ldr	r3, [pc, #140]	; (200004ec <hw_handle_buff_status+0x9c>)
2000045e:	b087      	sub	sp, #28
20000460:	6d9f      	ldr	r7, [r3, #88]	; 0x58
20000462:	2f00      	cmp	r7, #0
20000464:	d023      	beq.n	200004ae <hw_handle_buff_status+0x5e>
20000466:	4b22      	ldr	r3, [pc, #136]	; (200004f0 <hw_handle_buff_status+0xa0>)
20000468:	2400      	movs	r4, #0
2000046a:	4699      	mov	r9, r3
2000046c:	2301      	movs	r3, #1
2000046e:	4698      	mov	r8, r3
20000470:	4b20      	ldr	r3, [pc, #128]	; (200004f4 <hw_handle_buff_status+0xa4>)
20000472:	2601      	movs	r6, #1
20000474:	469a      	mov	sl, r3
20000476:	e004      	b.n	20000482 <hw_handle_buff_status+0x32>
20000478:	3401      	adds	r4, #1
2000047a:	0076      	lsls	r6, r6, #1
2000047c:	b2e4      	uxtb	r4, r4
2000047e:	2c20      	cmp	r4, #32
20000480:	d015      	beq.n	200004ae <hw_handle_buff_status+0x5e>
20000482:	423e      	tst	r6, r7
20000484:	d0f8      	beq.n	20000478 <hw_handle_buff_status+0x28>
20000486:	464b      	mov	r3, r9
20000488:	659e      	str	r6, [r3, #88]	; 0x58
2000048a:	4643      	mov	r3, r8
2000048c:	0865      	lsrs	r5, r4, #1
2000048e:	006d      	lsls	r5, r5, #1
20000490:	43a3      	bics	r3, r4
20000492:	18ed      	adds	r5, r5, r3
20000494:	016d      	lsls	r5, r5, #5
20000496:	4455      	add	r5, sl
20000498:	0028      	movs	r0, r5
2000049a:	f000 fc51 	bl	20000d40 <hw_endpoint_xfer_continue>
2000049e:	2800      	cmp	r0, #0
200004a0:	d10c      	bne.n	200004bc <hw_handle_buff_status+0x6c>
200004a2:	3401      	adds	r4, #1
200004a4:	43b7      	bics	r7, r6
200004a6:	b2e4      	uxtb	r4, r4
200004a8:	0076      	lsls	r6, r6, #1
200004aa:	2f00      	cmp	r7, #0
200004ac:	d1e7      	bne.n	2000047e <hw_handle_buff_status+0x2e>
200004ae:	b007      	add	sp, #28
200004b0:	bcf0      	pop	{r4, r5, r6, r7}
200004b2:	46bb      	mov	fp, r7
200004b4:	46b2      	mov	sl, r6
200004b6:	46a9      	mov	r9, r5
200004b8:	46a0      	mov	r8, r4
200004ba:	bdf0      	pop	{r4, r5, r6, r7, pc}
200004bc:	78ab      	ldrb	r3, [r5, #2]
200004be:	2208      	movs	r2, #8
200004c0:	469b      	mov	fp, r3
200004c2:	8aeb      	ldrh	r3, [r5, #22]
200004c4:	2100      	movs	r1, #0
200004c6:	a803      	add	r0, sp, #12
200004c8:	9301      	str	r3, [sp, #4]
200004ca:	f000 fd6d 	bl	20000fa8 <____wrap_memset_veneer>
200004ce:	2307      	movs	r3, #7
200004d0:	4659      	mov	r1, fp
200004d2:	aa02      	add	r2, sp, #8
200004d4:	7153      	strb	r3, [r2, #5]
200004d6:	9b01      	ldr	r3, [sp, #4]
200004d8:	7211      	strb	r1, [r2, #8]
200004da:	a803      	add	r0, sp, #12
200004dc:	2101      	movs	r1, #1
200004de:	9305      	str	r3, [sp, #20]
200004e0:	f000 fc4e 	bl	20000d80 <dcd_event_handler>
200004e4:	0028      	movs	r0, r5
200004e6:	f000 fbc7 	bl	20000c78 <hw_endpoint_reset_transfer>
200004ea:	e7da      	b.n	200004a2 <hw_handle_buff_status+0x52>
200004ec:	50110000 	.word	0x50110000
200004f0:	50113000 	.word	0x50113000
200004f4:	20001cdc 	.word	0x20001cdc

200004f8 <dcd_rp2040_irq>:
200004f8:	2398      	movs	r3, #152	; 0x98
200004fa:	b5f0      	push	{r4, r5, r6, r7, lr}
200004fc:	4646      	mov	r6, r8
200004fe:	46d6      	mov	lr, sl
20000500:	464f      	mov	r7, r9
20000502:	4acd      	ldr	r2, [pc, #820]	; (20000838 <dcd_rp2040_irq+0x340>)
20000504:	b5c0      	push	{r6, r7, lr}
20000506:	58d5      	ldr	r5, [r2, r3]
20000508:	2380      	movs	r3, #128	; 0x80
2000050a:	002c      	movs	r4, r5
2000050c:	029b      	lsls	r3, r3, #10
2000050e:	2610      	movs	r6, #16
20000510:	b084      	sub	sp, #16
20000512:	401c      	ands	r4, r3
20000514:	421d      	tst	r5, r3
20000516:	d078      	beq.n	2000060a <dcd_rp2040_irq+0x112>
20000518:	4bc8      	ldr	r3, [pc, #800]	; (2000083c <dcd_rp2040_irq+0x344>)
2000051a:	4cc9      	ldr	r4, [pc, #804]	; (20000840 <dcd_rp2040_irq+0x348>)
2000051c:	6a9a      	ldr	r2, [r3, #40]	; 0x28
2000051e:	4bc9      	ldr	r3, [pc, #804]	; (20000844 <dcd_rp2040_irq+0x34c>)
20000520:	2600      	movs	r6, #0
20000522:	601a      	str	r2, [r3, #0]
20000524:	233b      	movs	r3, #59	; 0x3b
20000526:	5ce3      	ldrb	r3, [r4, r3]
20000528:	2b02      	cmp	r3, #2
2000052a:	d100      	bne.n	2000052e <dcd_rp2040_irq+0x36>
2000052c:	e110      	b.n	20000750 <dcd_rp2040_irq+0x258>
2000052e:	237b      	movs	r3, #123	; 0x7b
20000530:	5ce3      	ldrb	r3, [r4, r3]
20000532:	2b02      	cmp	r3, #2
20000534:	d100      	bne.n	20000538 <dcd_rp2040_irq+0x40>
20000536:	e12e      	b.n	20000796 <dcd_rp2040_irq+0x29e>
20000538:	23bb      	movs	r3, #187	; 0xbb
2000053a:	5ce3      	ldrb	r3, [r4, r3]
2000053c:	2b02      	cmp	r3, #2
2000053e:	d100      	bne.n	20000542 <dcd_rp2040_irq+0x4a>
20000540:	e117      	b.n	20000772 <dcd_rp2040_irq+0x27a>
20000542:	23fb      	movs	r3, #251	; 0xfb
20000544:	5ce3      	ldrb	r3, [r4, r3]
20000546:	2b02      	cmp	r3, #2
20000548:	d100      	bne.n	2000054c <dcd_rp2040_irq+0x54>
2000054a:	e197      	b.n	2000087c <dcd_rp2040_irq+0x384>
2000054c:	233c      	movs	r3, #60	; 0x3c
2000054e:	33ff      	adds	r3, #255	; 0xff
20000550:	5ce3      	ldrb	r3, [r4, r3]
20000552:	2b02      	cmp	r3, #2
20000554:	d100      	bne.n	20000558 <dcd_rp2040_irq+0x60>
20000556:	e15a      	b.n	2000080e <dcd_rp2040_irq+0x316>
20000558:	237c      	movs	r3, #124	; 0x7c
2000055a:	33ff      	adds	r3, #255	; 0xff
2000055c:	5ce3      	ldrb	r3, [r4, r3]
2000055e:	2b02      	cmp	r3, #2
20000560:	d100      	bne.n	20000564 <dcd_rp2040_irq+0x6c>
20000562:	e13f      	b.n	200007e4 <dcd_rp2040_irq+0x2ec>
20000564:	23bc      	movs	r3, #188	; 0xbc
20000566:	33ff      	adds	r3, #255	; 0xff
20000568:	5ce3      	ldrb	r3, [r4, r3]
2000056a:	2b02      	cmp	r3, #2
2000056c:	d100      	bne.n	20000570 <dcd_rp2040_irq+0x78>
2000056e:	e124      	b.n	200007ba <dcd_rp2040_irq+0x2c2>
20000570:	23fc      	movs	r3, #252	; 0xfc
20000572:	33ff      	adds	r3, #255	; 0xff
20000574:	5ce3      	ldrb	r3, [r4, r3]
20000576:	2b02      	cmp	r3, #2
20000578:	d100      	bne.n	2000057c <dcd_rp2040_irq+0x84>
2000057a:	e21f      	b.n	200009bc <dcd_rp2040_irq+0x4c4>
2000057c:	4bb2      	ldr	r3, [pc, #712]	; (20000848 <dcd_rp2040_irq+0x350>)
2000057e:	5ce3      	ldrb	r3, [r4, r3]
20000580:	2b02      	cmp	r3, #2
20000582:	d100      	bne.n	20000586 <dcd_rp2040_irq+0x8e>
20000584:	e206      	b.n	20000994 <dcd_rp2040_irq+0x49c>
20000586:	4bb1      	ldr	r3, [pc, #708]	; (2000084c <dcd_rp2040_irq+0x354>)
20000588:	5ce3      	ldrb	r3, [r4, r3]
2000058a:	2b02      	cmp	r3, #2
2000058c:	d100      	bne.n	20000590 <dcd_rp2040_irq+0x98>
2000058e:	e1ed      	b.n	2000096c <dcd_rp2040_irq+0x474>
20000590:	4baf      	ldr	r3, [pc, #700]	; (20000850 <dcd_rp2040_irq+0x358>)
20000592:	5ce3      	ldrb	r3, [r4, r3]
20000594:	2b02      	cmp	r3, #2
20000596:	d100      	bne.n	2000059a <dcd_rp2040_irq+0xa2>
20000598:	e1d4      	b.n	20000944 <dcd_rp2040_irq+0x44c>
2000059a:	4bae      	ldr	r3, [pc, #696]	; (20000854 <dcd_rp2040_irq+0x35c>)
2000059c:	5ce3      	ldrb	r3, [r4, r3]
2000059e:	2b02      	cmp	r3, #2
200005a0:	d100      	bne.n	200005a4 <dcd_rp2040_irq+0xac>
200005a2:	e1bb      	b.n	2000091c <dcd_rp2040_irq+0x424>
200005a4:	4bac      	ldr	r3, [pc, #688]	; (20000858 <dcd_rp2040_irq+0x360>)
200005a6:	5ce3      	ldrb	r3, [r4, r3]
200005a8:	2b02      	cmp	r3, #2
200005aa:	d100      	bne.n	200005ae <dcd_rp2040_irq+0xb6>
200005ac:	e1a2      	b.n	200008f4 <dcd_rp2040_irq+0x3fc>
200005ae:	4bab      	ldr	r3, [pc, #684]	; (2000085c <dcd_rp2040_irq+0x364>)
200005b0:	5ce3      	ldrb	r3, [r4, r3]
200005b2:	2b02      	cmp	r3, #2
200005b4:	d100      	bne.n	200005b8 <dcd_rp2040_irq+0xc0>
200005b6:	e189      	b.n	200008cc <dcd_rp2040_irq+0x3d4>
200005b8:	4ba9      	ldr	r3, [pc, #676]	; (20000860 <dcd_rp2040_irq+0x368>)
200005ba:	5ce3      	ldrb	r3, [r4, r3]
200005bc:	2b02      	cmp	r3, #2
200005be:	d100      	bne.n	200005c2 <dcd_rp2040_irq+0xca>
200005c0:	e16e      	b.n	200008a0 <dcd_rp2040_irq+0x3a8>
200005c2:	4ba8      	ldr	r3, [pc, #672]	; (20000864 <dcd_rp2040_irq+0x36c>)
200005c4:	5ce3      	ldrb	r3, [r4, r3]
200005c6:	2b02      	cmp	r3, #2
200005c8:	d100      	bne.n	200005cc <dcd_rp2040_irq+0xd4>
200005ca:	e20c      	b.n	200009e6 <dcd_rp2040_irq+0x4ee>
200005cc:	2e00      	cmp	r6, #0
200005ce:	d108      	bne.n	200005e2 <dcd_rp2040_irq+0xea>
200005d0:	4ba5      	ldr	r3, [pc, #660]	; (20000868 <dcd_rp2040_irq+0x370>)
200005d2:	781b      	ldrb	r3, [r3, #0]
200005d4:	2b00      	cmp	r3, #0
200005d6:	d104      	bne.n	200005e2 <dcd_rp2040_irq+0xea>
200005d8:	2180      	movs	r1, #128	; 0x80
200005da:	4aa4      	ldr	r2, [pc, #656]	; (2000086c <dcd_rp2040_irq+0x374>)
200005dc:	3390      	adds	r3, #144	; 0x90
200005de:	0289      	lsls	r1, r1, #10
200005e0:	50d1      	str	r1, [r2, r3]
200005e2:	ae01      	add	r6, sp, #4
200005e4:	4b94      	ldr	r3, [pc, #592]	; (20000838 <dcd_rp2040_irq+0x340>)
200005e6:	220c      	movs	r2, #12
200005e8:	2100      	movs	r1, #0
200005ea:	0030      	movs	r0, r6
200005ec:	6c9c      	ldr	r4, [r3, #72]	; 0x48
200005ee:	f000 fcdb 	bl	20000fa8 <____wrap_memset_veneer>
200005f2:	2303      	movs	r3, #3
200005f4:	0564      	lsls	r4, r4, #21
200005f6:	0d64      	lsrs	r4, r4, #21
200005f8:	7073      	strb	r3, [r6, #1]
200005fa:	0030      	movs	r0, r6
200005fc:	9402      	str	r4, [sp, #8]
200005fe:	2101      	movs	r1, #1
20000600:	2480      	movs	r4, #128	; 0x80
20000602:	f000 fbbd 	bl	20000d80 <dcd_event_handler>
20000606:	4e9a      	ldr	r6, [pc, #616]	; (20000870 <dcd_rp2040_irq+0x378>)
20000608:	02a4      	lsls	r4, r4, #10
2000060a:	06eb      	lsls	r3, r5, #27
2000060c:	d500      	bpl.n	20000610 <dcd_rp2040_irq+0x118>
2000060e:	e093      	b.n	20000738 <dcd_rp2040_irq+0x240>
20000610:	2380      	movs	r3, #128	; 0x80
20000612:	025b      	lsls	r3, r3, #9
20000614:	421d      	tst	r5, r3
20000616:	d037      	beq.n	20000688 <dcd_rp2040_irq+0x190>
20000618:	431c      	orrs	r4, r3
2000061a:	2300      	movs	r3, #0
2000061c:	4698      	mov	r8, r3
2000061e:	3302      	adds	r3, #2
20000620:	4699      	mov	r9, r3
20000622:	4b94      	ldr	r3, [pc, #592]	; (20000874 <dcd_rp2040_irq+0x37c>)
20000624:	4e86      	ldr	r6, [pc, #536]	; (20000840 <dcd_rp2040_irq+0x348>)
20000626:	469a      	mov	sl, r3
20000628:	7eb3      	ldrb	r3, [r6, #26]
2000062a:	2b00      	cmp	r3, #0
2000062c:	d017      	beq.n	2000065e <dcd_rp2040_irq+0x166>
2000062e:	464b      	mov	r3, r9
20000630:	4642      	mov	r2, r8
20000632:	1a9f      	subs	r7, r3, r2
20000634:	f000 fca8 	bl	20000f88 <__rp2040_chip_version_veneer>
20000638:	2801      	cmp	r0, #1
2000063a:	d900      	bls.n	2000063e <dcd_rp2040_irq+0x146>
2000063c:	e080      	b.n	20000740 <dcd_rp2040_irq+0x248>
2000063e:	22c0      	movs	r2, #192	; 0xc0
20000640:	2100      	movs	r1, #0
20000642:	0030      	movs	r0, r6
20000644:	0192      	lsls	r2, r2, #6
20000646:	f000 fb1d 	bl	20000c84 <_hw_endpoint_buffer_control_update32>
2000064a:	0030      	movs	r0, r6
2000064c:	f000 fb14 	bl	20000c78 <hw_endpoint_reset_transfer>
20000650:	f000 fc9a 	bl	20000f88 <__rp2040_chip_version_veneer>
20000654:	2801      	cmp	r0, #1
20000656:	d902      	bls.n	2000065e <dcd_rp2040_irq+0x166>
20000658:	4b84      	ldr	r3, [pc, #528]	; (2000086c <dcd_rp2040_irq+0x374>)
2000065a:	665f      	str	r7, [r3, #100]	; 0x64
2000065c:	661f      	str	r7, [r3, #96]	; 0x60
2000065e:	2301      	movs	r3, #1
20000660:	70f3      	strb	r3, [r6, #3]
20000662:	4643      	mov	r3, r8
20000664:	3620      	adds	r6, #32
20000666:	2b01      	cmp	r3, #1
20000668:	d123      	bne.n	200006b2 <dcd_rp2040_irq+0x1ba>
2000066a:	23c0      	movs	r3, #192	; 0xc0
2000066c:	4a82      	ldr	r2, [pc, #520]	; (20000878 <dcd_rp2040_irq+0x380>)
2000066e:	00db      	lsls	r3, r3, #3
20000670:	9301      	str	r3, [sp, #4]
20000672:	ab02      	add	r3, sp, #8
20000674:	ca03      	ldmia	r2!, {r0, r1}
20000676:	c303      	stmia	r3!, {r0, r1}
20000678:	2101      	movs	r1, #1
2000067a:	a801      	add	r0, sp, #4
2000067c:	f000 fb80 	bl	20000d80 <dcd_event_handler>
20000680:	2280      	movs	r2, #128	; 0x80
20000682:	4b7a      	ldr	r3, [pc, #488]	; (2000086c <dcd_rp2040_irq+0x374>)
20000684:	0292      	lsls	r2, r2, #10
20000686:	651a      	str	r2, [r3, #80]	; 0x50
20000688:	2380      	movs	r3, #128	; 0x80
2000068a:	015b      	lsls	r3, r3, #5
2000068c:	421d      	tst	r5, r3
2000068e:	d113      	bne.n	200006b8 <dcd_rp2040_irq+0x1c0>
20000690:	2380      	movs	r3, #128	; 0x80
20000692:	01db      	lsls	r3, r3, #7
20000694:	421d      	tst	r5, r3
20000696:	d129      	bne.n	200006ec <dcd_rp2040_irq+0x1f4>
20000698:	2380      	movs	r3, #128	; 0x80
2000069a:	021b      	lsls	r3, r3, #8
2000069c:	421d      	tst	r5, r3
2000069e:	d139      	bne.n	20000714 <dcd_rp2040_irq+0x21c>
200006a0:	42ac      	cmp	r4, r5
200006a2:	d000      	beq.n	200006a6 <dcd_rp2040_irq+0x1ae>
200006a4:	e1b9      	b.n	20000a1a <dcd_rp2040_irq+0x522>
200006a6:	b004      	add	sp, #16
200006a8:	bce0      	pop	{r5, r6, r7}
200006aa:	46ba      	mov	sl, r7
200006ac:	46b1      	mov	r9, r6
200006ae:	46a8      	mov	r8, r5
200006b0:	bdf0      	pop	{r4, r5, r6, r7, pc}
200006b2:	2301      	movs	r3, #1
200006b4:	4698      	mov	r8, r3
200006b6:	e7b7      	b.n	20000628 <dcd_rp2040_irq+0x130>
200006b8:	2200      	movs	r2, #0
200006ba:	431c      	orrs	r4, r3
200006bc:	4b5e      	ldr	r3, [pc, #376]	; (20000838 <dcd_rp2040_irq+0x340>)
200006be:	ae01      	add	r6, sp, #4
200006c0:	601a      	str	r2, [r3, #0]
200006c2:	f7ff fe67 	bl	20000394 <reset_non_control_endpoints>
200006c6:	220c      	movs	r2, #12
200006c8:	2100      	movs	r1, #0
200006ca:	0030      	movs	r0, r6
200006cc:	f000 fc6c 	bl	20000fa8 <____wrap_memset_veneer>
200006d0:	2301      	movs	r3, #1
200006d2:	2101      	movs	r1, #1
200006d4:	7073      	strb	r3, [r6, #1]
200006d6:	0030      	movs	r0, r6
200006d8:	f000 fb52 	bl	20000d80 <dcd_event_handler>
200006dc:	2280      	movs	r2, #128	; 0x80
200006de:	4b63      	ldr	r3, [pc, #396]	; (2000086c <dcd_rp2040_irq+0x374>)
200006e0:	0312      	lsls	r2, r2, #12
200006e2:	651a      	str	r2, [r3, #80]	; 0x50
200006e4:	2380      	movs	r3, #128	; 0x80
200006e6:	01db      	lsls	r3, r3, #7
200006e8:	421d      	tst	r5, r3
200006ea:	d0d5      	beq.n	20000698 <dcd_rp2040_irq+0x1a0>
200006ec:	ae01      	add	r6, sp, #4
200006ee:	220c      	movs	r2, #12
200006f0:	2100      	movs	r1, #0
200006f2:	0030      	movs	r0, r6
200006f4:	431c      	orrs	r4, r3
200006f6:	f000 fc57 	bl	20000fa8 <____wrap_memset_veneer>
200006fa:	2304      	movs	r3, #4
200006fc:	2101      	movs	r1, #1
200006fe:	7073      	strb	r3, [r6, #1]
20000700:	0030      	movs	r0, r6
20000702:	f000 fb3d 	bl	20000d80 <dcd_event_handler>
20000706:	2210      	movs	r2, #16
20000708:	4b58      	ldr	r3, [pc, #352]	; (2000086c <dcd_rp2040_irq+0x374>)
2000070a:	651a      	str	r2, [r3, #80]	; 0x50
2000070c:	2380      	movs	r3, #128	; 0x80
2000070e:	021b      	lsls	r3, r3, #8
20000710:	421d      	tst	r5, r3
20000712:	d0c5      	beq.n	200006a0 <dcd_rp2040_irq+0x1a8>
20000714:	ae01      	add	r6, sp, #4
20000716:	220c      	movs	r2, #12
20000718:	2100      	movs	r1, #0
2000071a:	0030      	movs	r0, r6
2000071c:	431c      	orrs	r4, r3
2000071e:	f000 fc43 	bl	20000fa8 <____wrap_memset_veneer>
20000722:	2305      	movs	r3, #5
20000724:	2101      	movs	r1, #1
20000726:	7073      	strb	r3, [r6, #1]
20000728:	0030      	movs	r0, r6
2000072a:	f000 fb29 	bl	20000d80 <dcd_event_handler>
2000072e:	2280      	movs	r2, #128	; 0x80
20000730:	4b4e      	ldr	r3, [pc, #312]	; (2000086c <dcd_rp2040_irq+0x374>)
20000732:	0112      	lsls	r2, r2, #4
20000734:	651a      	str	r2, [r3, #80]	; 0x50
20000736:	e7b3      	b.n	200006a0 <dcd_rp2040_irq+0x1a8>
20000738:	f7ff fe8a 	bl	20000450 <hw_handle_buff_status>
2000073c:	0034      	movs	r4, r6
2000073e:	e767      	b.n	20000610 <dcd_rp2040_irq+0x118>
20000740:	4653      	mov	r3, sl
20000742:	4a3d      	ldr	r2, [pc, #244]	; (20000838 <dcd_rp2040_irq+0x340>)
20000744:	661f      	str	r7, [r3, #96]	; 0x60
20000746:	6e53      	ldr	r3, [r2, #100]	; 0x64
20000748:	403b      	ands	r3, r7
2000074a:	42bb      	cmp	r3, r7
2000074c:	d1fb      	bne.n	20000746 <dcd_rp2040_irq+0x24e>
2000074e:	e776      	b.n	2000063e <dcd_rp2040_irq+0x146>
20000750:	3338      	adds	r3, #56	; 0x38
20000752:	5ce6      	ldrb	r6, [r4, r3]
20000754:	2e00      	cmp	r6, #0
20000756:	d100      	bne.n	2000075a <dcd_rp2040_irq+0x262>
20000758:	e6e9      	b.n	2000052e <dcd_rp2040_irq+0x36>
2000075a:	3302      	adds	r3, #2
2000075c:	5ce2      	ldrb	r2, [r4, r3]
2000075e:	2a00      	cmp	r2, #0
20000760:	d100      	bne.n	20000764 <dcd_rp2040_irq+0x26c>
20000762:	e6e4      	b.n	2000052e <dcd_rp2040_irq+0x36>
20000764:	2200      	movs	r2, #0
20000766:	0020      	movs	r0, r4
20000768:	54e2      	strb	r2, [r4, r3]
2000076a:	3020      	adds	r0, #32
2000076c:	f000 fab2 	bl	20000cd4 <hw_endpoint_start_next_buffer>
20000770:	e6dd      	b.n	2000052e <dcd_rp2040_irq+0x36>
20000772:	33b8      	adds	r3, #184	; 0xb8
20000774:	5ce3      	ldrb	r3, [r4, r3]
20000776:	2b00      	cmp	r3, #0
20000778:	d100      	bne.n	2000077c <dcd_rp2040_irq+0x284>
2000077a:	e6e2      	b.n	20000542 <dcd_rp2040_irq+0x4a>
2000077c:	22bc      	movs	r2, #188	; 0xbc
2000077e:	5ca1      	ldrb	r1, [r4, r2]
20000780:	001e      	movs	r6, r3
20000782:	2900      	cmp	r1, #0
20000784:	d100      	bne.n	20000788 <dcd_rp2040_irq+0x290>
20000786:	e6dc      	b.n	20000542 <dcd_rp2040_irq+0x4a>
20000788:	2300      	movs	r3, #0
2000078a:	0020      	movs	r0, r4
2000078c:	54a3      	strb	r3, [r4, r2]
2000078e:	30a0      	adds	r0, #160	; 0xa0
20000790:	f000 faa0 	bl	20000cd4 <hw_endpoint_start_next_buffer>
20000794:	e6d5      	b.n	20000542 <dcd_rp2040_irq+0x4a>
20000796:	3378      	adds	r3, #120	; 0x78
20000798:	5ce3      	ldrb	r3, [r4, r3]
2000079a:	2b00      	cmp	r3, #0
2000079c:	d100      	bne.n	200007a0 <dcd_rp2040_irq+0x2a8>
2000079e:	e6cb      	b.n	20000538 <dcd_rp2040_irq+0x40>
200007a0:	227c      	movs	r2, #124	; 0x7c
200007a2:	5ca1      	ldrb	r1, [r4, r2]
200007a4:	001e      	movs	r6, r3
200007a6:	2900      	cmp	r1, #0
200007a8:	d100      	bne.n	200007ac <dcd_rp2040_irq+0x2b4>
200007aa:	e6c5      	b.n	20000538 <dcd_rp2040_irq+0x40>
200007ac:	2300      	movs	r3, #0
200007ae:	0020      	movs	r0, r4
200007b0:	54a3      	strb	r3, [r4, r2]
200007b2:	3060      	adds	r0, #96	; 0x60
200007b4:	f000 fa8e 	bl	20000cd4 <hw_endpoint_start_next_buffer>
200007b8:	e6be      	b.n	20000538 <dcd_rp2040_irq+0x40>
200007ba:	33b9      	adds	r3, #185	; 0xb9
200007bc:	33ff      	adds	r3, #255	; 0xff
200007be:	5ce3      	ldrb	r3, [r4, r3]
200007c0:	2b00      	cmp	r3, #0
200007c2:	d100      	bne.n	200007c6 <dcd_rp2040_irq+0x2ce>
200007c4:	e6d4      	b.n	20000570 <dcd_rp2040_irq+0x78>
200007c6:	22de      	movs	r2, #222	; 0xde
200007c8:	0052      	lsls	r2, r2, #1
200007ca:	5ca1      	ldrb	r1, [r4, r2]
200007cc:	001e      	movs	r6, r3
200007ce:	2900      	cmp	r1, #0
200007d0:	d100      	bne.n	200007d4 <dcd_rp2040_irq+0x2dc>
200007d2:	e6cd      	b.n	20000570 <dcd_rp2040_irq+0x78>
200007d4:	0020      	movs	r0, r4
200007d6:	2300      	movs	r3, #0
200007d8:	30a1      	adds	r0, #161	; 0xa1
200007da:	54a3      	strb	r3, [r4, r2]
200007dc:	30ff      	adds	r0, #255	; 0xff
200007de:	f000 fa79 	bl	20000cd4 <hw_endpoint_start_next_buffer>
200007e2:	e6c5      	b.n	20000570 <dcd_rp2040_irq+0x78>
200007e4:	3379      	adds	r3, #121	; 0x79
200007e6:	33ff      	adds	r3, #255	; 0xff
200007e8:	5ce3      	ldrb	r3, [r4, r3]
200007ea:	2b00      	cmp	r3, #0
200007ec:	d100      	bne.n	200007f0 <dcd_rp2040_irq+0x2f8>
200007ee:	e6b9      	b.n	20000564 <dcd_rp2040_irq+0x6c>
200007f0:	22be      	movs	r2, #190	; 0xbe
200007f2:	0052      	lsls	r2, r2, #1
200007f4:	5ca1      	ldrb	r1, [r4, r2]
200007f6:	001e      	movs	r6, r3
200007f8:	2900      	cmp	r1, #0
200007fa:	d100      	bne.n	200007fe <dcd_rp2040_irq+0x306>
200007fc:	e6b2      	b.n	20000564 <dcd_rp2040_irq+0x6c>
200007fe:	0020      	movs	r0, r4
20000800:	2300      	movs	r3, #0
20000802:	3061      	adds	r0, #97	; 0x61
20000804:	54a3      	strb	r3, [r4, r2]
20000806:	30ff      	adds	r0, #255	; 0xff
20000808:	f000 fa64 	bl	20000cd4 <hw_endpoint_start_next_buffer>
2000080c:	e6aa      	b.n	20000564 <dcd_rp2040_irq+0x6c>
2000080e:	3339      	adds	r3, #57	; 0x39
20000810:	33ff      	adds	r3, #255	; 0xff
20000812:	5ce3      	ldrb	r3, [r4, r3]
20000814:	2b00      	cmp	r3, #0
20000816:	d100      	bne.n	2000081a <dcd_rp2040_irq+0x322>
20000818:	e69e      	b.n	20000558 <dcd_rp2040_irq+0x60>
2000081a:	229e      	movs	r2, #158	; 0x9e
2000081c:	0052      	lsls	r2, r2, #1
2000081e:	5ca1      	ldrb	r1, [r4, r2]
20000820:	001e      	movs	r6, r3
20000822:	2900      	cmp	r1, #0
20000824:	d100      	bne.n	20000828 <dcd_rp2040_irq+0x330>
20000826:	e697      	b.n	20000558 <dcd_rp2040_irq+0x60>
20000828:	0020      	movs	r0, r4
2000082a:	2300      	movs	r3, #0
2000082c:	3021      	adds	r0, #33	; 0x21
2000082e:	54a3      	strb	r3, [r4, r2]
20000830:	30ff      	adds	r0, #255	; 0xff
20000832:	f000 fa4f 	bl	20000cd4 <hw_endpoint_start_next_buffer>
20000836:	e68f      	b.n	20000558 <dcd_rp2040_irq+0x60>
20000838:	50110000 	.word	0x50110000
2000083c:	40054000 	.word	0x40054000
20000840:	20001cdc 	.word	0x20001cdc
20000844:	20001cd4 	.word	0x20001cd4
20000848:	0000023b 	.word	0x0000023b
2000084c:	0000027b 	.word	0x0000027b
20000850:	000002bb 	.word	0x000002bb
20000854:	000002fb 	.word	0x000002fb
20000858:	0000033b 	.word	0x0000033b
2000085c:	0000037b 	.word	0x0000037b
20000860:	000003bb 	.word	0x000003bb
20000864:	000003fb 	.word	0x000003fb
20000868:	20002136 	.word	0x20002136
2000086c:	50113000 	.word	0x50113000
20000870:	00020010 	.word	0x00020010
20000874:	50112000 	.word	0x50112000
20000878:	50100000 	.word	0x50100000
2000087c:	33f8      	adds	r3, #248	; 0xf8
2000087e:	5ce3      	ldrb	r3, [r4, r3]
20000880:	2b00      	cmp	r3, #0
20000882:	d100      	bne.n	20000886 <dcd_rp2040_irq+0x38e>
20000884:	e662      	b.n	2000054c <dcd_rp2040_irq+0x54>
20000886:	22fc      	movs	r2, #252	; 0xfc
20000888:	5ca1      	ldrb	r1, [r4, r2]
2000088a:	001e      	movs	r6, r3
2000088c:	2900      	cmp	r1, #0
2000088e:	d100      	bne.n	20000892 <dcd_rp2040_irq+0x39a>
20000890:	e65c      	b.n	2000054c <dcd_rp2040_irq+0x54>
20000892:	2300      	movs	r3, #0
20000894:	0020      	movs	r0, r4
20000896:	54a3      	strb	r3, [r4, r2]
20000898:	30e0      	adds	r0, #224	; 0xe0
2000089a:	f000 fa1b 	bl	20000cd4 <hw_endpoint_start_next_buffer>
2000089e:	e655      	b.n	2000054c <dcd_rp2040_irq+0x54>
200008a0:	4b60      	ldr	r3, [pc, #384]	; (20000a24 <dcd_rp2040_irq+0x52c>)
200008a2:	5ce3      	ldrb	r3, [r4, r3]
200008a4:	2b00      	cmp	r3, #0
200008a6:	d100      	bne.n	200008aa <dcd_rp2040_irq+0x3b2>
200008a8:	e68b      	b.n	200005c2 <dcd_rp2040_irq+0xca>
200008aa:	23ef      	movs	r3, #239	; 0xef
200008ac:	009b      	lsls	r3, r3, #2
200008ae:	5ce2      	ldrb	r2, [r4, r3]
200008b0:	2a00      	cmp	r2, #0
200008b2:	d000      	beq.n	200008b6 <dcd_rp2040_irq+0x3be>
200008b4:	e0a9      	b.n	20000a0a <dcd_rp2040_irq+0x512>
200008b6:	4b5c      	ldr	r3, [pc, #368]	; (20000a28 <dcd_rp2040_irq+0x530>)
200008b8:	5ce3      	ldrb	r3, [r4, r3]
200008ba:	2b02      	cmp	r3, #2
200008bc:	d000      	beq.n	200008c0 <dcd_rp2040_irq+0x3c8>
200008be:	e690      	b.n	200005e2 <dcd_rp2040_irq+0xea>
200008c0:	4b5a      	ldr	r3, [pc, #360]	; (20000a2c <dcd_rp2040_irq+0x534>)
200008c2:	5ce3      	ldrb	r3, [r4, r3]
200008c4:	2b00      	cmp	r3, #0
200008c6:	d000      	beq.n	200008ca <dcd_rp2040_irq+0x3d2>
200008c8:	e092      	b.n	200009f0 <dcd_rp2040_irq+0x4f8>
200008ca:	e68a      	b.n	200005e2 <dcd_rp2040_irq+0xea>
200008cc:	4b58      	ldr	r3, [pc, #352]	; (20000a30 <dcd_rp2040_irq+0x538>)
200008ce:	5ce3      	ldrb	r3, [r4, r3]
200008d0:	2b00      	cmp	r3, #0
200008d2:	d100      	bne.n	200008d6 <dcd_rp2040_irq+0x3de>
200008d4:	e670      	b.n	200005b8 <dcd_rp2040_irq+0xc0>
200008d6:	22df      	movs	r2, #223	; 0xdf
200008d8:	0092      	lsls	r2, r2, #2
200008da:	5ca1      	ldrb	r1, [r4, r2]
200008dc:	001e      	movs	r6, r3
200008de:	2900      	cmp	r1, #0
200008e0:	d100      	bne.n	200008e4 <dcd_rp2040_irq+0x3ec>
200008e2:	e669      	b.n	200005b8 <dcd_rp2040_irq+0xc0>
200008e4:	2300      	movs	r3, #0
200008e6:	54a3      	strb	r3, [r4, r2]
200008e8:	23d8      	movs	r3, #216	; 0xd8
200008ea:	009b      	lsls	r3, r3, #2
200008ec:	18e0      	adds	r0, r4, r3
200008ee:	f000 f9f1 	bl	20000cd4 <hw_endpoint_start_next_buffer>
200008f2:	e661      	b.n	200005b8 <dcd_rp2040_irq+0xc0>
200008f4:	4b4f      	ldr	r3, [pc, #316]	; (20000a34 <dcd_rp2040_irq+0x53c>)
200008f6:	5ce3      	ldrb	r3, [r4, r3]
200008f8:	2b00      	cmp	r3, #0
200008fa:	d100      	bne.n	200008fe <dcd_rp2040_irq+0x406>
200008fc:	e657      	b.n	200005ae <dcd_rp2040_irq+0xb6>
200008fe:	22cf      	movs	r2, #207	; 0xcf
20000900:	0092      	lsls	r2, r2, #2
20000902:	5ca1      	ldrb	r1, [r4, r2]
20000904:	001e      	movs	r6, r3
20000906:	2900      	cmp	r1, #0
20000908:	d100      	bne.n	2000090c <dcd_rp2040_irq+0x414>
2000090a:	e650      	b.n	200005ae <dcd_rp2040_irq+0xb6>
2000090c:	2300      	movs	r3, #0
2000090e:	54a3      	strb	r3, [r4, r2]
20000910:	23c8      	movs	r3, #200	; 0xc8
20000912:	009b      	lsls	r3, r3, #2
20000914:	18e0      	adds	r0, r4, r3
20000916:	f000 f9dd 	bl	20000cd4 <hw_endpoint_start_next_buffer>
2000091a:	e648      	b.n	200005ae <dcd_rp2040_irq+0xb6>
2000091c:	4b46      	ldr	r3, [pc, #280]	; (20000a38 <dcd_rp2040_irq+0x540>)
2000091e:	5ce3      	ldrb	r3, [r4, r3]
20000920:	2b00      	cmp	r3, #0
20000922:	d100      	bne.n	20000926 <dcd_rp2040_irq+0x42e>
20000924:	e63e      	b.n	200005a4 <dcd_rp2040_irq+0xac>
20000926:	22bf      	movs	r2, #191	; 0xbf
20000928:	0092      	lsls	r2, r2, #2
2000092a:	5ca1      	ldrb	r1, [r4, r2]
2000092c:	001e      	movs	r6, r3
2000092e:	2900      	cmp	r1, #0
20000930:	d100      	bne.n	20000934 <dcd_rp2040_irq+0x43c>
20000932:	e637      	b.n	200005a4 <dcd_rp2040_irq+0xac>
20000934:	2300      	movs	r3, #0
20000936:	54a3      	strb	r3, [r4, r2]
20000938:	23b8      	movs	r3, #184	; 0xb8
2000093a:	009b      	lsls	r3, r3, #2
2000093c:	18e0      	adds	r0, r4, r3
2000093e:	f000 f9c9 	bl	20000cd4 <hw_endpoint_start_next_buffer>
20000942:	e62f      	b.n	200005a4 <dcd_rp2040_irq+0xac>
20000944:	4b3d      	ldr	r3, [pc, #244]	; (20000a3c <dcd_rp2040_irq+0x544>)
20000946:	5ce3      	ldrb	r3, [r4, r3]
20000948:	2b00      	cmp	r3, #0
2000094a:	d100      	bne.n	2000094e <dcd_rp2040_irq+0x456>
2000094c:	e625      	b.n	2000059a <dcd_rp2040_irq+0xa2>
2000094e:	22af      	movs	r2, #175	; 0xaf
20000950:	0092      	lsls	r2, r2, #2
20000952:	5ca1      	ldrb	r1, [r4, r2]
20000954:	001e      	movs	r6, r3
20000956:	2900      	cmp	r1, #0
20000958:	d100      	bne.n	2000095c <dcd_rp2040_irq+0x464>
2000095a:	e61e      	b.n	2000059a <dcd_rp2040_irq+0xa2>
2000095c:	2300      	movs	r3, #0
2000095e:	54a3      	strb	r3, [r4, r2]
20000960:	23a8      	movs	r3, #168	; 0xa8
20000962:	009b      	lsls	r3, r3, #2
20000964:	18e0      	adds	r0, r4, r3
20000966:	f000 f9b5 	bl	20000cd4 <hw_endpoint_start_next_buffer>
2000096a:	e616      	b.n	2000059a <dcd_rp2040_irq+0xa2>
2000096c:	4b34      	ldr	r3, [pc, #208]	; (20000a40 <dcd_rp2040_irq+0x548>)
2000096e:	5ce3      	ldrb	r3, [r4, r3]
20000970:	2b00      	cmp	r3, #0
20000972:	d100      	bne.n	20000976 <dcd_rp2040_irq+0x47e>
20000974:	e60c      	b.n	20000590 <dcd_rp2040_irq+0x98>
20000976:	229f      	movs	r2, #159	; 0x9f
20000978:	0092      	lsls	r2, r2, #2
2000097a:	5ca1      	ldrb	r1, [r4, r2]
2000097c:	001e      	movs	r6, r3
2000097e:	2900      	cmp	r1, #0
20000980:	d100      	bne.n	20000984 <dcd_rp2040_irq+0x48c>
20000982:	e605      	b.n	20000590 <dcd_rp2040_irq+0x98>
20000984:	2300      	movs	r3, #0
20000986:	54a3      	strb	r3, [r4, r2]
20000988:	2398      	movs	r3, #152	; 0x98
2000098a:	009b      	lsls	r3, r3, #2
2000098c:	18e0      	adds	r0, r4, r3
2000098e:	f000 f9a1 	bl	20000cd4 <hw_endpoint_start_next_buffer>
20000992:	e5fd      	b.n	20000590 <dcd_rp2040_irq+0x98>
20000994:	4b2b      	ldr	r3, [pc, #172]	; (20000a44 <dcd_rp2040_irq+0x54c>)
20000996:	5ce3      	ldrb	r3, [r4, r3]
20000998:	2b00      	cmp	r3, #0
2000099a:	d100      	bne.n	2000099e <dcd_rp2040_irq+0x4a6>
2000099c:	e5f3      	b.n	20000586 <dcd_rp2040_irq+0x8e>
2000099e:	228f      	movs	r2, #143	; 0x8f
200009a0:	0092      	lsls	r2, r2, #2
200009a2:	5ca1      	ldrb	r1, [r4, r2]
200009a4:	001e      	movs	r6, r3
200009a6:	2900      	cmp	r1, #0
200009a8:	d100      	bne.n	200009ac <dcd_rp2040_irq+0x4b4>
200009aa:	e5ec      	b.n	20000586 <dcd_rp2040_irq+0x8e>
200009ac:	2300      	movs	r3, #0
200009ae:	54a3      	strb	r3, [r4, r2]
200009b0:	2388      	movs	r3, #136	; 0x88
200009b2:	009b      	lsls	r3, r3, #2
200009b4:	18e0      	adds	r0, r4, r3
200009b6:	f000 f98d 	bl	20000cd4 <hw_endpoint_start_next_buffer>
200009ba:	e5e4      	b.n	20000586 <dcd_rp2040_irq+0x8e>
200009bc:	33f9      	adds	r3, #249	; 0xf9
200009be:	33ff      	adds	r3, #255	; 0xff
200009c0:	5ce3      	ldrb	r3, [r4, r3]
200009c2:	2b00      	cmp	r3, #0
200009c4:	d100      	bne.n	200009c8 <dcd_rp2040_irq+0x4d0>
200009c6:	e5d9      	b.n	2000057c <dcd_rp2040_irq+0x84>
200009c8:	22fe      	movs	r2, #254	; 0xfe
200009ca:	0052      	lsls	r2, r2, #1
200009cc:	5ca1      	ldrb	r1, [r4, r2]
200009ce:	001e      	movs	r6, r3
200009d0:	2900      	cmp	r1, #0
200009d2:	d100      	bne.n	200009d6 <dcd_rp2040_irq+0x4de>
200009d4:	e5d2      	b.n	2000057c <dcd_rp2040_irq+0x84>
200009d6:	0020      	movs	r0, r4
200009d8:	2300      	movs	r3, #0
200009da:	30e1      	adds	r0, #225	; 0xe1
200009dc:	54a3      	strb	r3, [r4, r2]
200009de:	30ff      	adds	r0, #255	; 0xff
200009e0:	f000 f978 	bl	20000cd4 <hw_endpoint_start_next_buffer>
200009e4:	e5ca      	b.n	2000057c <dcd_rp2040_irq+0x84>
200009e6:	4b11      	ldr	r3, [pc, #68]	; (20000a2c <dcd_rp2040_irq+0x534>)
200009e8:	5ce3      	ldrb	r3, [r4, r3]
200009ea:	2b00      	cmp	r3, #0
200009ec:	d100      	bne.n	200009f0 <dcd_rp2040_irq+0x4f8>
200009ee:	e5ed      	b.n	200005cc <dcd_rp2040_irq+0xd4>
200009f0:	23ff      	movs	r3, #255	; 0xff
200009f2:	009b      	lsls	r3, r3, #2
200009f4:	5ce2      	ldrb	r2, [r4, r3]
200009f6:	2a00      	cmp	r2, #0
200009f8:	d100      	bne.n	200009fc <dcd_rp2040_irq+0x504>
200009fa:	e5f2      	b.n	200005e2 <dcd_rp2040_irq+0xea>
200009fc:	2200      	movs	r2, #0
200009fe:	54e2      	strb	r2, [r4, r3]
20000a00:	3b1c      	subs	r3, #28
20000a02:	18e0      	adds	r0, r4, r3
20000a04:	f000 f966 	bl	20000cd4 <hw_endpoint_start_next_buffer>
20000a08:	e5eb      	b.n	200005e2 <dcd_rp2040_irq+0xea>
20000a0a:	2200      	movs	r2, #0
20000a0c:	54e2      	strb	r2, [r4, r3]
20000a0e:	23e8      	movs	r3, #232	; 0xe8
20000a10:	009b      	lsls	r3, r3, #2
20000a12:	18e0      	adds	r0, r4, r3
20000a14:	f000 f95e 	bl	20000cd4 <hw_endpoint_start_next_buffer>
20000a18:	e74d      	b.n	200008b6 <dcd_rp2040_irq+0x3be>
20000a1a:	0021      	movs	r1, r4
20000a1c:	480a      	ldr	r0, [pc, #40]	; (20000a48 <dcd_rp2040_irq+0x550>)
20000a1e:	4069      	eors	r1, r5
20000a20:	f000 faca 	bl	20000fb8 <__panic_veneer>
20000a24:	000003ba 	.word	0x000003ba
20000a28:	000003fb 	.word	0x000003fb
20000a2c:	000003fa 	.word	0x000003fa
20000a30:	0000037a 	.word	0x0000037a
20000a34:	0000033a 	.word	0x0000033a
20000a38:	000002fa 	.word	0x000002fa
20000a3c:	000002ba 	.word	0x000002ba
20000a40:	0000027a 	.word	0x0000027a
20000a44:	0000023a 	.word	0x0000023a
20000a48:	1000712c 	.word	0x1000712c

20000a4c <prepare_ep_buffer>:
20000a4c:	b5f0      	push	{r4, r5, r6, r7, lr}
20000a4e:	46d6      	mov	lr, sl
20000a50:	464f      	mov	r7, r9
20000a52:	4646      	mov	r6, r8
20000a54:	0003      	movs	r3, r0
20000a56:	b5c0      	push	{r6, r7, lr}
20000a58:	8b1c      	ldrh	r4, [r3, #24]
20000a5a:	8a80      	ldrh	r0, [r0, #20]
20000a5c:	468a      	mov	sl, r1
20000a5e:	1c22      	adds	r2, r4, #0
20000a60:	4284      	cmp	r4, r0
20000a62:	d900      	bls.n	20000a66 <prepare_ep_buffer+0x1a>
20000a64:	1c02      	adds	r2, r0, #0
20000a66:	2680      	movs	r6, #128	; 0x80
20000a68:	b292      	uxth	r2, r2
20000a6a:	1a80      	subs	r0, r0, r2
20000a6c:	78dd      	ldrb	r5, [r3, #3]
20000a6e:	b284      	uxth	r4, r0
20000a70:	00f6      	lsls	r6, r6, #3
20000a72:	829c      	strh	r4, [r3, #20]
20000a74:	4316      	orrs	r6, r2
20000a76:	2d00      	cmp	r5, #0
20000a78:	d002      	beq.n	20000a80 <prepare_ep_buffer+0x34>
20000a7a:	2690      	movs	r6, #144	; 0x90
20000a7c:	01b6      	lsls	r6, r6, #6
20000a7e:	4316      	orrs	r6, r2
20000a80:	2701      	movs	r7, #1
20000a82:	407d      	eors	r5, r7
20000a84:	70dd      	strb	r5, [r3, #3]
20000a86:	785d      	ldrb	r5, [r3, #1]
20000a88:	0030      	movs	r0, r6
20000a8a:	2d00      	cmp	r5, #0
20000a8c:	d141      	bne.n	20000b12 <prepare_ep_buffer+0xc6>
20000a8e:	4651      	mov	r1, sl
20000a90:	0188      	lsls	r0, r1, #6
20000a92:	68d9      	ldr	r1, [r3, #12]
20000a94:	691f      	ldr	r7, [r3, #16]
20000a96:	468c      	mov	ip, r1
20000a98:	1e51      	subs	r1, r2, #1
20000a9a:	4688      	mov	r8, r1
20000a9c:	4484      	add	ip, r0
20000a9e:	2a00      	cmp	r2, #0
20000aa0:	d032      	beq.n	20000b08 <prepare_ep_buffer+0xbc>
20000aa2:	4661      	mov	r1, ip
20000aa4:	2002      	movs	r0, #2
20000aa6:	1c7c      	adds	r4, r7, #1
20000aa8:	1b0c      	subs	r4, r1, r4
20000aaa:	42a0      	cmp	r0, r4
20000aac:	4180      	sbcs	r0, r0
20000aae:	2408      	movs	r4, #8
20000ab0:	4544      	cmp	r4, r8
20000ab2:	41a4      	sbcs	r4, r4
20000ab4:	4240      	negs	r0, r0
20000ab6:	4264      	negs	r4, r4
20000ab8:	4204      	tst	r4, r0
20000aba:	d038      	beq.n	20000b2e <prepare_ep_buffer+0xe2>
20000abc:	4660      	mov	r0, ip
20000abe:	4338      	orrs	r0, r7
20000ac0:	0781      	lsls	r1, r0, #30
20000ac2:	d134      	bne.n	20000b2e <prepare_ep_buffer+0xe2>
20000ac4:	1f15      	subs	r5, r2, #4
20000ac6:	08ad      	lsrs	r5, r5, #2
20000ac8:	1c69      	adds	r1, r5, #1
20000aca:	4689      	mov	r9, r1
20000acc:	2000      	movs	r0, #0
20000ace:	2400      	movs	r4, #0
20000ad0:	4661      	mov	r1, ip
20000ad2:	583d      	ldr	r5, [r7, r0]
20000ad4:	3401      	adds	r4, #1
20000ad6:	500d      	str	r5, [r1, r0]
20000ad8:	3004      	adds	r0, #4
20000ada:	45a1      	cmp	r9, r4
20000adc:	d8f8      	bhi.n	20000ad0 <prepare_ep_buffer+0x84>
20000ade:	4649      	mov	r1, r9
20000ae0:	008d      	lsls	r5, r1, #2
20000ae2:	4661      	mov	r1, ip
20000ae4:	194c      	adds	r4, r1, r5
20000ae6:	4641      	mov	r1, r8
20000ae8:	197f      	adds	r7, r7, r5
20000aea:	1b48      	subs	r0, r1, r5
20000aec:	42aa      	cmp	r2, r5
20000aee:	d009      	beq.n	20000b04 <prepare_ep_buffer+0xb8>
20000af0:	783d      	ldrb	r5, [r7, #0]
20000af2:	7025      	strb	r5, [r4, #0]
20000af4:	2800      	cmp	r0, #0
20000af6:	d005      	beq.n	20000b04 <prepare_ep_buffer+0xb8>
20000af8:	787d      	ldrb	r5, [r7, #1]
20000afa:	7065      	strb	r5, [r4, #1]
20000afc:	2801      	cmp	r0, #1
20000afe:	d001      	beq.n	20000b04 <prepare_ep_buffer+0xb8>
20000b00:	78b8      	ldrb	r0, [r7, #2]
20000b02:	70a0      	strb	r0, [r4, #2]
20000b04:	691f      	ldr	r7, [r3, #16]
20000b06:	8a9c      	ldrh	r4, [r3, #20]
20000b08:	2080      	movs	r0, #128	; 0x80
20000b0a:	18ba      	adds	r2, r7, r2
20000b0c:	0200      	lsls	r0, r0, #8
20000b0e:	611a      	str	r2, [r3, #16]
20000b10:	4330      	orrs	r0, r6
20000b12:	2c00      	cmp	r4, #0
20000b14:	d102      	bne.n	20000b1c <prepare_ep_buffer+0xd0>
20000b16:	2380      	movs	r3, #128	; 0x80
20000b18:	01db      	lsls	r3, r3, #7
20000b1a:	4318      	orrs	r0, r3
20000b1c:	4653      	mov	r3, sl
20000b1e:	2b00      	cmp	r3, #0
20000b20:	d000      	beq.n	20000b24 <prepare_ep_buffer+0xd8>
20000b22:	0400      	lsls	r0, r0, #16
20000b24:	bce0      	pop	{r5, r6, r7}
20000b26:	46ba      	mov	sl, r7
20000b28:	46b1      	mov	r9, r6
20000b2a:	46a8      	mov	r8, r5
20000b2c:	bdf0      	pop	{r4, r5, r6, r7, pc}
20000b2e:	2000      	movs	r0, #0
20000b30:	4661      	mov	r1, ip
20000b32:	5c3c      	ldrb	r4, [r7, r0]
20000b34:	540c      	strb	r4, [r1, r0]
20000b36:	3001      	adds	r0, #1
20000b38:	4282      	cmp	r2, r0
20000b3a:	d1f9      	bne.n	20000b30 <prepare_ep_buffer+0xe4>
20000b3c:	e7e2      	b.n	20000b04 <prepare_ep_buffer+0xb8>
20000b3e:	46c0      	nop			; (mov r8, r8)

20000b40 <sync_ep_buffer>:
20000b40:	6882      	ldr	r2, [r0, #8]
20000b42:	0003      	movs	r3, r0
20000b44:	b5f0      	push	{r4, r5, r6, r7, lr}
20000b46:	6810      	ldr	r0, [r2, #0]
20000b48:	2900      	cmp	r1, #0
20000b4a:	d000      	beq.n	20000b4e <sync_ep_buffer+0xe>
20000b4c:	0c00      	lsrs	r0, r0, #16
20000b4e:	785a      	ldrb	r2, [r3, #1]
20000b50:	0580      	lsls	r0, r0, #22
20000b52:	0d80      	lsrs	r0, r0, #22
20000b54:	2a00      	cmp	r2, #0
20000b56:	d108      	bne.n	20000b6a <sync_ep_buffer+0x2a>
20000b58:	8ada      	ldrh	r2, [r3, #22]
20000b5a:	1882      	adds	r2, r0, r2
20000b5c:	82da      	strh	r2, [r3, #22]
20000b5e:	8b1a      	ldrh	r2, [r3, #24]
20000b60:	4282      	cmp	r2, r0
20000b62:	d901      	bls.n	20000b68 <sync_ep_buffer+0x28>
20000b64:	2200      	movs	r2, #0
20000b66:	829a      	strh	r2, [r3, #20]
20000b68:	bdf0      	pop	{r4, r5, r6, r7, pc}
20000b6a:	68da      	ldr	r2, [r3, #12]
20000b6c:	0189      	lsls	r1, r1, #6
20000b6e:	1e45      	subs	r5, r0, #1
20000b70:	46ac      	mov	ip, r5
20000b72:	691c      	ldr	r4, [r3, #16]
20000b74:	1856      	adds	r6, r2, r1
20000b76:	2800      	cmp	r0, #0
20000b78:	d02e      	beq.n	20000bd8 <sync_ep_buffer+0x98>
20000b7a:	3101      	adds	r1, #1
20000b7c:	1851      	adds	r1, r2, r1
20000b7e:	0025      	movs	r5, r4
20000b80:	2202      	movs	r2, #2
20000b82:	1a61      	subs	r1, r4, r1
20000b84:	428a      	cmp	r2, r1
20000b86:	4189      	sbcs	r1, r1
20000b88:	4335      	orrs	r5, r6
20000b8a:	3201      	adds	r2, #1
20000b8c:	402a      	ands	r2, r5
20000b8e:	4255      	negs	r5, r2
20000b90:	416a      	adcs	r2, r5
20000b92:	4249      	negs	r1, r1
20000b94:	420a      	tst	r2, r1
20000b96:	d025      	beq.n	20000be4 <sync_ep_buffer+0xa4>
20000b98:	4662      	mov	r2, ip
20000b9a:	2a08      	cmp	r2, #8
20000b9c:	d922      	bls.n	20000be4 <sync_ep_buffer+0xa4>
20000b9e:	2200      	movs	r2, #0
20000ba0:	2100      	movs	r1, #0
20000ba2:	1f05      	subs	r5, r0, #4
20000ba4:	08ad      	lsrs	r5, r5, #2
20000ba6:	3501      	adds	r5, #1
20000ba8:	58b7      	ldr	r7, [r6, r2]
20000baa:	3101      	adds	r1, #1
20000bac:	50a7      	str	r7, [r4, r2]
20000bae:	3204      	adds	r2, #4
20000bb0:	428d      	cmp	r5, r1
20000bb2:	d8f9      	bhi.n	20000ba8 <sync_ep_buffer+0x68>
20000bb4:	4662      	mov	r2, ip
20000bb6:	00ad      	lsls	r5, r5, #2
20000bb8:	1976      	adds	r6, r6, r5
20000bba:	1964      	adds	r4, r4, r5
20000bbc:	1b57      	subs	r7, r2, r5
20000bbe:	42a8      	cmp	r0, r5
20000bc0:	d009      	beq.n	20000bd6 <sync_ep_buffer+0x96>
20000bc2:	7832      	ldrb	r2, [r6, #0]
20000bc4:	7022      	strb	r2, [r4, #0]
20000bc6:	2f00      	cmp	r7, #0
20000bc8:	d005      	beq.n	20000bd6 <sync_ep_buffer+0x96>
20000bca:	7872      	ldrb	r2, [r6, #1]
20000bcc:	7062      	strb	r2, [r4, #1]
20000bce:	2f01      	cmp	r7, #1
20000bd0:	d001      	beq.n	20000bd6 <sync_ep_buffer+0x96>
20000bd2:	78b2      	ldrb	r2, [r6, #2]
20000bd4:	70a2      	strb	r2, [r4, #2]
20000bd6:	691c      	ldr	r4, [r3, #16]
20000bd8:	8ada      	ldrh	r2, [r3, #22]
20000bda:	1824      	adds	r4, r4, r0
20000bdc:	1882      	adds	r2, r0, r2
20000bde:	82da      	strh	r2, [r3, #22]
20000be0:	611c      	str	r4, [r3, #16]
20000be2:	e7bc      	b.n	20000b5e <sync_ep_buffer+0x1e>
20000be4:	2200      	movs	r2, #0
20000be6:	5cb1      	ldrb	r1, [r6, r2]
20000be8:	54a1      	strb	r1, [r4, r2]
20000bea:	3201      	adds	r2, #1
20000bec:	4290      	cmp	r0, r2
20000bee:	d1fa      	bne.n	20000be6 <sync_ep_buffer+0xa6>
20000bf0:	691c      	ldr	r4, [r3, #16]
20000bf2:	e7f1      	b.n	20000bd8 <sync_ep_buffer+0x98>

20000bf4 <_hw_endpoint_xfer_sync>:
20000bf4:	b510      	push	{r4, lr}
20000bf6:	0004      	movs	r4, r0
20000bf8:	6883      	ldr	r3, [r0, #8]
20000bfa:	2100      	movs	r1, #0
20000bfc:	681b      	ldr	r3, [r3, #0]
20000bfe:	f7ff ff9f 	bl	20000b40 <sync_ep_buffer>
20000c02:	6863      	ldr	r3, [r4, #4]
20000c04:	681b      	ldr	r3, [r3, #0]
20000c06:	005b      	lsls	r3, r3, #1
20000c08:	d502      	bpl.n	20000c10 <_hw_endpoint_xfer_sync+0x1c>
20000c0a:	8b23      	ldrh	r3, [r4, #24]
20000c0c:	4283      	cmp	r3, r0
20000c0e:	d000      	beq.n	20000c12 <_hw_endpoint_xfer_sync+0x1e>
20000c10:	bd10      	pop	{r4, pc}
20000c12:	2101      	movs	r1, #1
20000c14:	0020      	movs	r0, r4
20000c16:	f7ff ff93 	bl	20000b40 <sync_ep_buffer>
20000c1a:	e7f9      	b.n	20000c10 <_hw_endpoint_xfer_sync+0x1c>

20000c1c <e15_is_bulkin_ep>:
20000c1c:	4a08      	ldr	r2, [pc, #32]	; (20000c40 <e15_is_bulkin_ep+0x24>)
20000c1e:	0003      	movs	r3, r0
20000c20:	6c12      	ldr	r2, [r2, #64]	; 0x40
20000c22:	2000      	movs	r0, #0
20000c24:	0792      	lsls	r2, r2, #30
20000c26:	d403      	bmi.n	20000c30 <e15_is_bulkin_ep+0x14>
20000c28:	789a      	ldrb	r2, [r3, #2]
20000c2a:	09d2      	lsrs	r2, r2, #7
20000c2c:	2a01      	cmp	r2, #1
20000c2e:	d000      	beq.n	20000c32 <e15_is_bulkin_ep+0x16>
20000c30:	4770      	bx	lr
20000c32:	7ed8      	ldrb	r0, [r3, #27]
20000c34:	3802      	subs	r0, #2
20000c36:	4243      	negs	r3, r0
20000c38:	4158      	adcs	r0, r3
20000c3a:	b2c0      	uxtb	r0, r0
20000c3c:	e7f8      	b.n	20000c30 <e15_is_bulkin_ep+0x14>
20000c3e:	46c0      	nop			; (mov r8, r8)
20000c40:	50110000 	.word	0x50110000

20000c44 <e15_is_critical_frame_period>:
20000c44:	b510      	push	{r4, lr}
20000c46:	f7ff ffe9 	bl	20000c1c <e15_is_bulkin_ep>
20000c4a:	2800      	cmp	r0, #0
20000c4c:	d00c      	beq.n	20000c68 <e15_is_critical_frame_period+0x24>
20000c4e:	4907      	ldr	r1, [pc, #28]	; (20000c6c <e15_is_critical_frame_period+0x28>)
20000c50:	4b07      	ldr	r3, [pc, #28]	; (20000c70 <e15_is_critical_frame_period+0x2c>)
20000c52:	468c      	mov	ip, r1
20000c54:	4a07      	ldr	r2, [pc, #28]	; (20000c74 <e15_is_critical_frame_period+0x30>)
20000c56:	6a9b      	ldr	r3, [r3, #40]	; 0x28
20000c58:	6812      	ldr	r2, [r2, #0]
20000c5a:	4463      	add	r3, ip
20000c5c:	1a9b      	subs	r3, r3, r2
20000c5e:	2000      	movs	r0, #0
20000c60:	22c6      	movs	r2, #198	; 0xc6
20000c62:	429a      	cmp	r2, r3
20000c64:	4140      	adcs	r0, r0
20000c66:	b2c0      	uxtb	r0, r0
20000c68:	bd10      	pop	{r4, pc}
20000c6a:	46c0      	nop			; (mov r8, r8)
20000c6c:	fffffce0 	.word	0xfffffce0
20000c70:	40054000 	.word	0x40054000
20000c74:	20001cd4 	.word	0x20001cd4

20000c78 <hw_endpoint_reset_transfer>:
20000c78:	2300      	movs	r3, #0
20000c7a:	7683      	strb	r3, [r0, #26]
20000c7c:	6143      	str	r3, [r0, #20]
20000c7e:	6103      	str	r3, [r0, #16]
20000c80:	4770      	bx	lr
20000c82:	46c0      	nop			; (mov r8, r8)

20000c84 <_hw_endpoint_buffer_control_update32>:
20000c84:	b510      	push	{r4, lr}
20000c86:	6883      	ldr	r3, [r0, #8]
20000c88:	2900      	cmp	r1, #0
20000c8a:	d001      	beq.n	20000c90 <_hw_endpoint_buffer_control_update32+0xc>
20000c8c:	681c      	ldr	r4, [r3, #0]
20000c8e:	4021      	ands	r1, r4
20000c90:	2a00      	cmp	r2, #0
20000c92:	d012      	beq.n	20000cba <_hw_endpoint_buffer_control_update32+0x36>
20000c94:	2480      	movs	r4, #128	; 0x80
20000c96:	00e4      	lsls	r4, r4, #3
20000c98:	4311      	orrs	r1, r2
20000c9a:	4222      	tst	r2, r4
20000c9c:	d00d      	beq.n	20000cba <_hw_endpoint_buffer_control_update32+0x36>
20000c9e:	681a      	ldr	r2, [r3, #0]
20000ca0:	4222      	tst	r2, r4
20000ca2:	d10c      	bne.n	20000cbe <_hw_endpoint_buffer_control_update32+0x3a>
20000ca4:	4a08      	ldr	r2, [pc, #32]	; (20000cc8 <_hw_endpoint_buffer_control_update32+0x44>)
20000ca6:	400a      	ands	r2, r1
20000ca8:	601a      	str	r2, [r3, #0]
20000caa:	4a08      	ldr	r2, [pc, #32]	; (20000ccc <_hw_endpoint_buffer_control_update32+0x48>)
20000cac:	6c12      	ldr	r2, [r2, #64]	; 0x40
20000cae:	0792      	lsls	r2, r2, #30
20000cb0:	d403      	bmi.n	20000cba <_hw_endpoint_buffer_control_update32+0x36>
20000cb2:	230c      	movs	r3, #12
20000cb4:	3b03      	subs	r3, #3
20000cb6:	d2fd      	bcs.n	20000cb4 <_hw_endpoint_buffer_control_update32+0x30>
20000cb8:	6883      	ldr	r3, [r0, #8]
20000cba:	6019      	str	r1, [r3, #0]
20000cbc:	bd10      	pop	{r4, pc}
20000cbe:	7881      	ldrb	r1, [r0, #2]
20000cc0:	4803      	ldr	r0, [pc, #12]	; (20000cd0 <_hw_endpoint_buffer_control_update32+0x4c>)
20000cc2:	f000 f979 	bl	20000fb8 <__panic_veneer>
20000cc6:	46c0      	nop			; (mov r8, r8)
20000cc8:	fffffbff 	.word	0xfffffbff
20000ccc:	50110000 	.word	0x50110000
20000cd0:	10007140 	.word	0x10007140

20000cd4 <hw_endpoint_start_next_buffer>:
20000cd4:	6843      	ldr	r3, [r0, #4]
20000cd6:	b570      	push	{r4, r5, r6, lr}
20000cd8:	2100      	movs	r1, #0
20000cda:	2580      	movs	r5, #128	; 0x80
20000cdc:	681e      	ldr	r6, [r3, #0]
20000cde:	0004      	movs	r4, r0
20000ce0:	f7ff feb4 	bl	20000a4c <prepare_ep_buffer>
20000ce4:	4b13      	ldr	r3, [pc, #76]	; (20000d34 <hw_endpoint_start_next_buffer+0x60>)
20000ce6:	016d      	lsls	r5, r5, #5
20000ce8:	6c1b      	ldr	r3, [r3, #64]	; 0x40
20000cea:	4305      	orrs	r5, r0
20000cec:	079b      	lsls	r3, r3, #30
20000cee:	d50f      	bpl.n	20000d10 <hw_endpoint_start_next_buffer+0x3c>
20000cf0:	78a3      	ldrb	r3, [r4, #2]
20000cf2:	065b      	lsls	r3, r3, #25
20000cf4:	d00f      	beq.n	20000d16 <hw_endpoint_start_next_buffer+0x42>
20000cf6:	4b10      	ldr	r3, [pc, #64]	; (20000d38 <hw_endpoint_start_next_buffer+0x64>)
20000cf8:	401e      	ands	r6, r3
20000cfa:	2380      	movs	r3, #128	; 0x80
20000cfc:	059b      	lsls	r3, r3, #22
20000cfe:	4333      	orrs	r3, r6
20000d00:	6862      	ldr	r2, [r4, #4]
20000d02:	2100      	movs	r1, #0
20000d04:	6013      	str	r3, [r2, #0]
20000d06:	0020      	movs	r0, r4
20000d08:	002a      	movs	r2, r5
20000d0a:	f7ff ffbb 	bl	20000c84 <_hw_endpoint_buffer_control_update32>
20000d0e:	bd70      	pop	{r4, r5, r6, pc}
20000d10:	78a3      	ldrb	r3, [r4, #2]
20000d12:	09db      	lsrs	r3, r3, #7
20000d14:	d0ef      	beq.n	20000cf6 <hw_endpoint_start_next_buffer+0x22>
20000d16:	8aa3      	ldrh	r3, [r4, #20]
20000d18:	2b00      	cmp	r3, #0
20000d1a:	d0ec      	beq.n	20000cf6 <hw_endpoint_start_next_buffer+0x22>
20000d1c:	2101      	movs	r1, #1
20000d1e:	0020      	movs	r0, r4
20000d20:	f7ff fe94 	bl	20000a4c <prepare_ep_buffer>
20000d24:	23a0      	movs	r3, #160	; 0xa0
20000d26:	4a05      	ldr	r2, [pc, #20]	; (20000d3c <hw_endpoint_start_next_buffer+0x68>)
20000d28:	05db      	lsls	r3, r3, #23
20000d2a:	4032      	ands	r2, r6
20000d2c:	4305      	orrs	r5, r0
20000d2e:	4313      	orrs	r3, r2
20000d30:	e7e6      	b.n	20000d00 <hw_endpoint_start_next_buffer+0x2c>
20000d32:	46c0      	nop			; (mov r8, r8)
20000d34:	50110000 	.word	0x50110000
20000d38:	afffffff 	.word	0xafffffff
20000d3c:	dfffffff 	.word	0xdfffffff

20000d40 <hw_endpoint_xfer_continue>:
20000d40:	b570      	push	{r4, r5, r6, lr}
20000d42:	7e85      	ldrb	r5, [r0, #26]
20000d44:	0004      	movs	r4, r0
20000d46:	2d00      	cmp	r5, #0
20000d48:	d013      	beq.n	20000d72 <hw_endpoint_xfer_continue+0x32>
20000d4a:	f7ff ff53 	bl	20000bf4 <_hw_endpoint_xfer_sync>
20000d4e:	8aa3      	ldrh	r3, [r4, #20]
20000d50:	2b00      	cmp	r3, #0
20000d52:	d101      	bne.n	20000d58 <hw_endpoint_xfer_continue+0x18>
20000d54:	0028      	movs	r0, r5
20000d56:	bd70      	pop	{r4, r5, r6, pc}
20000d58:	0020      	movs	r0, r4
20000d5a:	f7ff ff73 	bl	20000c44 <e15_is_critical_frame_period>
20000d5e:	1e05      	subs	r5, r0, #0
20000d60:	d003      	beq.n	20000d6a <hw_endpoint_xfer_continue+0x2a>
20000d62:	2301      	movs	r3, #1
20000d64:	2500      	movs	r5, #0
20000d66:	7723      	strb	r3, [r4, #28]
20000d68:	e7f4      	b.n	20000d54 <hw_endpoint_xfer_continue+0x14>
20000d6a:	0020      	movs	r0, r4
20000d6c:	f7ff ffb2 	bl	20000cd4 <hw_endpoint_start_next_buffer>
20000d70:	e7f0      	b.n	20000d54 <hw_endpoint_xfer_continue+0x14>
20000d72:	7881      	ldrb	r1, [r0, #2]
20000d74:	4801      	ldr	r0, [pc, #4]	; (20000d7c <hw_endpoint_xfer_continue+0x3c>)
20000d76:	f000 f91f 	bl	20000fb8 <__panic_veneer>
20000d7a:	46c0      	nop			; (mov r8, r8)
20000d7c:	10007160 	.word	0x10007160

20000d80 <dcd_event_handler>:
20000d80:	b5f0      	push	{r4, r5, r6, r7, lr}
20000d82:	46ce      	mov	lr, r9
20000d84:	4647      	mov	r7, r8
20000d86:	b580      	push	{r7, lr}
20000d88:	7843      	ldrb	r3, [r0, #1]
20000d8a:	0005      	movs	r5, r0
20000d8c:	000e      	movs	r6, r1
20000d8e:	b085      	sub	sp, #20
20000d90:	2b06      	cmp	r3, #6
20000d92:	d812      	bhi.n	20000dba <dcd_event_handler+0x3a>
20000d94:	4a6f      	ldr	r2, [pc, #444]	; (20000f54 <dcd_event_handler+0x1d4>)
20000d96:	009b      	lsls	r3, r3, #2
20000d98:	58d3      	ldr	r3, [r2, r3]
20000d9a:	469f      	mov	pc, r3
20000d9c:	2101      	movs	r1, #1
20000d9e:	4b6e      	ldr	r3, [pc, #440]	; (20000f58 <dcd_event_handler+0x1d8>)
20000da0:	781a      	ldrb	r2, [r3, #0]
20000da2:	438a      	bics	r2, r1
20000da4:	701a      	strb	r2, [r3, #0]
20000da6:	781a      	ldrb	r2, [r3, #0]
20000da8:	3101      	adds	r1, #1
20000daa:	438a      	bics	r2, r1
20000dac:	701a      	strb	r2, [r3, #0]
20000dae:	2200      	movs	r2, #0
20000db0:	705a      	strb	r2, [r3, #1]
20000db2:	781a      	ldrb	r2, [r3, #0]
20000db4:	3102      	adds	r1, #2
20000db6:	438a      	bics	r2, r1
20000db8:	701a      	strb	r2, [r3, #0]
20000dba:	4b68      	ldr	r3, [pc, #416]	; (20000f5c <dcd_event_handler+0x1dc>)
20000dbc:	681c      	ldr	r4, [r3, #0]
20000dbe:	6962      	ldr	r2, [r4, #20]
20000dc0:	f3ef 8110 	mrs	r1, PRIMASK
20000dc4:	b672      	cpsid	i
20000dc6:	6813      	ldr	r3, [r2, #0]
20000dc8:	2b00      	cmp	r3, #0
20000dca:	d0fc      	beq.n	20000dc6 <dcd_event_handler+0x46>
20000dcc:	f3bf 8f5f 	dmb	sy
20000dd0:	61a1      	str	r1, [r4, #24]
20000dd2:	0020      	movs	r0, r4
20000dd4:	0029      	movs	r1, r5
20000dd6:	f000 f8ff 	bl	20000fd8 <__tu_fifo_write_veneer>
20000dda:	6962      	ldr	r2, [r4, #20]
20000ddc:	69a3      	ldr	r3, [r4, #24]
20000dde:	f3bf 8f5f 	dmb	sy
20000de2:	2100      	movs	r1, #0
20000de4:	6011      	str	r1, [r2, #0]
20000de6:	f383 8810 	msr	PRIMASK, r3
20000dea:	2800      	cmp	r0, #0
20000dec:	d104      	bne.n	20000df8 <dcd_event_handler+0x78>
20000dee:	b005      	add	sp, #20
20000df0:	bcc0      	pop	{r6, r7}
20000df2:	46b9      	mov	r9, r7
20000df4:	46b0      	mov	r8, r6
20000df6:	bdf0      	pop	{r4, r5, r6, r7, pc}
20000df8:	0032      	movs	r2, r6
20000dfa:	7869      	ldrb	r1, [r5, #1]
20000dfc:	7828      	ldrb	r0, [r5, #0]
20000dfe:	f000 f8cb 	bl	20000f98 <__tud_event_hook_cb_veneer>
20000e02:	e7f4      	b.n	20000dee <dcd_event_handler+0x6e>
20000e04:	4a56      	ldr	r2, [pc, #344]	; (20000f60 <dcd_event_handler+0x1e0>)
20000e06:	7813      	ldrb	r3, [r2, #0]
20000e08:	3301      	adds	r3, #1
20000e0a:	b2db      	uxtb	r3, r3
20000e0c:	7013      	strb	r3, [r2, #0]
20000e0e:	e7d4      	b.n	20000dba <dcd_event_handler+0x3a>
20000e10:	4954      	ldr	r1, [pc, #336]	; (20000f64 <dcd_event_handler+0x1e4>)
20000e12:	4f55      	ldr	r7, [pc, #340]	; (20000f68 <dcd_event_handler+0x1e8>)
20000e14:	4689      	mov	r9, r1
20000e16:	4955      	ldr	r1, [pc, #340]	; (20000f6c <dcd_event_handler+0x1ec>)
20000e18:	2400      	movs	r4, #0
20000e1a:	2300      	movs	r3, #0
20000e1c:	4688      	mov	r8, r1
20000e1e:	783a      	ldrb	r2, [r7, #0]
20000e20:	e00c      	b.n	20000e3c <dcd_event_handler+0xbc>
20000e22:	4641      	mov	r1, r8
20000e24:	6809      	ldr	r1, [r1, #0]
20000e26:	0163      	lsls	r3, r4, #5
20000e28:	468c      	mov	ip, r1
20000e2a:	4463      	add	r3, ip
20000e2c:	2b00      	cmp	r3, #0
20000e2e:	d10a      	bne.n	20000e46 <dcd_event_handler+0xc6>
20000e30:	3401      	adds	r4, #1
20000e32:	b2e4      	uxtb	r4, r4
20000e34:	1c51      	adds	r1, r2, #1
20000e36:	0023      	movs	r3, r4
20000e38:	42a1      	cmp	r1, r4
20000e3a:	db11      	blt.n	20000e60 <dcd_event_handler+0xe0>
20000e3c:	4294      	cmp	r4, r2
20000e3e:	d3f0      	bcc.n	20000e22 <dcd_event_handler+0xa2>
20000e40:	1a9b      	subs	r3, r3, r2
20000e42:	015b      	lsls	r3, r3, #5
20000e44:	444b      	add	r3, r9
20000e46:	69db      	ldr	r3, [r3, #28]
20000e48:	2b00      	cmp	r3, #0
20000e4a:	d0f1      	beq.n	20000e30 <dcd_event_handler+0xb0>
20000e4c:	6869      	ldr	r1, [r5, #4]
20000e4e:	7828      	ldrb	r0, [r5, #0]
20000e50:	4798      	blx	r3
20000e52:	783a      	ldrb	r2, [r7, #0]
20000e54:	3401      	adds	r4, #1
20000e56:	b2e4      	uxtb	r4, r4
20000e58:	1c51      	adds	r1, r2, #1
20000e5a:	0023      	movs	r3, r4
20000e5c:	42a1      	cmp	r1, r4
20000e5e:	daed      	bge.n	20000e3c <dcd_event_handler+0xbc>
20000e60:	4f3d      	ldr	r7, [pc, #244]	; (20000f58 <dcd_event_handler+0x1d8>)
20000e62:	783b      	ldrb	r3, [r7, #0]
20000e64:	075b      	lsls	r3, r3, #29
20000e66:	d52a      	bpl.n	20000ebe <dcd_event_handler+0x13e>
20000e68:	2204      	movs	r2, #4
20000e6a:	783b      	ldrb	r3, [r7, #0]
20000e6c:	ac01      	add	r4, sp, #4
20000e6e:	4393      	bics	r3, r2
20000e70:	2100      	movs	r1, #0
20000e72:	0020      	movs	r0, r4
20000e74:	3208      	adds	r2, #8
20000e76:	703b      	strb	r3, [r7, #0]
20000e78:	f000 f896 	bl	20000fa8 <____wrap_memset_veneer>
20000e7c:	782b      	ldrb	r3, [r5, #0]
20000e7e:	7023      	strb	r3, [r4, #0]
20000e80:	2305      	movs	r3, #5
20000e82:	7063      	strb	r3, [r4, #1]
20000e84:	4b35      	ldr	r3, [pc, #212]	; (20000f5c <dcd_event_handler+0x1dc>)
20000e86:	681b      	ldr	r3, [r3, #0]
20000e88:	4698      	mov	r8, r3
20000e8a:	695a      	ldr	r2, [r3, #20]
20000e8c:	f3ef 8110 	mrs	r1, PRIMASK
20000e90:	b672      	cpsid	i
20000e92:	6813      	ldr	r3, [r2, #0]
20000e94:	2b00      	cmp	r3, #0
20000e96:	d0fc      	beq.n	20000e92 <dcd_event_handler+0x112>
20000e98:	f3bf 8f5f 	dmb	sy
20000e9c:	4643      	mov	r3, r8
20000e9e:	4640      	mov	r0, r8
20000ea0:	6199      	str	r1, [r3, #24]
20000ea2:	0021      	movs	r1, r4
20000ea4:	f000 f898 	bl	20000fd8 <__tu_fifo_write_veneer>
20000ea8:	4643      	mov	r3, r8
20000eaa:	695a      	ldr	r2, [r3, #20]
20000eac:	699b      	ldr	r3, [r3, #24]
20000eae:	f3bf 8f5f 	dmb	sy
20000eb2:	2100      	movs	r1, #0
20000eb4:	6011      	str	r1, [r2, #0]
20000eb6:	f383 8810 	msr	PRIMASK, r3
20000eba:	2800      	cmp	r0, #0
20000ebc:	d144      	bne.n	20000f48 <dcd_event_handler+0x1c8>
20000ebe:	78fb      	ldrb	r3, [r7, #3]
20000ec0:	07db      	lsls	r3, r3, #31
20000ec2:	d400      	bmi.n	20000ec6 <dcd_event_handler+0x146>
20000ec4:	e793      	b.n	20000dee <dcd_event_handler+0x6e>
20000ec6:	ac01      	add	r4, sp, #4
20000ec8:	220c      	movs	r2, #12
20000eca:	2100      	movs	r1, #0
20000ecc:	0020      	movs	r0, r4
20000ece:	f000 f86b 	bl	20000fa8 <____wrap_memset_veneer>
20000ed2:	782b      	ldrb	r3, [r5, #0]
20000ed4:	7023      	strb	r3, [r4, #0]
20000ed6:	2303      	movs	r3, #3
20000ed8:	7063      	strb	r3, [r4, #1]
20000eda:	686b      	ldr	r3, [r5, #4]
20000edc:	6063      	str	r3, [r4, #4]
20000ede:	4b1f      	ldr	r3, [pc, #124]	; (20000f5c <dcd_event_handler+0x1dc>)
20000ee0:	681d      	ldr	r5, [r3, #0]
20000ee2:	696a      	ldr	r2, [r5, #20]
20000ee4:	f3ef 8110 	mrs	r1, PRIMASK
20000ee8:	b672      	cpsid	i
20000eea:	6813      	ldr	r3, [r2, #0]
20000eec:	2b00      	cmp	r3, #0
20000eee:	d0fc      	beq.n	20000eea <dcd_event_handler+0x16a>
20000ef0:	f3bf 8f5f 	dmb	sy
20000ef4:	61a9      	str	r1, [r5, #24]
20000ef6:	0028      	movs	r0, r5
20000ef8:	0021      	movs	r1, r4
20000efa:	f000 f86d 	bl	20000fd8 <__tu_fifo_write_veneer>
20000efe:	696a      	ldr	r2, [r5, #20]
20000f00:	69ab      	ldr	r3, [r5, #24]
20000f02:	f3bf 8f5f 	dmb	sy
20000f06:	2100      	movs	r1, #0
20000f08:	6011      	str	r1, [r2, #0]
20000f0a:	f383 8810 	msr	PRIMASK, r3
20000f0e:	2800      	cmp	r0, #0
20000f10:	d100      	bne.n	20000f14 <dcd_event_handler+0x194>
20000f12:	e76c      	b.n	20000dee <dcd_event_handler+0x6e>
20000f14:	0032      	movs	r2, r6
20000f16:	7861      	ldrb	r1, [r4, #1]
20000f18:	7820      	ldrb	r0, [r4, #0]
20000f1a:	f000 f83d 	bl	20000f98 <__tud_event_hook_cb_veneer>
20000f1e:	e766      	b.n	20000dee <dcd_event_handler+0x6e>
20000f20:	4b0d      	ldr	r3, [pc, #52]	; (20000f58 <dcd_event_handler+0x1d8>)
20000f22:	781a      	ldrb	r2, [r3, #0]
20000f24:	07d2      	lsls	r2, r2, #31
20000f26:	d400      	bmi.n	20000f2a <dcd_event_handler+0x1aa>
20000f28:	e761      	b.n	20000dee <dcd_event_handler+0x6e>
20000f2a:	2104      	movs	r1, #4
20000f2c:	781a      	ldrb	r2, [r3, #0]
20000f2e:	430a      	orrs	r2, r1
20000f30:	701a      	strb	r2, [r3, #0]
20000f32:	e742      	b.n	20000dba <dcd_event_handler+0x3a>
20000f34:	4b08      	ldr	r3, [pc, #32]	; (20000f58 <dcd_event_handler+0x1d8>)
20000f36:	781a      	ldrb	r2, [r3, #0]
20000f38:	07d2      	lsls	r2, r2, #31
20000f3a:	d400      	bmi.n	20000f3e <dcd_event_handler+0x1be>
20000f3c:	e757      	b.n	20000dee <dcd_event_handler+0x6e>
20000f3e:	2104      	movs	r1, #4
20000f40:	781a      	ldrb	r2, [r3, #0]
20000f42:	438a      	bics	r2, r1
20000f44:	701a      	strb	r2, [r3, #0]
20000f46:	e738      	b.n	20000dba <dcd_event_handler+0x3a>
20000f48:	0032      	movs	r2, r6
20000f4a:	7861      	ldrb	r1, [r4, #1]
20000f4c:	7820      	ldrb	r0, [r4, #0]
20000f4e:	f000 f823 	bl	20000f98 <__tud_event_hook_cb_veneer>
20000f52:	e7b4      	b.n	20000ebe <dcd_event_handler+0x13e>
20000f54:	10007214 	.word	0x10007214
20000f58:	20001798 	.word	0x20001798
20000f5c:	200017f0 	.word	0x200017f0
20000f60:	20002137 	.word	0x20002137
20000f64:	10007230 	.word	0x10007230
20000f68:	20002135 	.word	0x20002135
20000f6c:	2000146c 	.word	0x2000146c

20000f70 <__aeabi_idiv0>:
20000f70:	4770      	bx	lr
20000f72:	46c0      	nop			; (mov r8, r8)
20000f74:	0000      	movs	r0, r0
	...

20000f78 <__best_effort_wfe_or_timeout_veneer>:
20000f78:	b401      	push	{r0}
20000f7a:	4802      	ldr	r0, [pc, #8]	; (20000f84 <__best_effort_wfe_or_timeout_veneer+0xc>)
20000f7c:	4684      	mov	ip, r0
20000f7e:	bc01      	pop	{r0}
20000f80:	4760      	bx	ip
20000f82:	bf00      	nop
20000f84:	1000128d 	.word	0x1000128d

20000f88 <__rp2040_chip_version_veneer>:
20000f88:	b401      	push	{r0}
20000f8a:	4802      	ldr	r0, [pc, #8]	; (20000f94 <__rp2040_chip_version_veneer+0xc>)
20000f8c:	4684      	mov	ip, r0
20000f8e:	bc01      	pop	{r0}
20000f90:	4760      	bx	ip
20000f92:	bf00      	nop
20000f94:	100005bd 	.word	0x100005bd

20000f98 <__tud_event_hook_cb_veneer>:
20000f98:	b401      	push	{r0}
20000f9a:	4802      	ldr	r0, [pc, #8]	; (20000fa4 <__tud_event_hook_cb_veneer+0xc>)
20000f9c:	4684      	mov	ip, r0
20000f9e:	bc01      	pop	{r0}
20000fa0:	4760      	bx	ip
20000fa2:	bf00      	nop
20000fa4:	10004c95 	.word	0x10004c95

20000fa8 <____wrap_memset_veneer>:
20000fa8:	b401      	push	{r0}
20000faa:	4802      	ldr	r0, [pc, #8]	; (20000fb4 <____wrap_memset_veneer+0xc>)
20000fac:	4684      	mov	ip, r0
20000fae:	bc01      	pop	{r0}
20000fb0:	4760      	bx	ip
20000fb2:	bf00      	nop
20000fb4:	100027bd 	.word	0x100027bd

20000fb8 <__panic_veneer>:
20000fb8:	b401      	push	{r0}
20000fba:	4802      	ldr	r0, [pc, #8]	; (20000fc4 <__panic_veneer+0xc>)
20000fbc:	4684      	mov	ip, r0
20000fbe:	bc01      	pop	{r0}
20000fc0:	4760      	bx	ip
20000fc2:	bf00      	nop
20000fc4:	100005c9 	.word	0x100005c9

20000fc8 <__time_us_64_veneer>:
20000fc8:	b401      	push	{r0}
20000fca:	4802      	ldr	r0, [pc, #8]	; (20000fd4 <__time_us_64_veneer+0xc>)
20000fcc:	4684      	mov	ip, r0
20000fce:	bc01      	pop	{r0}
20000fd0:	4760      	bx	ip
20000fd2:	bf00      	nop
20000fd4:	100013cd 	.word	0x100013cd

20000fd8 <__tu_fifo_write_veneer>:
20000fd8:	b401      	push	{r0}
20000fda:	4802      	ldr	r0, [pc, #8]	; (20000fe4 <__tu_fifo_write_veneer+0xc>)
20000fdc:	4684      	mov	ip, r0
20000fde:	bc01      	pop	{r0}
20000fe0:	4760      	bx	ip
20000fe2:	bf00      	nop
20000fe4:	1000651d 	.word	0x1000651d

20000fe8 <____wrap___aeabi_lmul_veneer>:
20000fe8:	b401      	push	{r0}
20000fea:	4802      	ldr	r0, [pc, #8]	; (20000ff4 <____wrap___aeabi_lmul_veneer+0xc>)
20000fec:	4684      	mov	ip, r0
20000fee:	bc01      	pop	{r0}
20000ff0:	4760      	bx	ip
20000ff2:	bf00      	nop
20000ff4:	100026a5 	.word	0x100026a5

20000ff8 <I2C_PORT>:
20000ff8:	200010b8                                ... 

20000ffc <striped_spin_lock_num>:
20000ffc:	00000010                                ....

20001000 <irq_handler_chain_slots>:
20001000:	00000000 	.word	0x00000000
20001004:	00010000 	.word	0x00010000
	...
20001010:	00020000 	.word	0x00020000
	...
2000101c:	00030000 	.word	0x00030000
	...
20001028:	00ff0000 	.word	0x00ff0000
2000102c:	00000000 	.word	0x00000000

20001030 <irq_handler_chain_first_slot>:
20001030:	b501      	push	{r0, lr}
20001032:	6848      	ldr	r0, [r1, #4]
20001034:	3101      	adds	r1, #1
20001036:	468e      	mov	lr, r1
20001038:	4700      	bx	r0

2000103a <irq_handler_chain_remove_tail>:
2000103a:	4670      	mov	r0, lr
2000103c:	3809      	subs	r0, #9
2000103e:	4901      	ldr	r1, [pc, #4]	; (20001044 <irq_handler_chain_remove_tail+0xa>)
20001040:	4788      	blx	r1
20001042:	bd01      	pop	{r0, pc}
20001044:	10000a05 	.word	0x10000a05

20001048 <default_alarm_pool>:
	...
2000105c:	200010c8                                ... 

20001060 <aeabi_bits_funcs>:
20001060:	00003350 	.word	0x00003350
20001064:	0000334c 	.word	0x0000334c
20001068:	00003354 	.word	0x00003354
2000106c:	00003352 	.word	0x00003352

20001070 <aeabi_bits_funcs_end>:
20001070:	0000534d 	.word	0x0000534d
20001074:	0000434d 	.word	0x0000434d
20001078:	00003453 	.word	0x00003453
2000107c:	00003443 	.word	0x00003443

20001080 <stdio_usb>:
20001080:	1000445d 1000440d 1000437d 100042f5     ]D...D..}C...B..
20001090:	00000000 00000100                       ........

20001098 <_usbd_qdef>:
20001098:	200017f4 000c0010 00000000 00000000     ... ............
	...

200010b4 <_usbd_rhport>:
200010b4:	000000ff                                ....

200010b8 <i2c0_inst>:
200010b8:	40044000 00000000                       .@.@....

200010c0 <print_mutex>:
	...
